{"borders":[1055.1882898526294,869.1045335111809,546.3215752614058,263.8602414891521,103.67490745746319,34.030778140039416,9.0300187565398],"perfs":[3475,3224,3104,3024,2963,2913,2870,2834,2801,2771,2745,2720,2697,2675,2655,2636,2618,2601,2585,2569,2554,2540,2526,2512,2500,2487,2475,2464,2452,2441,2431,2420,2410,2400,2391,2381,2372,2363,2354,2346,2338,2329,2321,2313,2306,2298,2291,2283,2276,2269,2262,2255,2249,2242,2236,2229,2223,2217,2211,2204,2199,2193,2187,2181,2176,2170,2165,2159,2154,2149,2143,2138,2133,2128,2123,2118,2113,2108,2104,2099,2094,2090,2085,2081,2076,2072,2067,2063,2059,2055,2050,2046,2042,2038,2034,2030,2026,2022,2018,2014,2010,2006,2003,1999,1995,1991,1988,1984,1980,1977,1973,1970,1966,1963,1959,1956,1952,1949,1946,1942,1939,1936,1932,1929,1926,1923,1920,1916,1913,1910,1907,1904,1901,1898,1895,1892,1889,1886,1883,1880,1877,1874,1871,1868,1865,1862,1860,1857,1854,1851,1848,1846,1843,1840,1838,1835,1832,1829,1827,1824,1821,1819,1816,1814,1811,1809,1806,1803,1801,1798,1796,1793,1791,1788,1786,1783,1781,1779,1776,1774,1771,1769,1767,1764,1762,1759,1757,1755,1752,1750,1748,1746,1743,1741,1739,1736,1734,1732,1730,1728,1725,1723,1721,1719,1717,1714,1712,1710,1708,1706,1704,1701,1699,1697,1695,1693,1691,1689,1687,1685,1683,1681,1679,1676,1674,1672,1670,1668,1666,1664,1662,1660,1658,1656,1654,1652,1651,1649,1647,1645,1643,1641,1639,1637,1635,1633,1631,1629,1627,1626,1624,1622,1620,1618,1616,1614,1613,1611,1609,1607,1605,1603,1602,1600,1598,1596,1594,1593,1591,1589,1587,1585,1584,1582,1580,1578,1577,1575,1573,1571,1570,1568,1566,1564,1563,1561,1559,1558,1556,1554,1553,1551,1549,1547,1546,1544,1542,1541,1539,1537,1536,1534,1533,1531,1529,1528,1526,1524,1523,1521,1519,1518,1516,1515,1513,1511,1510,1508,1507,1505,1503,1502,1500,1499,1497,1496,1494,1492,1491,1489,1488,1486,1485,1483,1482,1480,1479,1477,1475,1474,1472,1471,1469,1468,1466,1465,1463,1462,1460,1459,1457,1456,1454,1453,1451,1450,1448,1447,1445,1444,1442,1441,1440,1438,1437,1435,1434,1432,1431,1429,1428,1426,1425,1424,1422,1421,1419,1418,1416,1415,1414,1412,1411,1409,1408,1406,1405,1404,1402,1401,1399,1398,1397,1395,1394,1392,1391,1390,1388,1387,1385,1384,1383,1381,1380,1379,1377,1376,1374,1373,1372,1370,1369,1368,1366,1365,1364,1362,1361,1360,1358,1357,1356,1354,1353,1352,1350,1349,1348,1346,1345,1344,1342,1341,1340,1338,1337,1336,1334,1333,1332,1330,1329,1328,1326,1325,1324,1322,1321,1320,1319,1317,1316,1315,1313,1312,1311,1310,1308,1307,1306,1304,1303,1302,1301,1299,1298,1297,1295,1294,1293,1292,1290,1289,1288,1287,1285,1284,1283,1281,1280,1279,1278,1276,1275,1274,1273,1271,1270,1269,1268,1266,1265,1264,1263,1261,1260,1259,1258,1256,1255,1254,1253,1252,1250,1249,1248,1247,1245,1244,1243,1242,1240,1239,1238,1237,1236,1234,1233,1232,1231,1229,1228,1227,1226,1225,1223,1222,1221,1220,1218,1217,1216,1215,1214,1212,1211,1210,1209,1208,1206,1205,1204,1203,1202,1200,1199,1198,1197,1196,1194,1193,1192,1191,1190,1188,1187,1186,1185,1184,1182,1181,1180,1179,1178,1176,1175,1174,1173,1172,1171,1169,1168,1167,1166,1165,1163,1162,1161,1160,1159,1157,1156,1155,1154,1153,1152,1150,1149,1148,1147,1146,1144,1143,1142,1141,1140,1139,1137,1136,1135,1134,1133,1132,1130,1129,1128,1127,1126,1124,1123,1122,1121,1120,1119,1117,1116,1115,1114,1113,1112,1110,1109,1108,1107,1106,1105,1103,1102,1101,1100,1099,1097,1096,1095,1094,1093,1092,1090,1089,1088,1087,1086,1085,1083,1082,1081,1080,1079,1078,1076,1075,1074,1073,1072,1070,1069,1068,1067,1066,1065,1063,1062,1061,1060,1059,1058,1056,1055,1054,1053,1052,1050,1049,1048,1047,1046,1045,1043,1042,1041,1040,1039,1037,1036,1035,1034,1033,1032,1030,1029,1028,1027,1026,1024,1023,1022,1021,1020,1019,1017,1016,1015,1014,1013,1011,1010,1009,1008,1007,1005,1004,1003,1002,1001,999,998,997,996,995,993,992,991,990,989,987,986,985,984,983,981,980,979,978,976,975,974,973,972,970,969,968,967,965,964,963,962,961,959,958,957,956,954,953,952,951,949,948,947,946,945,943,942,941,940,938,937,936,935,933,932,931,930,928,927,926,924,923,922,921,919,918,917,916,914,913,912,911,909,908,907,905,904,903,902,900,899,898,896,895,894,892,891,890,889,887,886,885,883,882,881,879,878,877,875,874,873,871,870,869,867,866,865,863,862,861,859,858,857,855,854,852,851,850,848,847,846,844,843,841,840,839,837,836,835,833,832,830,829,827,826,825,823,822,820,819,818,816,815,813,812,810,809,807,806,805,803,802,800,799,797,796,794,793,791,790,788,787,785,784,782,781,779,778,776,775,773,772,770,769,767,765,764,762,761,759,758,756,754,753,751,750,748,746,745,743,742,740,738,737,735,733,732,730,729,727,725,724,722,720,718,717,715,713,712,710,708,707,705,703,701,700,698,696,694,692,691,689,687,685,684,682,680,678,676,674,673,671,669,667,665,663,661,659,657,656,654,652,650,648,646,644,642,640,638,636,634,632,630,628,626,624,622,620,617,615,613,611,609,607,605,603,600,598,596,594,592,589,587,585,583,580,578,576,573,571,569,566,564,562,559,557,554,552,550,547,545,542,540,537,534,532,529,527,524,521,519,516,513,511,508,505,503,500,497,494,491,488,485,483,480,477,474,471,468,465,461,458,455,452,449,446,442,439,436,432,429,426,422,419,415,412,408,404,401,397,393,389,386,382,378,374,370,366,362,358,353,349,345,341,336,332,327,322,318,313,308,303,298,293,288,283,278,273,267,262,256,250,244,238,232,226,220,213,207,200,193,186,179,172,164,156,148,140,132,123,114,105,96,86,76,66,55,43,32,20,7,-7,-21,-36,-51,-68,-86,-105,-125,-147,-172,-198,-228,-262,-302,-348,-407,-484,-600,-848]}