{"borders":[980.4058457969347,855.0724030376808,599.1478914217257,318.0417114542638,127.65908599003262,39.218381052466405,9.362472229532308],"perfs":[3467,3219,3102,3023,2964,2916,2876,2841,2810,2783,2758,2734,2713,2693,2675,2657,2641,2625,2610,2596,2582,2569,2556,2544,2533,2522,2511,2500,2490,2480,2470,2461,2452,2443,2434,2426,2418,2410,2402,2394,2386,2379,2372,2365,2358,2351,2344,2337,2331,2325,2318,2312,2306,2300,2294,2288,2283,2277,2271,2266,2261,2255,2250,2245,2240,2235,2230,2225,2220,2215,2210,2205,2201,2196,2191,2187,2183,2178,2174,2169,2165,2161,2157,2152,2148,2144,2140,2136,2132,2128,2124,2120,2117,2113,2109,2105,2102,2098,2094,2091,2087,2083,2080,2076,2073,2069,2066,2063,2059,2056,2053,2049,2046,2043,2039,2036,2033,2030,2027,2023,2020,2017,2014,2011,2008,2005,2002,1999,1996,1993,1990,1987,1984,1981,1979,1976,1973,1970,1967,1964,1962,1959,1956,1953,1951,1948,1945,1943,1940,1937,1935,1932,1929,1927,1924,1922,1919,1916,1914,1911,1909,1906,1904,1901,1899,1896,1894,1891,1889,1887,1884,1882,1879,1877,1875,1872,1870,1868,1865,1863,1861,1858,1856,1854,1851,1849,1847,1845,1842,1840,1838,1836,1833,1831,1829,1827,1825,1822,1820,1818,1816,1814,1812,1809,1807,1805,1803,1801,1799,1797,1795,1793,1791,1789,1786,1784,1782,1780,1778,1776,1774,1772,1770,1768,1766,1764,1762,1760,1758,1756,1754,1752,1750,1748,1747,1745,1743,1741,1739,1737,1735,1733,1731,1729,1727,1725,1724,1722,1720,1718,1716,1714,1712,1711,1709,1707,1705,1703,1701,1700,1698,1696,1694,1692,1690,1689,1687,1685,1683,1682,1680,1678,1676,1674,1673,1671,1669,1667,1666,1664,1662,1660,1659,1657,1655,1654,1652,1650,1648,1647,1645,1643,1642,1640,1638,1636,1635,1633,1631,1630,1628,1626,1625,1623,1621,1620,1618,1616,1615,1613,1611,1610,1608,1607,1605,1603,1602,1600,1598,1597,1595,1594,1592,1590,1589,1587,1586,1584,1582,1581,1579,1578,1576,1574,1573,1571,1570,1568,1567,1565,1563,1562,1560,1559,1557,1556,1554,1553,1551,1549,1548,1546,1545,1543,1542,1540,1539,1537,1536,1534,1533,1531,1529,1528,1526,1525,1523,1522,1520,1519,1517,1516,1514,1513,1511,1510,1508,1507,1505,1504,1502,1501,1499,1498,1497,1495,1494,1492,1491,1489,1488,1486,1485,1483,1482,1480,1479,1477,1476,1474,1473,1472,1470,1469,1467,1466,1464,1463,1461,1460,1459,1457,1456,1454,1453,1451,1450,1448,1447,1446,1444,1443,1441,1440,1438,1437,1436,1434,1433,1431,1430,1429,1427,1426,1424,1423,1421,1420,1419,1417,1416,1414,1413,1412,1410,1409,1407,1406,1405,1403,1402,1400,1399,1398,1396,1395,1393,1392,1391,1389,1388,1386,1385,1384,1382,1381,1380,1378,1377,1375,1374,1373,1371,1370,1368,1367,1366,1364,1363,1362,1360,1359,1357,1356,1355,1353,1352,1351,1349,1348,1346,1345,1344,1342,1341,1340,1338,1337,1336,1334,1333,1331,1330,1329,1327,1326,1325,1323,1322,1321,1319,1318,1317,1315,1314,1312,1311,1310,1308,1307,1306,1304,1303,1302,1300,1299,1298,1296,1295,1293,1292,1291,1289,1288,1287,1285,1284,1283,1281,1280,1279,1277,1276,1275,1273,1272,1270,1269,1268,1266,1265,1264,1262,1261,1260,1258,1257,1256,1254,1253,1252,1250,1249,1248,1246,1245,1243,1242,1241,1239,1238,1237,1235,1234,1233,1231,1230,1229,1227,1226,1225,1223,1222,1221,1219,1218,1216,1215,1214,1212,1211,1210,1208,1207,1206,1204,1203,1202,1200,1199,1197,1196,1195,1193,1192,1191,1189,1188,1187,1185,1184,1183,1181,1180,1178,1177,1176,1174,1173,1172,1170,1169,1168,1166,1165,1163,1162,1161,1159,1158,1157,1155,1154,1152,1151,1150,1148,1147,1146,1144,1143,1141,1140,1139,1137,1136,1134,1133,1132,1130,1129,1128,1126,1125,1123,1122,1121,1119,1118,1116,1115,1114,1112,1111,1109,1108,1107,1105,1104,1102,1101,1100,1098,1097,1095,1094,1092,1091,1090,1088,1087,1085,1084,1083,1081,1080,1078,1077,1075,1074,1073,1071,1070,1068,1067,1065,1064,1062,1061,1060,1058,1057,1055,1054,1052,1051,1049,1048,1046,1045,1043,1042,1041,1039,1038,1036,1035,1033,1032,1030,1029,1027,1026,1024,1023,1021,1020,1018,1017,1015,1014,1012,1011,1009,1008,1006,1005,1003,1002,1000,999,997,996,994,992,991,989,988,986,985,983,982,980,978,977,975,974,972,971,969,967,966,964,963,961,959,958,956,955,953,951,950,948,947,945,943,942,940,938,937,935,934,932,930,929,927,925,924,922,920,918,917,915,913,912,910,908,907,905,903,901,900,898,896,894,893,891,889,887,886,884,882,880,879,877,875,873,871,870,868,866,864,862,860,859,857,855,853,851,849,847,845,844,842,840,838,836,834,832,830,828,826,824,822,820,818,816,814,812,810,808,806,804,802,800,798,796,794,792,790,788,786,783,781,779,777,775,773,771,768,766,764,762,759,757,755,753,750,748,746,744,741,739,737,734,732,730,727,725,722,720,717,715,713,710,708,705,703,700,697,695,692,690,687,684,682,679,676,674,671,668,665,663,660,657,654,651,649,646,643,640,637,634,631,628,625,622,619,615,612,609,606,603,599,596,593,589,586,583,579,576,572,569,565,561,558,554,550,547,543,539,535,531,527,523,519,515,511,506,502,498,493,489,484,480,475,470,466,461,456,451,446,441,436,430,425,419,414,408,402,396,391,384,378,372,365,359,352,345,338,331,323,316,308,300,292,284,275,266,257,248,238,228,218,207,196,184,172,160,147,133,119,104,88,71,53,35,14,-7,-31,-56,-85,-116,-152,-193,-241,-301,-380,-499,-748]}