{"borders":[934.6814778846206,808.7345751886915,561.610794764459,300.0244178095546,125.61381305050726,42.15917749069157,11.108445996861704],"perfs":[3523,3273,3155,3076,3016,2967,2925,2889,2858,2829,2803,2779,2756,2736,2716,2698,2680,2664,2648,2633,2618,2604,2591,2578,2566,2554,2542,2531,2520,2510,2499,2489,2480,2470,2461,2452,2443,2434,2426,2417,2409,2401,2393,2386,2378,2371,2364,2357,2350,2343,2336,2329,2323,2316,2310,2304,2297,2291,2285,2280,2274,2268,2262,2257,2251,2246,2240,2235,2230,2224,2219,2214,2209,2204,2199,2194,2190,2185,2180,2175,2171,2166,2162,2157,2153,2148,2144,2140,2135,2131,2127,2123,2119,2115,2111,2107,2103,2099,2095,2091,2087,2083,2079,2075,2072,2068,2064,2061,2057,2053,2050,2046,2043,2039,2036,2032,2029,2025,2022,2019,2015,2012,2009,2005,2002,1999,1996,1992,1989,1986,1983,1980,1977,1973,1970,1967,1964,1961,1958,1955,1952,1949,1946,1943,1940,1938,1935,1932,1929,1926,1923,1921,1918,1915,1912,1909,1907,1904,1901,1898,1896,1893,1890,1888,1885,1883,1880,1877,1875,1872,1870,1867,1864,1862,1859,1857,1854,1852,1849,1847,1844,1842,1839,1837,1835,1832,1830,1827,1825,1823,1820,1818,1815,1813,1811,1808,1806,1804,1802,1799,1797,1795,1792,1790,1788,1786,1783,1781,1779,1777,1774,1772,1770,1768,1766,1763,1761,1759,1757,1755,1753,1751,1748,1746,1744,1742,1740,1738,1736,1734,1732,1730,1727,1725,1723,1721,1719,1717,1715,1713,1711,1709,1707,1705,1703,1701,1699,1697,1695,1693,1691,1689,1687,1685,1683,1681,1679,1678,1676,1674,1672,1670,1668,1666,1664,1662,1660,1658,1657,1655,1653,1651,1649,1647,1645,1643,1642,1640,1638,1636,1634,1632,1631,1629,1627,1625,1623,1621,1620,1618,1616,1614,1612,1611,1609,1607,1605,1604,1602,1600,1598,1597,1595,1593,1591,1590,1588,1586,1584,1583,1581,1579,1577,1576,1574,1572,1570,1569,1567,1565,1564,1562,1560,1559,1557,1555,1554,1552,1550,1548,1547,1545,1543,1542,1540,1538,1537,1535,1533,1532,1530,1529,1527,1525,1524,1522,1520,1519,1517,1515,1514,1512,1511,1509,1507,1506,1504,1502,1501,1499,1498,1496,1494,1493,1491,1490,1488,1486,1485,1483,1482,1480,1479,1477,1475,1474,1472,1471,1469,1468,1466,1464,1463,1461,1460,1458,1457,1455,1454,1452,1450,1449,1447,1446,1444,1443,1441,1440,1438,1437,1435,1433,1432,1430,1429,1427,1426,1424,1423,1421,1420,1418,1417,1415,1414,1412,1411,1409,1408,1406,1405,1403,1402,1400,1399,1397,1396,1394,1393,1391,1390,1388,1387,1385,1384,1382,1381,1379,1378,1376,1375,1373,1372,1370,1369,1367,1366,1364,1363,1361,1360,1358,1357,1355,1354,1353,1351,1350,1348,1347,1345,1344,1342,1341,1339,1338,1336,1335,1333,1332,1331,1329,1328,1326,1325,1323,1322,1320,1319,1317,1316,1315,1313,1312,1310,1309,1307,1306,1304,1303,1302,1300,1299,1297,1296,1294,1293,1291,1290,1288,1287,1286,1284,1283,1281,1280,1278,1277,1276,1274,1273,1271,1270,1268,1267,1265,1264,1263,1261,1260,1258,1257,1255,1254,1253,1251,1250,1248,1247,1245,1244,1242,1241,1240,1238,1237,1235,1234,1232,1231,1230,1228,1227,1225,1224,1222,1221,1220,1218,1217,1215,1214,1212,1211,1209,1208,1207,1205,1204,1202,1201,1199,1198,1197,1195,1194,1192,1191,1189,1188,1187,1185,1184,1182,1181,1179,1178,1176,1175,1174,1172,1171,1169,1168,1166,1165,1163,1162,1161,1159,1158,1156,1155,1153,1152,1150,1149,1148,1146,1145,1143,1142,1140,1139,1137,1136,1134,1133,1132,1130,1129,1127,1126,1124,1123,1121,1120,1118,1117,1115,1114,1113,1111,1110,1108,1107,1105,1104,1102,1101,1099,1098,1096,1095,1093,1092,1090,1089,1087,1086,1084,1083,1081,1080,1079,1077,1076,1074,1073,1071,1070,1068,1067,1065,1064,1062,1061,1059,1057,1056,1054,1053,1051,1050,1048,1047,1045,1044,1042,1041,1039,1038,1036,1035,1033,1032,1030,1028,1027,1025,1024,1022,1021,1019,1018,1016,1015,1013,1011,1010,1008,1007,1005,1004,1002,1000,999,997,996,994,992,991,989,988,986,984,983,981,980,978,976,975,973,972,970,968,967,965,963,962,960,958,957,955,954,952,950,949,947,945,944,942,940,939,937,935,933,932,930,928,927,925,923,921,920,918,916,915,913,911,909,908,906,904,902,901,899,897,895,893,892,890,888,886,884,883,881,879,877,875,874,872,870,868,866,864,862,861,859,857,855,853,851,849,847,845,843,842,840,838,836,834,832,830,828,826,824,822,820,818,816,814,812,810,808,806,804,802,799,797,795,793,791,789,787,785,783,780,778,776,774,772,770,767,765,763,761,758,756,754,752,749,747,745,742,740,738,735,733,731,728,726,723,721,719,716,714,711,709,706,704,701,699,696,693,691,688,686,683,680,678,675,672,669,667,664,661,658,656,653,650,647,644,641,638,635,632,629,626,623,620,617,614,611,608,604,601,598,595,591,588,585,581,578,574,571,567,564,560,557,553,549,546,542,538,534,530,526,522,518,514,510,506,502,497,493,489,484,480,475,471,466,461,456,451,446,441,436,431,426,421,415,410,404,398,392,386,380,374,368,361,355,348,341,334,327,320,312,305,297,289,280,272,263,254,244,235,225,214,204,193,181,169,156,143,129,115,100,83,66,48,28,7,-15,-40,-68,-99,-133,-174,-221,-281,-359,-477,-725]}