{"borders":[1177.6719048223033,977.0597532537046,616.0063018364297,302.0611740996281,118.32251522026326,37.02038934515356,9.207210412351772],"perfs":[3469,3220,3102,3023,2963,2914,2873,2838,2806,2778,2752,2728,2706,2686,2667,2648,2631,2615,2600,2585,2571,2557,2544,2532,2520,2508,2497,2486,2475,2465,2455,2445,2436,2427,2418,2409,2400,2392,2384,2376,2368,2360,2353,2345,2338,2331,2324,2317,2310,2304,2297,2291,2284,2278,2272,2266,2260,2254,2249,2243,2237,2232,2226,2221,2216,2211,2205,2200,2195,2190,2185,2181,2176,2171,2166,2162,2157,2152,2148,2144,2139,2135,2130,2126,2122,2118,2114,2110,2105,2101,2097,2093,2090,2086,2082,2078,2074,2070,2067,2063,2059,2056,2052,2048,2045,2041,2038,2034,2031,2028,2024,2021,2017,2014,2011,2008,2004,2001,1998,1995,1991,1988,1985,1982,1979,1976,1973,1970,1967,1964,1961,1958,1955,1952,1949,1946,1943,1941,1938,1935,1932,1929,1926,1924,1921,1918,1916,1913,1910,1907,1905,1902,1899,1897,1894,1892,1889,1886,1884,1881,1879,1876,1874,1871,1869,1866,1864,1861,1859,1857,1854,1852,1849,1847,1845,1842,1840,1838,1835,1833,1831,1828,1826,1824,1821,1819,1817,1815,1812,1810,1808,1806,1803,1801,1799,1797,1795,1792,1790,1788,1786,1784,1782,1780,1778,1775,1773,1771,1769,1767,1765,1763,1761,1759,1757,1755,1753,1751,1749,1747,1745,1743,1741,1739,1737,1735,1733,1731,1729,1727,1725,1723,1721,1719,1717,1715,1713,1712,1710,1708,1706,1704,1702,1700,1698,1697,1695,1693,1691,1689,1687,1686,1684,1682,1680,1678,1677,1675,1673,1671,1669,1668,1666,1664,1662,1661,1659,1657,1655,1654,1652,1650,1648,1647,1645,1643,1642,1640,1638,1636,1635,1633,1631,1630,1628,1626,1625,1623,1621,1620,1618,1616,1615,1613,1611,1610,1608,1607,1605,1603,1602,1600,1598,1597,1595,1594,1592,1590,1589,1587,1586,1584,1583,1581,1579,1578,1576,1575,1573,1572,1570,1569,1567,1565,1564,1562,1561,1559,1558,1556,1555,1553,1552,1550,1549,1547,1546,1544,1543,1541,1540,1538,1537,1535,1534,1532,1531,1529,1528,1527,1525,1524,1522,1521,1519,1518,1516,1515,1513,1512,1511,1509,1508,1506,1505,1503,1502,1501,1499,1498,1496,1495,1494,1492,1491,1489,1488,1487,1485,1484,1482,1481,1480,1478,1477,1475,1474,1473,1471,1470,1469,1467,1466,1465,1463,1462,1460,1459,1458,1456,1455,1454,1452,1451,1450,1448,1447,1446,1444,1443,1442,1440,1439,1438,1436,1435,1434,1433,1431,1430,1429,1427,1426,1425,1423,1422,1421,1419,1418,1417,1416,1414,1413,1412,1410,1409,1408,1407,1405,1404,1403,1402,1400,1399,1398,1397,1395,1394,1393,1391,1390,1389,1388,1386,1385,1384,1383,1381,1380,1379,1378,1377,1375,1374,1373,1372,1370,1369,1368,1367,1365,1364,1363,1362,1361,1359,1358,1357,1356,1355,1353,1352,1351,1350,1348,1347,1346,1345,1344,1342,1341,1340,1339,1338,1336,1335,1334,1333,1332,1331,1329,1328,1327,1326,1325,1323,1322,1321,1320,1319,1318,1316,1315,1314,1313,1312,1311,1309,1308,1307,1306,1305,1304,1302,1301,1300,1299,1298,1297,1296,1294,1293,1292,1291,1290,1289,1288,1286,1285,1284,1283,1282,1281,1280,1278,1277,1276,1275,1274,1273,1272,1271,1269,1268,1267,1266,1265,1264,1263,1262,1260,1259,1258,1257,1256,1255,1254,1253,1251,1250,1249,1248,1247,1246,1245,1244,1243,1241,1240,1239,1238,1237,1236,1235,1234,1233,1232,1230,1229,1228,1227,1226,1225,1224,1223,1222,1221,1220,1218,1217,1216,1215,1214,1213,1212,1211,1210,1209,1208,1206,1205,1204,1203,1202,1201,1200,1199,1198,1197,1196,1195,1194,1192,1191,1190,1189,1188,1187,1186,1185,1184,1183,1182,1181,1180,1179,1177,1176,1175,1174,1173,1172,1171,1170,1169,1168,1167,1166,1165,1164,1163,1161,1160,1159,1158,1157,1156,1155,1154,1153,1152,1151,1150,1149,1148,1147,1146,1145,1144,1142,1141,1140,1139,1138,1137,1136,1135,1134,1133,1132,1131,1130,1129,1128,1127,1126,1125,1123,1122,1121,1120,1119,1118,1117,1116,1115,1114,1113,1112,1111,1110,1109,1108,1107,1106,1105,1104,1103,1101,1100,1099,1098,1097,1096,1095,1094,1093,1092,1091,1090,1089,1088,1087,1086,1085,1084,1083,1082,1081,1079,1078,1077,1076,1075,1074,1073,1072,1071,1070,1069,1068,1067,1066,1065,1064,1063,1062,1061,1060,1059,1057,1056,1055,1054,1053,1052,1051,1050,1049,1048,1047,1046,1045,1044,1043,1042,1041,1040,1039,1037,1036,1035,1034,1033,1032,1031,1030,1029,1028,1027,1026,1025,1024,1023,1022,1021,1020,1018,1017,1016,1015,1014,1013,1012,1011,1010,1009,1008,1007,1006,1005,1004,1002,1001,1000,999,998,997,996,995,994,993,992,991,990,989,987,986,985,984,983,982,981,980,979,978,977,976,975,973,972,971,970,969,968,967,966,965,964,963,961,960,959,958,957,956,955,954,953,952,950,949,948,947,946,945,944,943,942,941,939,938,937,936,935,934,933,932,930,929,928,927,926,925,924,923,921,920,919,918,917,916,915,914,912,911,910,909,908,907,906,904,903,902,901,900,899,897,896,895,894,893,892,890,889,888,887,886,885,883,882,881,880,879,878,876,875,874,873,872,870,869,868,867,866,864,863,862,861,860,858,857,856,855,853,852,851,850,849,847,846,845,844,842,841,840,839,837,836,835,834,832,831,830,829,827,826,825,823,822,821,820,818,817,816,814,813,812,811,809,808,807,805,804,803,801,800,799,797,796,795,793,792,791,789,788,787,785,784,783,781,780,778,777,776,774,773,772,770,769,767,766,765,763,762,760,759,757,756,755,753,752,750,749,747,746,744,743,742,740,739,737,736,734,733,731,730,728,727,725,724,722,720,719,717,716,714,713,711,710,708,706,705,703,702,700,698,697,695,694,692,690,689,687,685,684,682,680,679,677,675,674,672,670,669,667,665,663,662,660,658,656,655,653,651,649,647,646,644,642,640,638,636,635,633,631,629,627,625,623,621,619,617,615,614,612,610,608,606,604,602,600,598,595,593,591,589,587,585,583,581,579,577,574,572,570,568,566,563,561,559,557,554,552,550,547,545,543,540,538,536,533,531,528,526,523,521,518,516,513,511,508,505,503,500,497,495,492,489,487,484,481,478,475,473,470,467,464,461,458,455,452,449,446,442,439,436,433,430,426,423,420,416,413,409,406,402,399,395,392,388,384,380,377,373,369,365,361,357,353,348,344,340,336,331,327,322,318,313,308,303,299,294,289,284,278,273,268,262,257,251,245,239,233,227,221,214,208,201,194,188,180,173,166,158,150,142,134,125,116,107,98,88,78,68,57,46,34,22,10,-3,-17,-31,-47,-63,-80,-98,-118,-138,-161,-186,-213,-244,-278,-318,-366,-425,-503,-620,-868]}