{"borders":[869.3314683436122,756.4376211617307,529.017816819388,282.2662952397386,115.94850499238444,38.06811139645431,10.008966860774864],"perfs":[3500,3249,3130,3050,2990,2940,2898,2862,2829,2800,2774,2749,2727,2705,2686,2667,2649,2632,2616,2601,2587,2573,2559,2546,2534,2521,2510,2498,2487,2477,2466,2456,2446,2437,2427,2418,2409,2401,2392,2384,2376,2368,2360,2352,2345,2337,2330,2323,2316,2309,2302,2295,2289,2282,2276,2270,2264,2258,2252,2246,2240,2234,2228,2223,2217,2212,2206,2201,2196,2191,2186,2181,2176,2171,2166,2161,2156,2151,2147,2142,2137,2133,2128,2124,2119,2115,2111,2106,2102,2098,2094,2090,2086,2082,2078,2074,2070,2066,2062,2058,2054,2050,2046,2043,2039,2035,2032,2028,2024,2021,2017,2014,2010,2007,2003,2000,1996,1993,1990,1986,1983,1980,1976,1973,1970,1967,1963,1960,1957,1954,1951,1948,1945,1942,1939,1936,1933,1930,1927,1924,1921,1918,1915,1912,1909,1906,1903,1900,1898,1895,1892,1889,1886,1884,1881,1878,1875,1873,1870,1867,1865,1862,1859,1857,1854,1851,1849,1846,1844,1841,1838,1836,1833,1831,1828,1826,1823,1821,1818,1816,1813,1811,1809,1806,1804,1801,1799,1796,1794,1792,1789,1787,1785,1782,1780,1778,1775,1773,1771,1768,1766,1764,1762,1759,1757,1755,1753,1750,1748,1746,1744,1741,1739,1737,1735,1733,1730,1728,1726,1724,1722,1720,1718,1715,1713,1711,1709,1707,1705,1703,1701,1699,1696,1694,1692,1690,1688,1686,1684,1682,1680,1678,1676,1674,1672,1670,1668,1666,1664,1662,1660,1658,1656,1654,1652,1650,1648,1646,1644,1642,1640,1638,1636,1635,1633,1631,1629,1627,1625,1623,1621,1619,1617,1615,1614,1612,1610,1608,1606,1604,1602,1600,1599,1597,1595,1593,1591,1589,1588,1586,1584,1582,1580,1578,1577,1575,1573,1571,1569,1568,1566,1564,1562,1560,1559,1557,1555,1553,1552,1550,1548,1546,1544,1543,1541,1539,1537,1536,1534,1532,1531,1529,1527,1525,1524,1522,1520,1518,1517,1515,1513,1512,1510,1508,1506,1505,1503,1501,1500,1498,1496,1495,1493,1491,1489,1488,1486,1484,1483,1481,1479,1478,1476,1474,1473,1471,1469,1468,1466,1464,1463,1461,1460,1458,1456,1455,1453,1451,1450,1448,1446,1445,1443,1441,1440,1438,1437,1435,1433,1432,1430,1429,1427,1425,1424,1422,1420,1419,1417,1416,1414,1412,1411,1409,1408,1406,1404,1403,1401,1400,1398,1396,1395,1393,1392,1390,1389,1387,1385,1384,1382,1381,1379,1377,1376,1374,1373,1371,1370,1368,1366,1365,1363,1362,1360,1359,1357,1356,1354,1352,1351,1349,1348,1346,1345,1343,1341,1340,1338,1337,1335,1334,1332,1331,1329,1328,1326,1324,1323,1321,1320,1318,1317,1315,1314,1312,1311,1309,1307,1306,1304,1303,1301,1300,1298,1297,1295,1294,1292,1290,1289,1287,1286,1284,1283,1281,1280,1278,1277,1275,1274,1272,1271,1269,1267,1266,1264,1263,1261,1260,1258,1257,1255,1254,1252,1251,1249,1248,1246,1244,1243,1241,1240,1238,1237,1235,1234,1232,1231,1229,1228,1226,1225,1223,1222,1220,1218,1217,1215,1214,1212,1211,1209,1208,1206,1205,1203,1202,1200,1198,1197,1195,1194,1192,1191,1189,1188,1186,1185,1183,1182,1180,1178,1177,1175,1174,1172,1171,1169,1168,1166,1165,1163,1161,1160,1158,1157,1155,1154,1152,1151,1149,1147,1146,1144,1143,1141,1140,1138,1137,1135,1133,1132,1130,1129,1127,1126,1124,1122,1121,1119,1118,1116,1115,1113,1111,1110,1108,1107,1105,1103,1102,1100,1099,1097,1095,1094,1092,1091,1089,1087,1086,1084,1083,1081,1079,1078,1076,1075,1073,1071,1070,1068,1066,1065,1063,1062,1060,1058,1057,1055,1053,1052,1050,1048,1047,1045,1044,1042,1040,1039,1037,1035,1034,1032,1030,1029,1027,1025,1024,1022,1020,1018,1017,1015,1013,1012,1010,1008,1007,1005,1003,1001,1000,998,996,995,993,991,989,988,986,984,982,981,979,977,975,974,972,970,968,967,965,963,961,959,958,956,954,952,950,949,947,945,943,941,939,938,936,934,932,930,928,926,925,923,921,919,917,915,913,911,909,907,906,904,902,900,898,896,894,892,890,888,886,884,882,880,878,876,874,872,870,868,866,864,862,860,858,856,853,851,849,847,845,843,841,839,836,834,832,830,828,826,823,821,819,817,815,812,810,808,806,803,801,799,796,794,792,789,787,785,782,780,778,775,773,770,768,765,763,760,758,755,753,750,748,745,743,740,738,735,732,730,727,724,722,719,716,713,711,708,705,702,700,697,694,691,688,685,682,679,676,673,670,667,664,661,658,655,651,648,645,642,639,635,632,629,625,622,618,615,611,608,604,601,597,593,590,586,582,578,574,570,566,562,558,554,550,546,542,538,533,529,524,520,515,511,506,501,497,492,487,482,477,471,466,461,455,450,444,439,433,427,421,415,409,402,396,389,382,375,368,361,354,346,338,330,322,314,305,296,287,278,268,258,247,237,225,214,202,189,176,162,147,132,116,99,80,61,40,17,-8,-35,-66,-101,-141,-189,-248,-326,-444,-693]}