{"borders":[594.2093135787643,506.7431530581458,343.13628689076955,182.2790465284607,78.02178346450012,27.852918671168,8.440188784620608],"perfs":[3497,3240,3114,3027,2960,2905,2858,2817,2780,2746,2716,2688,2662,2637,2614,2593,2572,2553,2534,2517,2500,2484,2468,2453,2439,2425,2411,2398,2385,2373,2361,2350,2338,2327,2316,2306,2296,2286,2276,2266,2257,2248,2239,2230,2222,2213,2205,2197,2189,2181,2173,2165,2158,2150,2143,2136,2129,2122,2115,2108,2102,2095,2089,2082,2076,2070,2063,2057,2051,2045,2039,2034,2028,2022,2017,2011,2006,2000,1995,1989,1984,1979,1974,1969,1963,1958,1953,1949,1944,1939,1934,1929,1924,1920,1915,1910,1906,1901,1897,1892,1888,1883,1879,1875,1870,1866,1862,1858,1853,1849,1845,1841,1837,1833,1829,1825,1821,1817,1813,1809,1805,1801,1797,1794,1790,1786,1782,1779,1775,1771,1767,1764,1760,1757,1753,1749,1746,1742,1739,1735,1732,1728,1725,1721,1718,1715,1711,1708,1704,1701,1698,1694,1691,1688,1685,1681,1678,1675,1672,1668,1665,1662,1659,1656,1653,1649,1646,1643,1640,1637,1634,1631,1628,1625,1622,1619,1616,1613,1610,1607,1604,1601,1598,1595,1592,1589,1586,1583,1580,1578,1575,1572,1569,1566,1563,1560,1558,1555,1552,1549,1546,1544,1541,1538,1535,1533,1530,1527,1524,1522,1519,1516,1514,1511,1508,1505,1503,1500,1497,1495,1492,1490,1487,1484,1482,1479,1476,1474,1471,1469,1466,1463,1461,1458,1456,1453,1451,1448,1446,1443,1440,1438,1435,1433,1430,1428,1425,1423,1420,1418,1415,1413,1410,1408,1406,1403,1401,1398,1396,1393,1391,1388,1386,1384,1381,1379,1376,1374,1371,1369,1367,1364,1362,1359,1357,1355,1352,1350,1348,1345,1343,1340,1338,1336,1333,1331,1329,1326,1324,1322,1319,1317,1315,1312,1310,1308,1305,1303,1301,1298,1296,1294,1291,1289,1287,1284,1282,1280,1278,1275,1273,1271,1268,1266,1264,1261,1259,1257,1255,1252,1250,1248,1246,1243,1241,1239,1236,1234,1232,1230,1227,1225,1223,1221,1218,1216,1214,1212,1209,1207,1205,1203,1200,1198,1196,1194,1191,1189,1187,1185,1182,1180,1178,1176,1173,1171,1169,1167,1164,1162,1160,1158,1155,1153,1151,1149,1146,1144,1142,1140,1137,1135,1133,1131,1128,1126,1124,1122,1119,1117,1115,1113,1110,1108,1106,1104,1101,1099,1097,1094,1092,1090,1088,1085,1083,1081,1079,1076,1074,1072,1069,1067,1065,1063,1060,1058,1056,1053,1051,1049,1046,1044,1042,1040,1037,1035,1033,1030,1028,1026,1023,1021,1019,1016,1014,1011,1009,1007,1004,1002,1000,997,995,993,990,988,985,983,981,978,976,973,971,968,966,964,961,959,956,954,951,949,946,944,941,939,936,934,931,929,926,924,921,918,916,913,911,908,906,903,900,898,895,892,890,887,884,882,879,876,874,871,868,866,863,860,857,854,852,849,846,843,840,838,835,832,829,826,823,820,817,814,811,808,805,802,799,796,793,790,787,784,781,778,774,771,768,765,761,758,755,752,748,745,742,738,735,731,728,724,721,717,714,710,706,703,699,695,692,688,684,680,676,672,668,664,660,656,652,648,644,640,636,631,627,622,618,614,609,604,600,595,590,586,581,576,571,566,561,555,550,545,539,534,528,523,517,511,505,499,493,487,480,474,467,461,454,447,440,432,425,417,410,402,394,385,377,368,359,350,340,331,321,310,300,288,277,265,253,240,227,213,198,183,167,150,133,114,94,72,49,24,-3,-33,-66,-104,-147,-198,-261,-343,-465,-718]}