{"borders":[717.5816940912161,595.0149378210795,384.3978016054943,197.37175159043932,83.63297812719068,28.963511200638347,8.355450438493758],"perfs":[3485,3228,3104,3019,2953,2899,2853,2813,2777,2745,2716,2689,2664,2640,2618,2598,2578,2560,2542,2525,2509,2493,2479,2464,2450,2437,2424,2412,2400,2388,2376,2365,2354,2344,2334,2324,2314,2304,2295,2286,2277,2268,2259,2251,2243,2234,2226,2219,2211,2203,2196,2189,2181,2174,2167,2160,2153,2147,2140,2134,2127,2121,2115,2108,2102,2096,2090,2084,2078,2073,2067,2061,2056,2050,2045,2039,2034,2029,2024,2018,2013,2008,2003,1998,1993,1988,1983,1979,1974,1969,1964,1960,1955,1951,1946,1942,1937,1933,1928,1924,1920,1915,1911,1907,1903,1898,1894,1890,1886,1882,1878,1874,1870,1866,1862,1858,1854,1851,1847,1843,1839,1835,1832,1828,1824,1821,1817,1813,1810,1806,1803,1799,1796,1792,1789,1785,1782,1778,1775,1771,1768,1765,1761,1758,1755,1751,1748,1745,1742,1738,1735,1732,1729,1726,1722,1719,1716,1713,1710,1707,1704,1701,1698,1695,1692,1689,1686,1683,1680,1677,1674,1671,1668,1665,1662,1659,1656,1653,1651,1648,1645,1642,1639,1636,1634,1631,1628,1625,1623,1620,1617,1614,1612,1609,1606,1604,1601,1598,1596,1593,1590,1588,1585,1583,1580,1577,1575,1572,1570,1567,1565,1562,1559,1557,1554,1552,1549,1547,1544,1542,1539,1537,1535,1532,1530,1527,1525,1522,1520,1517,1515,1513,1510,1508,1506,1503,1501,1498,1496,1494,1491,1489,1487,1484,1482,1480,1478,1475,1473,1471,1468,1466,1464,1462,1459,1457,1455,1453,1450,1448,1446,1444,1441,1439,1437,1435,1433,1430,1428,1426,1424,1422,1420,1417,1415,1413,1411,1409,1407,1405,1402,1400,1398,1396,1394,1392,1390,1388,1386,1383,1381,1379,1377,1375,1373,1371,1369,1367,1365,1363,1361,1359,1357,1355,1353,1350,1348,1346,1344,1342,1340,1338,1336,1334,1332,1330,1328,1326,1324,1322,1320,1318,1316,1315,1313,1311,1309,1307,1305,1303,1301,1299,1297,1295,1293,1291,1289,1287,1285,1283,1281,1280,1278,1276,1274,1272,1270,1268,1266,1264,1262,1260,1259,1257,1255,1253,1251,1249,1247,1245,1243,1242,1240,1238,1236,1234,1232,1230,1228,1227,1225,1223,1221,1219,1217,1215,1214,1212,1210,1208,1206,1204,1203,1201,1199,1197,1195,1193,1192,1190,1188,1186,1184,1182,1181,1179,1177,1175,1173,1171,1170,1168,1166,1164,1162,1161,1159,1157,1155,1153,1152,1150,1148,1146,1144,1143,1141,1139,1137,1135,1133,1132,1130,1128,1126,1124,1123,1121,1119,1117,1115,1114,1112,1110,1108,1107,1105,1103,1101,1099,1098,1096,1094,1092,1090,1089,1087,1085,1083,1081,1080,1078,1076,1074,1072,1071,1069,1067,1065,1063,1062,1060,1058,1056,1054,1053,1051,1049,1047,1045,1043,1042,1040,1038,1036,1034,1033,1031,1029,1027,1025,1024,1022,1020,1018,1016,1014,1013,1011,1009,1007,1005,1003,1002,1000,998,996,994,992,991,989,987,985,983,981,979,978,976,974,972,970,968,966,964,963,961,959,957,955,953,951,949,947,946,944,942,940,938,936,934,932,930,928,926,924,922,921,919,917,915,913,911,909,907,905,903,901,899,897,895,893,891,889,887,885,883,881,879,877,875,873,871,869,867,865,862,860,858,856,854,852,850,848,846,844,842,839,837,835,833,831,829,827,824,822,820,818,816,813,811,809,807,805,802,800,798,796,793,791,789,786,784,782,779,777,775,772,770,768,765,763,761,758,756,753,751,748,746,744,741,739,736,734,731,728,726,723,721,718,716,713,710,708,705,702,700,697,694,692,689,686,683,681,678,675,672,669,667,664,661,658,655,652,649,646,643,640,637,634,631,628,625,622,618,615,612,609,605,602,599,596,592,589,585,582,579,575,572,568,564,561,557,553,550,546,542,538,535,531,527,523,519,515,511,507,502,498,494,490,485,481,477,472,468,463,458,454,449,444,439,434,429,424,419,414,409,403,398,392,387,381,375,369,363,357,351,345,338,332,325,319,312,305,298,290,283,275,268,260,252,243,235,226,217,208,199,189,179,169,158,147,136,125,112,100,87,73,59,45,29,13,-4,-22,-41,-62,-84,-107,-133,-162,-193,-229,-270,-318,-378,-457,-575,-824]}