{"borders":[918.5141757431959,782.7084513848599,522.7868749736352,269.44062342248594,110.38919422561919,36.35620090462391,9.472797811328421],"perfs":[3482,3232,3113,3033,2973,2924,2882,2846,2814,2785,2759,2734,2712,2691,2671,2653,2635,2618,2602,2587,2572,2558,2545,2532,2519,2507,2495,2484,2473,2462,2452,2441,2432,2422,2412,2403,2394,2385,2377,2368,2360,2352,2344,2336,2329,2321,2314,2307,2300,2293,2286,2279,2273,2266,2260,2253,2247,2241,2235,2229,2223,2217,2212,2206,2200,2195,2189,2184,2179,2173,2168,2163,2158,2153,2148,2143,2138,2134,2129,2124,2120,2115,2110,2106,2101,2097,2093,2088,2084,2080,2075,2071,2067,2063,2059,2055,2051,2047,2043,2039,2035,2031,2027,2024,2020,2016,2012,2009,2005,2001,1998,1994,1991,1987,1984,1980,1977,1973,1970,1966,1963,1960,1956,1953,1950,1946,1943,1940,1937,1934,1930,1927,1924,1921,1918,1915,1912,1909,1906,1903,1900,1897,1894,1891,1888,1885,1882,1879,1876,1873,1870,1868,1865,1862,1859,1856,1854,1851,1848,1845,1843,1840,1837,1835,1832,1829,1827,1824,1821,1819,1816,1814,1811,1808,1806,1803,1801,1798,1796,1793,1791,1788,1786,1783,1781,1778,1776,1774,1771,1769,1766,1764,1762,1759,1757,1754,1752,1750,1747,1745,1743,1741,1738,1736,1734,1731,1729,1727,1725,1722,1720,1718,1716,1713,1711,1709,1707,1705,1702,1700,1698,1696,1694,1692,1689,1687,1685,1683,1681,1679,1677,1675,1673,1670,1668,1666,1664,1662,1660,1658,1656,1654,1652,1650,1648,1646,1644,1642,1640,1638,1636,1634,1632,1630,1628,1626,1624,1622,1620,1618,1616,1614,1612,1610,1608,1607,1605,1603,1601,1599,1597,1595,1593,1591,1589,1588,1586,1584,1582,1580,1578,1576,1575,1573,1571,1569,1567,1565,1564,1562,1560,1558,1556,1555,1553,1551,1549,1547,1546,1544,1542,1540,1538,1537,1535,1533,1531,1530,1528,1526,1524,1523,1521,1519,1517,1516,1514,1512,1511,1509,1507,1505,1504,1502,1500,1499,1497,1495,1493,1492,1490,1488,1487,1485,1483,1482,1480,1478,1477,1475,1473,1472,1470,1468,1467,1465,1464,1462,1460,1459,1457,1455,1454,1452,1450,1449,1447,1446,1444,1442,1441,1439,1438,1436,1434,1433,1431,1430,1428,1426,1425,1423,1422,1420,1418,1417,1415,1414,1412,1411,1409,1407,1406,1404,1403,1401,1400,1398,1396,1395,1393,1392,1390,1389,1387,1386,1384,1383,1381,1380,1378,1376,1375,1373,1372,1370,1369,1367,1366,1364,1363,1361,1360,1358,1357,1355,1354,1352,1351,1349,1348,1346,1345,1343,1342,1340,1339,1337,1336,1334,1333,1331,1330,1328,1327,1325,1324,1322,1321,1319,1318,1316,1315,1313,1312,1310,1309,1308,1306,1305,1303,1302,1300,1299,1297,1296,1294,1293,1291,1290,1289,1287,1286,1284,1283,1281,1280,1278,1277,1275,1274,1273,1271,1270,1268,1267,1265,1264,1262,1261,1260,1258,1257,1255,1254,1252,1251,1250,1248,1247,1245,1244,1242,1241,1240,1238,1237,1235,1234,1232,1231,1230,1228,1227,1225,1224,1222,1221,1220,1218,1217,1215,1214,1212,1211,1210,1208,1207,1205,1204,1203,1201,1200,1198,1197,1195,1194,1193,1191,1190,1188,1187,1186,1184,1183,1181,1180,1178,1177,1176,1174,1173,1171,1170,1169,1167,1166,1164,1163,1162,1160,1159,1157,1156,1154,1153,1152,1150,1149,1147,1146,1145,1143,1142,1140,1139,1138,1136,1135,1133,1132,1130,1129,1128,1126,1125,1123,1122,1121,1119,1118,1116,1115,1113,1112,1111,1109,1108,1106,1105,1104,1102,1101,1099,1098,1096,1095,1094,1092,1091,1089,1088,1086,1085,1084,1082,1081,1079,1078,1076,1075,1074,1072,1071,1069,1068,1066,1065,1063,1062,1061,1059,1058,1056,1055,1053,1052,1050,1049,1048,1046,1045,1043,1042,1040,1039,1037,1036,1034,1033,1032,1030,1029,1027,1026,1024,1023,1021,1020,1018,1017,1015,1014,1012,1011,1009,1008,1006,1005,1004,1002,1001,999,998,996,995,993,992,990,989,987,986,984,982,981,979,978,976,975,973,972,970,969,967,966,964,963,961,960,958,956,955,953,952,950,949,947,946,944,942,941,939,938,936,935,933,931,930,928,927,925,923,922,920,919,917,915,914,912,910,909,907,905,904,902,901,899,897,896,894,892,891,889,887,886,884,882,880,879,877,875,874,872,870,869,867,865,863,862,860,858,856,855,853,851,849,848,846,844,842,840,839,837,835,833,831,829,828,826,824,822,820,818,817,815,813,811,809,807,805,803,801,799,798,796,794,792,790,788,786,784,782,780,778,776,774,772,770,768,766,764,762,759,757,755,753,751,749,747,745,743,740,738,736,734,732,729,727,725,723,721,718,716,714,711,709,707,704,702,700,697,695,693,690,688,685,683,680,678,676,673,671,668,665,663,660,658,655,652,650,647,644,642,639,636,634,631,628,625,622,620,617,614,611,608,605,602,599,596,593,590,587,584,580,577,574,571,568,564,561,558,554,551,547,544,540,537,533,529,526,522,518,515,511,507,503,499,495,491,487,483,478,474,470,466,461,457,452,447,443,438,433,428,423,418,413,408,403,397,392,386,381,375,369,363,357,351,344,338,331,325,318,311,303,296,288,280,272,264,256,247,238,229,219,209,199,188,177,166,154,142,129,115,101,86,70,53,35,15,-6,-28,-53,-80,-111,-145,-185,-232,-291,-369,-486,-735]}