{"borders":[608.8374867363342,559.1554793762788,428.0427818896848,257.39034127408075,126.40344781370952,51.70716165966562,17.451997376188054],"perfs":[3943,3620,3446,3328,3241,3173,3116,3069,3027,2991,2958,2928,2901,2875,2852,2830,2809,2789,2771,2753,2736,2720,2704,2689,2675,2661,2647,2634,2621,2609,2597,2585,2574,2563,2552,2541,2531,2521,2511,2501,2492,2482,2473,2464,2455,2447,2438,2430,2422,2414,2406,2398,2390,2382,2375,2367,2360,2353,2346,2339,2332,2325,2318,2312,2305,2299,2292,2286,2280,2273,2267,2261,2255,2249,2243,2237,2232,2226,2220,2215,2209,2204,2198,2193,2188,2182,2177,2172,2167,2162,2157,2152,2147,2142,2137,2132,2127,2122,2118,2113,2108,2104,2099,2095,2090,2086,2081,2077,2072,2068,2063,2059,2055,2051,2046,2042,2038,2034,2030,2026,2022,2018,2014,2010,2006,2002,1998,1994,1990,1986,1982,1978,1975,1971,1967,1963,1960,1956,1952,1948,1945,1941,1938,1934,1930,1927,1923,1920,1916,1913,1909,1906,1902,1899,1896,1892,1889,1885,1882,1879,1875,1872,1869,1865,1862,1859,1856,1852,1849,1846,1843,1840,1836,1833,1830,1827,1824,1821,1818,1815,1811,1808,1805,1802,1799,1796,1793,1790,1787,1784,1781,1778,1775,1772,1769,1766,1763,1761,1758,1755,1752,1749,1746,1743,1740,1737,1735,1732,1729,1726,1723,1721,1718,1715,1712,1709,1707,1704,1701,1698,1696,1693,1690,1687,1685,1682,1679,1677,1674,1671,1669,1666,1663,1661,1658,1655,1653,1650,1647,1645,1642,1640,1637,1634,1632,1629,1627,1624,1621,1619,1616,1614,1611,1609,1606,1604,1601,1598,1596,1593,1591,1588,1586,1583,1581,1578,1576,1573,1571,1568,1566,1564,1561,1559,1556,1554,1551,1549,1546,1544,1541,1539,1537,1534,1532,1529,1527,1524,1522,1520,1517,1515,1512,1510,1508,1505,1503,1501,1498,1496,1493,1491,1489,1486,1484,1482,1479,1477,1475,1472,1470,1468,1465,1463,1460,1458,1456,1453,1451,1449,1446,1444,1442,1440,1437,1435,1433,1430,1428,1426,1423,1421,1419,1416,1414,1412,1410,1407,1405,1403,1400,1398,1396,1393,1391,1389,1387,1384,1382,1380,1377,1375,1373,1371,1368,1366,1364,1361,1359,1357,1355,1352,1350,1348,1346,1343,1341,1339,1336,1334,1332,1330,1327,1325,1323,1320,1318,1316,1314,1311,1309,1307,1305,1302,1300,1298,1295,1293,1291,1289,1286,1284,1282,1279,1277,1275,1272,1270,1268,1266,1263,1261,1259,1256,1254,1252,1249,1247,1245,1242,1240,1238,1235,1233,1231,1228,1226,1224,1221,1219,1217,1214,1212,1210,1207,1205,1202,1200,1198,1195,1193,1191,1188,1186,1183,1181,1179,1176,1174,1171,1169,1166,1164,1162,1159,1157,1154,1152,1149,1147,1144,1142,1139,1137,1134,1132,1129,1127,1124,1122,1119,1117,1114,1111,1109,1106,1104,1101,1098,1096,1093,1091,1088,1085,1083,1080,1077,1075,1072,1069,1067,1064,1061,1058,1056,1053,1050,1047,1045,1042,1039,1036,1033,1030,1028,1025,1022,1019,1016,1013,1010,1007,1004,1001,998,995,992,989,986,983,980,977,973,970,967,964,961,957,954,951,948,944,941,938,934,931,927,924,920,917,913,910,906,903,899,895,892,888,884,880,876,873,869,865,861,857,853,849,845,840,836,832,828,823,819,814,810,805,801,796,791,787,782,777,772,767,762,756,751,746,740,735,729,724,718,712,706,700,694,687,681,674,668,661,654,646,639,632,624,616,608,599,591,582,573,563,553,543,533,522,511,499,486,474,460,446,430,414,397,379,359,337,314,288,259,225,187,141,83,7,-108,-355]}