{"borders":[1387.232511874462,1157.0026336479618,751.5000000000007,345.99736635203845,115.76748812553309,31.236357714362896,7.627441639094707],"perfs":[3452,3193,3068,2984,2920,2868,2824,2787,2753,2724,2697,2672,2650,2629,2609,2591,2574,2558,2543,2528,2514,2501,2488,2476,2464,2453,2442,2432,2422,2412,2402,2393,2384,2375,2367,2359,2351,2343,2335,2328,2321,2313,2306,2300,2293,2286,2280,2274,2268,2262,2256,2250,2244,2239,2233,2228,2222,2217,2212,2207,2202,2197,2192,2187,2182,2178,2173,2168,2164,2160,2155,2151,2147,2142,2138,2134,2130,2126,2122,2118,2114,2110,2107,2103,2099,2095,2092,2088,2085,2081,2078,2074,2071,2067,2064,2061,2057,2054,2051,2047,2044,2041,2038,2035,2032,2029,2026,2023,2020,2017,2014,2011,2008,2005,2002,1999,1997,1994,1991,1988,1985,1983,1980,1977,1975,1972,1969,1967,1964,1962,1959,1957,1954,1952,1949,1947,1944,1942,1939,1937,1934,1932,1930,1927,1925,1923,1920,1918,1916,1913,1911,1909,1907,1904,1902,1900,1898,1896,1893,1891,1889,1887,1885,1883,1881,1879,1876,1874,1872,1870,1868,1866,1864,1862,1860,1858,1856,1854,1852,1850,1848,1846,1844,1842,1841,1839,1837,1835,1833,1831,1829,1827,1825,1824,1822,1820,1818,1816,1814,1813,1811,1809,1807,1805,1804,1802,1800,1798,1797,1795,1793,1791,1790,1788,1786,1785,1783,1781,1780,1778,1776,1775,1773,1771,1770,1768,1766,1765,1763,1761,1760,1758,1757,1755,1753,1752,1750,1749,1747,1745,1744,1742,1741,1739,1738,1736,1735,1733,1731,1730,1728,1727,1725,1724,1722,1721,1719,1718,1716,1715,1713,1712,1710,1709,1708,1706,1705,1703,1702,1700,1699,1697,1696,1695,1693,1692,1690,1689,1687,1686,1685,1683,1682,1680,1679,1678,1676,1675,1674,1672,1671,1669,1668,1667,1665,1664,1663,1661,1660,1659,1657,1656,1655,1653,1652,1651,1649,1648,1647,1645,1644,1643,1642,1640,1639,1638,1636,1635,1634,1632,1631,1630,1629,1627,1626,1625,1624,1622,1621,1620,1619,1617,1616,1615,1614,1612,1611,1610,1609,1607,1606,1605,1604,1602,1601,1600,1599,1598,1596,1595,1594,1593,1592,1590,1589,1588,1587,1586,1584,1583,1582,1581,1580,1578,1577,1576,1575,1574,1573,1571,1570,1569,1568,1567,1566,1564,1563,1562,1561,1560,1559,1558,1556,1555,1554,1553,1552,1551,1550,1548,1547,1546,1545,1544,1543,1542,1541,1539,1538,1537,1536,1535,1534,1533,1532,1531,1529,1528,1527,1526,1525,1524,1523,1522,1521,1520,1518,1517,1516,1515,1514,1513,1512,1511,1510,1509,1508,1507,1505,1504,1503,1502,1501,1500,1499,1498,1497,1496,1495,1494,1493,1492,1491,1490,1488,1487,1486,1485,1484,1483,1482,1481,1480,1479,1478,1477,1476,1475,1474,1473,1472,1471,1470,1469,1468,1467,1466,1465,1464,1463,1462,1461,1460,1458,1457,1456,1455,1454,1453,1452,1451,1450,1449,1448,1447,1446,1445,1444,1443,1442,1441,1440,1439,1438,1437,1436,1435,1434,1433,1432,1431,1430,1429,1428,1427,1426,1425,1424,1423,1422,1421,1421,1420,1419,1418,1417,1416,1415,1414,1413,1412,1411,1410,1409,1408,1407,1406,1405,1404,1403,1402,1401,1400,1399,1398,1397,1396,1395,1394,1393,1392,1391,1390,1389,1389,1388,1387,1386,1385,1384,1383,1382,1381,1380,1379,1378,1377,1376,1375,1374,1373,1372,1371,1370,1370,1369,1368,1367,1366,1365,1364,1363,1362,1361,1360,1359,1358,1357,1356,1355,1354,1354,1353,1352,1351,1350,1349,1348,1347,1346,1345,1344,1343,1342,1341,1341,1340,1339,1338,1337,1336,1335,1334,1333,1332,1331,1330,1329,1328,1328,1327,1326,1325,1324,1323,1322,1321,1320,1319,1318,1317,1317,1316,1315,1314,1313,1312,1311,1310,1309,1308,1307,1306,1306,1305,1304,1303,1302,1301,1300,1299,1298,1297,1296,1296,1295,1294,1293,1292,1291,1290,1289,1288,1287,1286,1286,1285,1284,1283,1282,1281,1280,1279,1278,1277,1277,1276,1275,1274,1273,1272,1271,1270,1269,1268,1268,1267,1266,1265,1264,1263,1262,1261,1260,1259,1259,1258,1257,1256,1255,1254,1253,1252,1251,1250,1250,1249,1248,1247,1246,1245,1244,1243,1242,1242,1241,1240,1239,1238,1237,1236,1235,1234,1233,1233,1232,1231,1230,1229,1228,1227,1226,1225,1225,1224,1223,1222,1221,1220,1219,1218,1217,1217,1216,1215,1214,1213,1212,1211,1210,1209,1208,1208,1207,1206,1205,1204,1203,1202,1201,1200,1200,1199,1198,1197,1196,1195,1194,1193,1192,1192,1191,1190,1189,1188,1187,1186,1185,1184,1183,1183,1182,1181,1180,1179,1178,1177,1176,1175,1175,1174,1173,1172,1171,1170,1169,1168,1167,1167,1166,1165,1164,1163,1162,1161,1160,1159,1158,1158,1157,1156,1155,1154,1153,1152,1151,1150,1150,1149,1148,1147,1146,1145,1144,1143,1142,1141,1141,1140,1139,1138,1137,1136,1135,1134,1133,1132,1132,1131,1130,1129,1128,1127,1126,1125,1124,1123,1123,1122,1121,1120,1119,1118,1117,1116,1115,1114,1114,1113,1112,1111,1110,1109,1108,1107,1106,1105,1104,1104,1103,1102,1101,1100,1099,1098,1097,1096,1095,1094,1094,1093,1092,1091,1090,1089,1088,1087,1086,1085,1084,1083,1083,1082,1081,1080,1079,1078,1077,1076,1075,1074,1073,1072,1072,1071,1070,1069,1068,1067,1066,1065,1064,1063,1062,1061,1060,1059,1059,1058,1057,1056,1055,1054,1053,1052,1051,1050,1049,1048,1047,1046,1046,1045,1044,1043,1042,1041,1040,1039,1038,1037,1036,1035,1034,1033,1032,1031,1030,1030,1029,1028,1027,1026,1025,1024,1023,1022,1021,1020,1019,1018,1017,1016,1015,1014,1013,1012,1011,1011,1010,1009,1008,1007,1006,1005,1004,1003,1002,1001,1000,999,998,997,996,995,994,993,992,991,990,989,988,987,986,985,984,983,982,981,980,979,979,978,977,976,975,974,973,972,971,970,969,968,967,966,965,964,963,962,961,960,959,958,957,956,955,954,953,952,951,950,949,948,947,946,945,944,943,942,940,939,938,937,936,935,934,933,932,931,930,929,928,927,926,925,924,923,922,921,920,919,918,917,916,915,914,913,912,910,909,908,907,906,905,904,903,902,901,900,899,898,897,896,895,893,892,891,890,889,888,887,886,885,884,883,882,880,879,878,877,876,875,874,873,872,871,869,868,867,866,865,864,863,862,861,859,858,857,856,855,854,853,852,850,849,848,847,846,845,844,842,841,840,839,838,837,836,834,833,832,831,830,829,827,826,825,824,823,822,820,819,818,817,816,814,813,812,811,810,808,807,806,805,804,802,801,800,799,798,796,795,794,793,791,790,789,788,786,785,784,783,781,780,779,778,776,775,774,773,771,770,769,768,766,765,764,762,761,760,758,757,756,755,753,752,751,749,748,747,745,744,743,741,740,739,737,736,735,733,732,731,729,728,726,725,724,722,721,720,718,717,715,714,713,711,710,708,707,705,704,703,701,700,698,697,695,694,692,691,690,688,687,685,684,682,681,679,678,676,675,673,672,670,669,667,665,664,662,661,659,658,656,655,653,651,650,648,647,645,643,642,640,639,637,635,634,632,630,629,627,625,624,622,620,619,617,615,614,612,610,609,607,605,603,602,600,598,596,595,593,591,589,587,586,584,582,580,578,576,575,573,571,569,567,565,563,561,559,558,556,554,552,550,548,546,544,542,540,538,536,534,532,530,528,526,524,521,519,517,515,513,511,509,507,504,502,500,498,496,493,491,489,487,484,482,480,477,475,473,470,468,466,463,461,458,456,453,451,448,446,443,441,438,436,433,431,428,425,423,420,417,415,412,409,406,403,401,398,395,392,389,386,383,380,377,374,371,368,365,362,359,356,353,349,346,343,339,336,333,329,326,322,319,315,312,308,305,301,297,293,290,286,282,278,274,270,266,262,258,253,249,245,240,236,232,227,222,218,213,208,203,198,193,188,183,178,172,167,161,156,150,144,138,132,126,120,114,107,100,94,87,79,72,65,57,49,41,33,25,16,7,-2,-12,-22,-32,-42,-53,-64,-76,-88,-101,-114,-128,-143,-158,-174,-191,-209,-229,-250,-272,-297,-324,-353,-387,-424,-468,-520,-584,-668,-793,-1052]}