{"borders":[1023.5618016429378,871.9050012372601,593.4160824619125,312.5949190743645,127.51124538121012,42.29618043609057,12.055579223272611],"perfs":[3623,3354,3222,3132,3064,3010,2963,2923,2888,2856,2828,2801,2777,2754,2733,2713,2695,2677,2660,2644,2629,2614,2600,2586,2573,2560,2548,2536,2525,2514,2503,2493,2483,2473,2463,2454,2445,2436,2427,2419,2410,2402,2394,2387,2379,2372,2364,2357,2350,2343,2336,2329,2323,2316,2310,2304,2298,2291,2285,2280,2274,2268,2262,2257,2251,2246,2241,2235,2230,2225,2220,2215,2210,2205,2200,2195,2191,2186,2181,2177,2172,2168,2163,2159,2154,2150,2146,2142,2137,2133,2129,2125,2121,2117,2113,2109,2105,2101,2098,2094,2090,2086,2083,2079,2075,2072,2068,2065,2061,2058,2054,2051,2047,2044,2040,2037,2034,2030,2027,2024,2021,2017,2014,2011,2008,2005,2002,1998,1995,1992,1989,1986,1983,1980,1977,1974,1971,1969,1966,1963,1960,1957,1954,1951,1949,1946,1943,1940,1937,1935,1932,1929,1927,1924,1921,1919,1916,1913,1911,1908,1906,1903,1900,1898,1895,1893,1890,1888,1885,1883,1880,1878,1875,1873,1870,1868,1866,1863,1861,1858,1856,1854,1851,1849,1847,1844,1842,1840,1837,1835,1833,1831,1828,1826,1824,1822,1819,1817,1815,1813,1810,1808,1806,1804,1802,1800,1797,1795,1793,1791,1789,1787,1785,1783,1780,1778,1776,1774,1772,1770,1768,1766,1764,1762,1760,1758,1756,1754,1752,1750,1748,1746,1744,1742,1740,1738,1736,1734,1732,1730,1728,1726,1724,1722,1720,1718,1716,1715,1713,1711,1709,1707,1705,1703,1701,1699,1698,1696,1694,1692,1690,1688,1686,1685,1683,1681,1679,1677,1676,1674,1672,1670,1668,1666,1665,1663,1661,1659,1658,1656,1654,1652,1651,1649,1647,1645,1644,1642,1640,1638,1637,1635,1633,1631,1630,1628,1626,1625,1623,1621,1619,1618,1616,1614,1613,1611,1609,1608,1606,1604,1603,1601,1599,1598,1596,1594,1593,1591,1589,1588,1586,1585,1583,1581,1580,1578,1576,1575,1573,1572,1570,1568,1567,1565,1564,1562,1560,1559,1557,1556,1554,1552,1551,1549,1548,1546,1545,1543,1541,1540,1538,1537,1535,1534,1532,1530,1529,1527,1526,1524,1523,1521,1520,1518,1517,1515,1514,1512,1510,1509,1507,1506,1504,1503,1501,1500,1498,1497,1495,1494,1492,1491,1489,1488,1486,1485,1483,1482,1480,1479,1477,1476,1475,1473,1472,1470,1469,1467,1466,1464,1463,1461,1460,1458,1457,1455,1454,1453,1451,1450,1448,1447,1445,1444,1442,1441,1439,1438,1437,1435,1434,1432,1431,1429,1428,1427,1425,1424,1422,1421,1419,1418,1417,1415,1414,1412,1411,1410,1408,1407,1405,1404,1402,1401,1400,1398,1397,1395,1394,1393,1391,1390,1388,1387,1386,1384,1383,1382,1380,1379,1377,1376,1375,1373,1372,1370,1369,1368,1366,1365,1364,1362,1361,1359,1358,1357,1355,1354,1353,1351,1350,1348,1347,1346,1344,1343,1342,1340,1339,1338,1336,1335,1333,1332,1331,1329,1328,1327,1325,1324,1323,1321,1320,1319,1317,1316,1315,1313,1312,1310,1309,1308,1306,1305,1304,1302,1301,1300,1298,1297,1296,1294,1293,1292,1290,1289,1288,1286,1285,1284,1282,1281,1280,1278,1277,1276,1274,1273,1272,1270,1269,1268,1266,1265,1264,1262,1261,1260,1258,1257,1256,1255,1253,1252,1251,1249,1248,1247,1245,1244,1243,1241,1240,1239,1237,1236,1235,1233,1232,1231,1229,1228,1227,1226,1224,1223,1222,1220,1219,1218,1216,1215,1214,1212,1211,1210,1208,1207,1206,1204,1203,1202,1201,1199,1198,1197,1195,1194,1193,1191,1190,1189,1187,1186,1185,1183,1182,1181,1180,1178,1177,1176,1174,1173,1172,1170,1169,1168,1166,1165,1164,1162,1161,1160,1159,1157,1156,1155,1153,1152,1151,1149,1148,1147,1145,1144,1143,1141,1140,1139,1138,1136,1135,1134,1132,1131,1130,1128,1127,1126,1124,1123,1122,1120,1119,1118,1116,1115,1114,1112,1111,1110,1108,1107,1106,1104,1103,1102,1100,1099,1098,1096,1095,1094,1092,1091,1090,1088,1087,1086,1084,1083,1082,1080,1079,1078,1076,1075,1074,1072,1071,1070,1068,1067,1066,1064,1063,1062,1060,1059,1058,1056,1055,1054,1052,1051,1049,1048,1047,1045,1044,1043,1041,1040,1039,1037,1036,1035,1033,1032,1030,1029,1028,1026,1025,1024,1022,1021,1019,1018,1017,1015,1014,1012,1011,1010,1008,1007,1006,1004,1003,1001,1000,999,997,996,994,993,991,990,989,987,986,984,983,982,980,979,977,976,974,973,972,970,969,967,966,964,963,962,960,959,957,956,954,953,951,950,948,947,946,944,943,941,940,938,937,935,934,932,931,929,928,926,925,923,922,920,919,917,916,914,913,911,910,908,907,905,904,902,900,899,897,896,894,893,891,890,888,886,885,883,882,880,879,877,875,874,872,871,869,867,866,864,863,861,859,858,856,854,853,851,849,848,846,845,843,841,840,838,836,834,833,831,829,828,826,824,823,821,819,817,816,814,812,810,809,807,805,803,802,800,798,796,794,793,791,789,787,785,784,782,780,778,776,774,772,771,769,767,765,763,761,759,757,755,754,752,750,748,746,744,742,740,738,736,734,732,730,728,726,724,722,720,718,715,713,711,709,707,705,703,701,699,696,694,692,690,688,685,683,681,679,677,674,672,670,667,665,663,660,658,656,653,651,649,646,644,641,639,637,634,632,629,627,624,622,619,616,614,611,609,606,603,601,598,595,592,590,587,584,581,579,576,573,570,567,564,561,558,555,552,549,546,543,540,537,534,531,527,524,521,518,514,511,508,504,501,497,494,490,487,483,480,476,472,468,465,461,457,453,449,445,441,437,433,429,424,420,416,411,407,403,398,393,389,384,379,374,369,364,359,354,349,344,338,333,327,321,316,310,304,298,292,285,279,272,266,259,252,245,237,230,222,214,206,198,190,181,172,163,154,144,134,124,113,102,91,79,66,53,40,26,11,-4,-21,-38,-57,-77,-98,-121,-146,-173,-204,-239,-279,-327,-386,-464,-581,-830]}