{"borders":[699.0946910407472,618.7876431119555,449.6276935710558,252.36727556391884,107.3331336768516,35.01796220748135,9.156573387964436],"perfs":[3484,3232,3111,3030,2968,2918,2875,2838,2805,2775,2748,2723,2700,2679,2659,2640,2622,2605,2589,2574,2559,2545,2532,2519,2506,2494,2482,2471,2460,2449,2439,2429,2419,2409,2400,2391,2382,2373,2365,2357,2349,2341,2333,2325,2318,2310,2303,2296,2289,2282,2275,2269,2262,2256,2249,2243,2237,2231,2225,2219,2213,2207,2201,2196,2190,2185,2179,2174,2169,2163,2158,2153,2148,2143,2138,2133,2128,2124,2119,2114,2110,2105,2100,2096,2091,2087,2082,2078,2074,2069,2065,2061,2057,2053,2048,2044,2040,2036,2032,2028,2024,2020,2017,2013,2009,2005,2001,1998,1994,1990,1986,1983,1979,1975,1972,1968,1965,1961,1958,1954,1951,1947,1944,1941,1937,1934,1931,1927,1924,1921,1917,1914,1911,1908,1904,1901,1898,1895,1892,1889,1886,1882,1879,1876,1873,1870,1867,1864,1861,1858,1855,1852,1849,1846,1843,1841,1838,1835,1832,1829,1826,1823,1821,1818,1815,1812,1809,1807,1804,1801,1798,1796,1793,1790,1787,1785,1782,1779,1777,1774,1771,1769,1766,1763,1761,1758,1756,1753,1751,1748,1745,1743,1740,1738,1735,1733,1730,1728,1725,1723,1720,1718,1715,1713,1710,1708,1705,1703,1700,1698,1696,1693,1691,1688,1686,1684,1681,1679,1676,1674,1672,1669,1667,1665,1662,1660,1658,1655,1653,1651,1648,1646,1644,1641,1639,1637,1635,1632,1630,1628,1625,1623,1621,1619,1616,1614,1612,1610,1607,1605,1603,1601,1599,1596,1594,1592,1590,1588,1585,1583,1581,1579,1577,1574,1572,1570,1568,1566,1564,1562,1559,1557,1555,1553,1551,1549,1547,1544,1542,1540,1538,1536,1534,1532,1530,1527,1525,1523,1521,1519,1517,1515,1513,1511,1509,1507,1504,1502,1500,1498,1496,1494,1492,1490,1488,1486,1484,1482,1480,1478,1476,1474,1472,1470,1467,1465,1463,1461,1459,1457,1455,1453,1451,1449,1447,1445,1443,1441,1439,1437,1435,1433,1431,1429,1427,1425,1423,1421,1419,1417,1415,1413,1411,1409,1407,1405,1403,1401,1399,1397,1395,1393,1391,1389,1387,1385,1383,1381,1379,1377,1375,1373,1371,1369,1367,1365,1363,1361,1359,1357,1355,1353,1352,1350,1348,1346,1344,1342,1340,1338,1336,1334,1332,1330,1328,1326,1324,1322,1320,1318,1316,1314,1312,1310,1308,1306,1304,1302,1300,1298,1296,1294,1292,1290,1288,1287,1285,1283,1281,1279,1277,1275,1273,1271,1269,1267,1265,1263,1261,1259,1257,1255,1253,1251,1249,1247,1245,1243,1241,1239,1237,1235,1233,1231,1229,1227,1225,1223,1221,1219,1217,1215,1213,1211,1209,1207,1205,1203,1201,1199,1197,1195,1193,1191,1189,1187,1185,1183,1181,1179,1177,1175,1173,1171,1169,1167,1165,1163,1161,1159,1157,1155,1153,1151,1149,1147,1144,1142,1140,1138,1136,1134,1132,1130,1128,1126,1124,1122,1120,1118,1115,1113,1111,1109,1107,1105,1103,1101,1099,1097,1094,1092,1090,1088,1086,1084,1082,1079,1077,1075,1073,1071,1069,1067,1064,1062,1060,1058,1056,1053,1051,1049,1047,1045,1042,1040,1038,1036,1034,1031,1029,1027,1025,1022,1020,1018,1015,1013,1011,1009,1006,1004,1002,999,997,995,992,990,988,985,983,981,978,976,973,971,969,966,964,961,959,957,954,952,949,947,944,942,939,937,934,932,929,927,924,921,919,916,914,911,909,906,903,901,898,895,893,890,887,884,882,879,876,873,871,868,865,862,859,857,854,851,848,845,842,839,836,833,830,827,824,821,818,815,812,809,806,803,799,796,793,790,786,783,780,776,773,770,766,763,759,756,752,749,745,742,738,735,731,727,723,720,716,712,708,704,700,696,692,688,684,680,676,671,667,663,659,654,650,645,640,636,631,626,622,617,612,607,602,597,591,586,581,575,570,564,558,553,547,541,535,529,522,516,509,503,496,489,482,474,467,459,452,444,436,427,419,410,401,392,382,372,362,351,341,329,318,306,293,280,266,252,237,221,204,186,168,148,126,103,79,51,22,-12,-49,-92,-143,-206,-288,-410,-663]}