{"borders":[1028.3833920430652,846.6223002826118,533.5749538932376,257.00317316462446,101.39795504065816,34.22525012406026,9.790898914509594],"perfs":[3517,3264,3142,3059,2995,2943,2898,2860,2825,2794,2765,2739,2714,2692,2670,2650,2631,2613,2595,2579,2563,2548,2533,2519,2506,2493,2480,2468,2456,2445,2434,2423,2413,2402,2392,2383,2373,2364,2355,2346,2337,2329,2320,2312,2304,2297,2289,2281,2274,2267,2260,2252,2246,2239,2232,2226,2219,2213,2206,2200,2194,2188,2182,2176,2171,2165,2159,2154,2148,2143,2138,2132,2127,2122,2117,2112,2107,2102,2097,2092,2087,2083,2078,2073,2069,2064,2060,2056,2051,2047,2042,2038,2034,2030,2026,2022,2017,2013,2009,2005,2002,1998,1994,1990,1986,1982,1979,1975,1971,1968,1964,1960,1957,1953,1950,1946,1943,1939,1936,1933,1929,1926,1922,1919,1916,1913,1909,1906,1903,1900,1897,1894,1890,1887,1884,1881,1878,1875,1872,1869,1866,1863,1860,1857,1854,1852,1849,1846,1843,1840,1837,1835,1832,1829,1826,1824,1821,1818,1816,1813,1810,1808,1805,1802,1800,1797,1795,1792,1789,1787,1784,1782,1779,1777,1774,1772,1769,1767,1764,1762,1760,1757,1755,1752,1750,1748,1745,1743,1741,1738,1736,1734,1731,1729,1727,1725,1722,1720,1718,1715,1713,1711,1709,1707,1704,1702,1700,1698,1696,1694,1691,1689,1687,1685,1683,1681,1679,1677,1675,1672,1670,1668,1666,1664,1662,1660,1658,1656,1654,1652,1650,1648,1646,1644,1642,1640,1638,1636,1634,1632,1630,1628,1626,1625,1623,1621,1619,1617,1615,1613,1611,1609,1607,1606,1604,1602,1600,1598,1596,1594,1593,1591,1589,1587,1585,1584,1582,1580,1578,1576,1575,1573,1571,1569,1567,1566,1564,1562,1560,1559,1557,1555,1554,1552,1550,1548,1547,1545,1543,1541,1540,1538,1536,1535,1533,1531,1530,1528,1526,1525,1523,1521,1520,1518,1516,1515,1513,1512,1510,1508,1507,1505,1503,1502,1500,1499,1497,1495,1494,1492,1491,1489,1487,1486,1484,1483,1481,1480,1478,1476,1475,1473,1472,1470,1469,1467,1466,1464,1462,1461,1459,1458,1456,1455,1453,1452,1450,1449,1447,1446,1444,1443,1441,1440,1438,1437,1435,1434,1432,1431,1429,1428,1426,1425,1423,1422,1421,1419,1418,1416,1415,1413,1412,1410,1409,1407,1406,1405,1403,1402,1400,1399,1397,1396,1395,1393,1392,1390,1389,1387,1386,1385,1383,1382,1380,1379,1378,1376,1375,1373,1372,1371,1369,1368,1366,1365,1364,1362,1361,1360,1358,1357,1355,1354,1353,1351,1350,1349,1347,1346,1345,1343,1342,1341,1339,1338,1336,1335,1334,1332,1331,1330,1328,1327,1326,1324,1323,1322,1320,1319,1318,1316,1315,1314,1312,1311,1310,1309,1307,1306,1305,1303,1302,1301,1299,1298,1297,1295,1294,1293,1292,1290,1289,1288,1286,1285,1284,1282,1281,1280,1279,1277,1276,1275,1273,1272,1271,1270,1268,1267,1266,1265,1263,1262,1261,1259,1258,1257,1256,1254,1253,1252,1251,1249,1248,1247,1246,1244,1243,1242,1241,1239,1238,1237,1235,1234,1233,1232,1230,1229,1228,1227,1225,1224,1223,1222,1221,1219,1218,1217,1216,1214,1213,1212,1211,1209,1208,1207,1206,1204,1203,1202,1201,1199,1198,1197,1196,1195,1193,1192,1191,1190,1188,1187,1186,1185,1184,1182,1181,1180,1179,1177,1176,1175,1174,1173,1171,1170,1169,1168,1166,1165,1164,1163,1162,1160,1159,1158,1157,1155,1154,1153,1152,1151,1149,1148,1147,1146,1145,1143,1142,1141,1140,1139,1137,1136,1135,1134,1132,1131,1130,1129,1128,1126,1125,1124,1123,1122,1120,1119,1118,1117,1116,1114,1113,1112,1111,1110,1108,1107,1106,1105,1103,1102,1101,1100,1099,1097,1096,1095,1094,1093,1091,1090,1089,1088,1087,1085,1084,1083,1082,1081,1079,1078,1077,1076,1074,1073,1072,1071,1070,1068,1067,1066,1065,1064,1062,1061,1060,1059,1058,1056,1055,1054,1053,1051,1050,1049,1048,1047,1045,1044,1043,1042,1041,1039,1038,1037,1036,1034,1033,1032,1031,1030,1028,1027,1026,1025,1023,1022,1021,1020,1018,1017,1016,1015,1014,1012,1011,1010,1009,1007,1006,1005,1004,1002,1001,1000,999,998,996,995,994,993,991,990,989,988,986,985,984,983,981,980,979,978,976,975,974,973,971,970,969,968,966,965,964,962,961,960,959,957,956,955,954,952,951,950,948,947,946,945,943,942,941,939,938,937,936,934,933,932,930,929,928,926,925,924,923,921,920,919,917,916,915,913,912,911,909,908,907,905,904,903,901,900,899,897,896,895,893,892,891,889,888,887,885,884,883,881,880,878,877,876,874,873,872,870,869,867,866,865,863,862,861,859,858,856,855,853,852,851,849,848,846,845,844,842,841,839,838,836,835,834,832,831,829,828,826,825,823,822,820,819,817,816,814,813,811,810,808,807,805,804,802,801,799,798,796,795,793,792,790,789,787,786,784,782,781,779,778,776,775,773,771,770,768,767,765,763,762,760,759,757,755,754,752,750,749,747,746,744,742,741,739,737,735,734,732,730,729,727,725,724,722,720,718,717,715,713,711,710,708,706,704,702,701,699,697,695,693,692,690,688,686,684,682,680,678,677,675,673,671,669,667,665,663,661,659,657,655,653,651,649,647,645,643,641,639,637,635,633,631,629,627,625,623,621,618,616,614,612,610,608,605,603,601,599,596,594,592,590,587,585,583,580,578,576,573,571,569,566,564,561,559,556,554,551,549,546,544,541,539,536,534,531,528,526,523,520,518,515,512,509,507,504,501,498,495,492,489,487,484,481,478,475,472,469,465,462,459,456,453,450,446,443,440,436,433,430,426,423,419,416,412,409,405,401,398,394,390,386,383,379,375,371,367,363,359,354,350,346,342,337,333,328,324,319,315,310,305,300,296,291,286,281,275,270,265,259,254,248,243,237,231,225,219,213,207,200,194,187,180,173,166,159,152,144,136,129,121,112,104,95,86,77,68,58,48,38,27,16,5,-7,-20,-32,-46,-60,-74,-90,-106,-123,-142,-161,-182,-205,-230,-257,-288,-322,-362,-410,-468,-546,-663,-911]}