{"borders":[861.9784821968597,719.206739756005,465.9417953463969,233.64295230357172,91.79202922451421,28.498709985593603,7.238265285639621],"perfs":[3415,3164,3044,2963,2902,2852,2809,2772,2740,2710,2683,2658,2635,2614,2594,2575,2557,2540,2524,2509,2494,2480,2466,2453,2441,2429,2417,2406,2395,2384,2373,2363,2354,2344,2335,2326,2317,2308,2299,2291,2283,2275,2267,2260,2252,2245,2238,2231,2224,2217,2210,2203,2197,2191,2184,2178,2172,2166,2160,2154,2148,2143,2137,2131,2126,2121,2115,2110,2105,2100,2095,2090,2085,2080,2075,2070,2065,2060,2056,2051,2047,2042,2038,2033,2029,2024,2020,2016,2012,2007,2003,1999,1995,1991,1987,1983,1979,1975,1971,1967,1964,1960,1956,1952,1948,1945,1941,1937,1934,1930,1927,1923,1920,1916,1913,1909,1906,1902,1899,1896,1892,1889,1886,1882,1879,1876,1873,1869,1866,1863,1860,1857,1854,1851,1848,1844,1841,1838,1835,1832,1829,1826,1823,1821,1818,1815,1812,1809,1806,1803,1800,1798,1795,1792,1789,1786,1784,1781,1778,1775,1773,1770,1767,1765,1762,1759,1757,1754,1751,1749,1746,1744,1741,1738,1736,1733,1731,1728,1726,1723,1721,1718,1716,1713,1711,1708,1706,1703,1701,1699,1696,1694,1691,1689,1687,1684,1682,1679,1677,1675,1672,1670,1668,1665,1663,1661,1659,1656,1654,1652,1649,1647,1645,1643,1640,1638,1636,1634,1632,1629,1627,1625,1623,1621,1619,1616,1614,1612,1610,1608,1606,1603,1601,1599,1597,1595,1593,1591,1589,1587,1585,1583,1580,1578,1576,1574,1572,1570,1568,1566,1564,1562,1560,1558,1556,1554,1552,1550,1548,1546,1544,1542,1540,1538,1536,1534,1532,1530,1528,1526,1525,1523,1521,1519,1517,1515,1513,1511,1509,1507,1505,1504,1502,1500,1498,1496,1494,1492,1490,1489,1487,1485,1483,1481,1479,1477,1476,1474,1472,1470,1468,1467,1465,1463,1461,1459,1457,1456,1454,1452,1450,1449,1447,1445,1443,1441,1440,1438,1436,1434,1433,1431,1429,1427,1426,1424,1422,1420,1419,1417,1415,1413,1412,1410,1408,1407,1405,1403,1401,1400,1398,1396,1395,1393,1391,1390,1388,1386,1384,1383,1381,1379,1378,1376,1374,1373,1371,1369,1368,1366,1364,1363,1361,1359,1358,1356,1355,1353,1351,1350,1348,1346,1345,1343,1341,1340,1338,1337,1335,1333,1332,1330,1329,1327,1325,1324,1322,1321,1319,1317,1316,1314,1313,1311,1309,1308,1306,1305,1303,1301,1300,1298,1297,1295,1294,1292,1290,1289,1287,1286,1284,1283,1281,1279,1278,1276,1275,1273,1272,1270,1269,1267,1265,1264,1262,1261,1259,1258,1256,1255,1253,1252,1250,1248,1247,1245,1244,1242,1241,1239,1238,1236,1235,1233,1232,1230,1229,1227,1226,1224,1223,1221,1220,1218,1217,1215,1213,1212,1210,1209,1207,1206,1204,1203,1201,1200,1198,1197,1195,1194,1192,1191,1189,1188,1186,1185,1183,1182,1180,1179,1177,1176,1174,1173,1171,1170,1168,1167,1165,1164,1163,1161,1160,1158,1157,1155,1154,1152,1151,1149,1148,1146,1145,1143,1142,1140,1139,1137,1136,1134,1133,1131,1130,1128,1127,1125,1124,1122,1121,1119,1118,1116,1115,1113,1112,1111,1109,1108,1106,1105,1103,1102,1100,1099,1097,1096,1094,1093,1091,1090,1088,1087,1085,1084,1082,1081,1079,1078,1076,1075,1073,1072,1070,1069,1067,1066,1064,1063,1061,1060,1058,1057,1055,1054,1052,1051,1049,1048,1046,1045,1043,1042,1040,1039,1037,1036,1034,1033,1031,1030,1028,1027,1025,1024,1022,1021,1019,1018,1016,1015,1013,1012,1010,1009,1007,1006,1004,1003,1001,1000,998,996,995,993,992,990,989,987,986,984,983,981,979,978,976,975,973,972,970,969,967,965,964,962,961,959,958,956,954,953,951,950,948,947,945,943,942,940,939,937,935,934,932,931,929,927,926,924,922,921,919,918,916,914,913,911,909,908,906,904,903,901,899,898,896,894,893,891,889,888,886,884,883,881,879,878,876,874,872,871,869,867,866,864,862,860,859,857,855,853,852,850,848,846,844,843,841,839,837,836,834,832,830,828,826,825,823,821,819,817,815,814,812,810,808,806,804,802,800,798,797,795,793,791,789,787,785,783,781,779,777,775,773,771,769,767,765,763,761,759,757,755,753,751,749,747,745,743,741,738,736,734,732,730,728,726,723,721,719,717,715,712,710,708,706,703,701,699,697,694,692,690,687,685,683,680,678,676,673,671,668,666,663,661,658,656,653,651,648,646,643,641,638,636,633,630,628,625,622,620,617,614,611,609,606,603,600,597,594,591,589,586,583,580,577,574,571,568,564,561,558,555,552,549,545,542,539,536,532,529,525,522,518,515,511,508,504,501,497,493,489,486,482,478,474,470,466,462,458,454,450,445,441,437,432,428,423,419,414,409,405,400,395,390,385,380,375,369,364,359,353,348,342,336,330,324,318,312,305,299,292,286,279,272,265,257,250,242,234,226,218,209,201,192,182,173,163,153,142,132,120,109,97,84,71,57,43,28,12,-4,-22,-41,-61,-83,-106,-131,-159,-191,-226,-267,-315,-375,-454,-571,-821]}