{"borders":[706.0169729309445,605.3555356928588,412.7612116829662,215.6741958639454,86.48671366056874,27.165055837894037,6.728914852984696],"perfs":[3390,3140,3021,2941,2880,2831,2789,2753,2721,2692,2665,2641,2618,2597,2578,2559,2541,2525,2509,2493,2479,2465,2451,2438,2426,2414,2402,2391,2380,2369,2358,2348,2338,2329,2319,2310,2301,2292,2284,2275,2267,2259,2251,2244,2236,2228,2221,2214,2207,2200,2193,2186,2180,2173,2167,2160,2154,2148,2142,2136,2130,2124,2118,2112,2107,2101,2096,2090,2085,2080,2075,2069,2064,2059,2054,2049,2044,2039,2035,2030,2025,2020,2016,2011,2007,2002,1998,1993,1989,1985,1980,1976,1972,1968,1963,1959,1955,1951,1947,1943,1939,1935,1931,1927,1924,1920,1916,1912,1908,1905,1901,1897,1894,1890,1886,1883,1879,1876,1872,1869,1865,1862,1858,1855,1852,1848,1845,1842,1838,1835,1832,1828,1825,1822,1819,1816,1812,1809,1806,1803,1800,1797,1794,1791,1788,1785,1782,1779,1776,1773,1770,1767,1764,1761,1758,1755,1752,1749,1746,1744,1741,1738,1735,1732,1729,1727,1724,1721,1718,1716,1713,1710,1708,1705,1702,1699,1697,1694,1691,1689,1686,1684,1681,1678,1676,1673,1671,1668,1666,1663,1660,1658,1655,1653,1650,1648,1645,1643,1640,1638,1635,1633,1630,1628,1626,1623,1621,1618,1616,1614,1611,1609,1606,1604,1602,1599,1597,1595,1592,1590,1587,1585,1583,1581,1578,1576,1574,1571,1569,1567,1564,1562,1560,1558,1555,1553,1551,1549,1546,1544,1542,1540,1537,1535,1533,1531,1529,1526,1524,1522,1520,1518,1515,1513,1511,1509,1507,1505,1503,1500,1498,1496,1494,1492,1490,1488,1485,1483,1481,1479,1477,1475,1473,1471,1469,1466,1464,1462,1460,1458,1456,1454,1452,1450,1448,1446,1444,1442,1440,1438,1435,1433,1431,1429,1427,1425,1423,1421,1419,1417,1415,1413,1411,1409,1407,1405,1403,1401,1399,1397,1395,1393,1391,1389,1387,1385,1383,1381,1379,1377,1375,1373,1371,1369,1367,1365,1363,1362,1360,1358,1356,1354,1352,1350,1348,1346,1344,1342,1340,1338,1336,1334,1332,1330,1328,1327,1325,1323,1321,1319,1317,1315,1313,1311,1309,1307,1305,1304,1302,1300,1298,1296,1294,1292,1290,1288,1286,1284,1283,1281,1279,1277,1275,1273,1271,1269,1267,1265,1264,1262,1260,1258,1256,1254,1252,1250,1248,1247,1245,1243,1241,1239,1237,1235,1233,1232,1230,1228,1226,1224,1222,1220,1218,1216,1215,1213,1211,1209,1207,1205,1203,1201,1200,1198,1196,1194,1192,1190,1188,1186,1185,1183,1181,1179,1177,1175,1173,1171,1169,1168,1166,1164,1162,1160,1158,1156,1154,1153,1151,1149,1147,1145,1143,1141,1139,1137,1136,1134,1132,1130,1128,1126,1124,1122,1120,1118,1117,1115,1113,1111,1109,1107,1105,1103,1101,1099,1098,1096,1094,1092,1090,1088,1086,1084,1082,1080,1078,1076,1074,1073,1071,1069,1067,1065,1063,1061,1059,1057,1055,1053,1051,1049,1047,1045,1043,1041,1039,1037,1035,1033,1032,1030,1028,1026,1024,1022,1020,1018,1016,1014,1012,1010,1008,1006,1004,1002,1000,997,995,993,991,989,987,985,983,981,979,977,975,973,971,969,967,965,963,960,958,956,954,952,950,948,946,943,941,939,937,935,933,931,928,926,924,922,920,918,915,913,911,909,906,904,902,900,897,895,893,891,888,886,884,882,879,877,875,872,870,868,865,863,861,858,856,853,851,849,846,844,841,839,836,834,831,829,826,824,821,819,816,814,811,809,806,804,801,798,796,793,790,788,785,782,780,777,774,771,769,766,763,760,757,755,752,749,746,743,740,737,734,731,728,725,722,719,716,713,710,707,704,700,697,694,691,688,684,681,678,674,671,667,664,660,657,653,650,646,643,639,635,632,628,624,620,616,612,608,604,600,596,592,588,584,580,575,571,567,562,558,553,548,544,539,534,529,524,519,514,509,504,499,493,488,482,477,471,465,459,453,447,441,434,428,421,414,407,400,393,385,378,370,362,354,346,337,328,319,310,300,290,279,269,258,246,234,222,209,195,181,166,150,134,116,97,77,55,32,6,-22,-53,-89,-130,-178,-238,-317,-436,-685]}