{"borders":[864.4643715920619,712.7009726498052,445.9530833293061,224.2074568742589,97.98219177872765,36.14686489889866,12.093585823768024],"perfs":[3643,3381,3252,3162,3092,3034,2985,2941,2901,2866,2833,2803,2775,2748,2724,2701,2679,2658,2639,2620,2602,2585,2569,2553,2538,2523,2509,2496,2483,2470,2458,2446,2434,2423,2412,2402,2391,2381,2371,2362,2352,2343,2334,2325,2317,2308,2300,2292,2284,2276,2268,2261,2253,2246,2239,2231,2224,2218,2211,2204,2198,2191,2185,2178,2172,2166,2160,2154,2148,2142,2136,2130,2125,2119,2114,2108,2103,2097,2092,2087,2082,2076,2071,2066,2061,2056,2051,2046,2042,2037,2032,2027,2023,2018,2013,2009,2004,2000,1995,1991,1987,1982,1978,1974,1969,1965,1961,1957,1953,1949,1945,1941,1937,1933,1929,1925,1921,1917,1913,1909,1905,1902,1898,1894,1890,1887,1883,1879,1876,1872,1868,1865,1861,1858,1854,1851,1847,1844,1840,1837,1834,1830,1827,1824,1820,1817,1814,1810,1807,1804,1801,1797,1794,1791,1788,1785,1782,1779,1775,1772,1769,1766,1763,1760,1757,1754,1751,1748,1745,1742,1739,1736,1734,1731,1728,1725,1722,1719,1716,1714,1711,1708,1705,1703,1700,1697,1694,1692,1689,1686,1683,1681,1678,1675,1673,1670,1668,1665,1662,1660,1657,1655,1652,1650,1647,1644,1642,1639,1637,1634,1632,1629,1627,1625,1622,1620,1617,1615,1612,1610,1608,1605,1603,1600,1598,1596,1593,1591,1589,1586,1584,1582,1580,1577,1575,1573,1570,1568,1566,1564,1561,1559,1557,1555,1553,1550,1548,1546,1544,1542,1539,1537,1535,1533,1531,1529,1527,1524,1522,1520,1518,1516,1514,1512,1510,1508,1506,1504,1501,1499,1497,1495,1493,1491,1489,1487,1485,1483,1481,1479,1477,1475,1473,1471,1469,1467,1465,1463,1462,1460,1458,1456,1454,1452,1450,1448,1446,1444,1442,1440,1439,1437,1435,1433,1431,1429,1427,1425,1424,1422,1420,1418,1416,1414,1413,1411,1409,1407,1405,1403,1402,1400,1398,1396,1395,1393,1391,1389,1387,1386,1384,1382,1380,1379,1377,1375,1373,1372,1370,1368,1366,1365,1363,1361,1360,1358,1356,1354,1353,1351,1349,1348,1346,1344,1343,1341,1339,1338,1336,1334,1333,1331,1329,1328,1326,1324,1323,1321,1319,1318,1316,1314,1313,1311,1310,1308,1306,1305,1303,1301,1300,1298,1297,1295,1293,1292,1290,1289,1287,1286,1284,1282,1281,1279,1278,1276,1274,1273,1271,1270,1268,1267,1265,1264,1262,1260,1259,1257,1256,1254,1253,1251,1250,1248,1247,1245,1244,1242,1240,1239,1237,1236,1234,1233,1231,1230,1228,1227,1225,1224,1222,1221,1219,1218,1216,1215,1213,1212,1210,1209,1207,1206,1204,1203,1201,1200,1198,1197,1195,1194,1193,1191,1190,1188,1187,1185,1184,1182,1181,1179,1178,1176,1175,1173,1172,1171,1169,1168,1166,1165,1163,1162,1160,1159,1158,1156,1155,1153,1152,1150,1149,1147,1146,1145,1143,1142,1140,1139,1137,1136,1134,1133,1132,1130,1129,1127,1126,1124,1123,1122,1120,1119,1117,1116,1114,1113,1112,1110,1109,1107,1106,1104,1103,1102,1100,1099,1097,1096,1095,1093,1092,1090,1089,1087,1086,1085,1083,1082,1080,1079,1077,1076,1075,1073,1072,1070,1069,1068,1066,1065,1063,1062,1060,1059,1058,1056,1055,1053,1052,1050,1049,1048,1046,1045,1043,1042,1040,1039,1038,1036,1035,1033,1032,1031,1029,1028,1026,1025,1023,1022,1020,1019,1018,1016,1015,1013,1012,1010,1009,1008,1006,1005,1003,1002,1000,999,997,996,995,993,992,990,989,987,986,984,983,982,980,979,977,976,974,973,971,970,968,967,965,964,962,961,960,958,957,955,954,952,951,949,948,946,945,943,942,940,939,937,936,934,933,931,930,928,927,925,924,922,921,919,917,916,914,913,911,910,908,907,905,904,902,900,899,897,896,894,893,891,890,888,886,885,883,882,880,878,877,875,874,872,870,869,867,866,864,862,861,859,857,856,854,853,851,849,848,846,844,843,841,839,838,836,834,832,831,829,827,826,824,822,821,819,817,815,814,812,810,808,807,805,803,801,799,798,796,794,792,790,789,787,785,783,781,780,778,776,774,772,770,768,766,765,763,761,759,757,755,753,751,749,747,745,743,741,739,737,735,733,731,729,727,725,723,721,719,717,715,713,711,709,707,705,702,700,698,696,694,692,689,687,685,683,681,678,676,674,672,669,667,665,662,660,658,655,653,651,648,646,643,641,639,636,634,631,629,626,624,621,618,616,613,611,608,605,603,600,597,595,592,589,586,584,581,578,575,572,569,567,564,561,558,555,552,549,546,543,539,536,533,530,527,524,520,517,514,510,507,504,500,497,493,490,486,483,479,475,472,468,464,460,456,452,449,445,440,436,432,428,424,420,415,411,407,402,398,393,388,384,379,374,369,364,359,354,349,343,338,333,327,321,316,310,304,298,292,286,279,273,266,259,253,246,238,231,224,216,208,200,192,183,174,165,156,147,137,127,116,106,94,83,71,58,45,32,17,2,-14,-30,-48,-67,-87,-109,-132,-158,-186,-217,-253,-294,-343,-403,-482,-600,-850]}