{"borders":[1029.0998630529612,862.6963251517593,560.011491025037,275.43509456171466,106.02391244415668,32.37572852830597,7.954900368705324],"perfs":[3432,3182,3064,2985,2924,2876,2834,2798,2767,2738,2712,2688,2666,2646,2626,2608,2591,2574,2559,2544,2530,2516,2503,2491,2478,2467,2455,2444,2434,2423,2413,2404,2394,2385,2376,2367,2358,2350,2342,2334,2326,2318,2311,2303,2296,2289,2282,2275,2269,2262,2255,2249,2243,2237,2230,2224,2219,2213,2207,2201,2196,2190,2185,2180,2174,2169,2164,2159,2154,2149,2144,2139,2134,2130,2125,2120,2116,2111,2107,2102,2098,2093,2089,2085,2081,2076,2072,2068,2064,2060,2056,2052,2048,2044,2040,2037,2033,2029,2025,2022,2018,2014,2011,2007,2004,2000,1997,1993,1990,1986,1983,1979,1976,1973,1969,1966,1963,1960,1956,1953,1950,1947,1944,1941,1938,1935,1931,1928,1925,1922,1919,1916,1913,1911,1908,1905,1902,1899,1896,1893,1890,1888,1885,1882,1879,1877,1874,1871,1868,1866,1863,1860,1858,1855,1853,1850,1847,1845,1842,1840,1837,1834,1832,1829,1827,1824,1822,1820,1817,1815,1812,1810,1807,1805,1803,1800,1798,1795,1793,1791,1788,1786,1784,1781,1779,1777,1775,1772,1770,1768,1766,1763,1761,1759,1757,1754,1752,1750,1748,1746,1744,1741,1739,1737,1735,1733,1731,1729,1726,1724,1722,1720,1718,1716,1714,1712,1710,1708,1706,1704,1702,1700,1698,1696,1694,1692,1690,1688,1686,1684,1682,1680,1678,1676,1674,1672,1670,1668,1666,1664,1663,1661,1659,1657,1655,1653,1651,1649,1648,1646,1644,1642,1640,1638,1636,1635,1633,1631,1629,1627,1626,1624,1622,1620,1618,1617,1615,1613,1611,1610,1608,1606,1604,1603,1601,1599,1597,1596,1594,1592,1590,1589,1587,1585,1584,1582,1580,1578,1577,1575,1573,1572,1570,1568,1567,1565,1563,1562,1560,1558,1557,1555,1554,1552,1550,1549,1547,1545,1544,1542,1541,1539,1537,1536,1534,1533,1531,1529,1528,1526,1525,1523,1521,1520,1518,1517,1515,1514,1512,1510,1509,1507,1506,1504,1503,1501,1500,1498,1497,1495,1494,1492,1491,1489,1488,1486,1484,1483,1481,1480,1478,1477,1475,1474,1472,1471,1470,1468,1467,1465,1464,1462,1461,1459,1458,1456,1455,1453,1452,1450,1449,1448,1446,1445,1443,1442,1440,1439,1437,1436,1435,1433,1432,1430,1429,1427,1426,1425,1423,1422,1420,1419,1417,1416,1415,1413,1412,1410,1409,1408,1406,1405,1403,1402,1401,1399,1398,1397,1395,1394,1392,1391,1390,1388,1387,1386,1384,1383,1381,1380,1379,1377,1376,1375,1373,1372,1371,1369,1368,1367,1365,1364,1362,1361,1360,1358,1357,1356,1354,1353,1352,1350,1349,1348,1346,1345,1344,1342,1341,1340,1338,1337,1336,1335,1333,1332,1331,1329,1328,1327,1325,1324,1323,1321,1320,1319,1318,1316,1315,1314,1312,1311,1310,1308,1307,1306,1305,1303,1302,1301,1299,1298,1297,1296,1294,1293,1292,1290,1289,1288,1287,1285,1284,1283,1281,1280,1279,1278,1276,1275,1274,1273,1271,1270,1269,1267,1266,1265,1264,1262,1261,1260,1259,1257,1256,1255,1254,1252,1251,1250,1249,1247,1246,1245,1244,1242,1241,1240,1239,1237,1236,1235,1234,1232,1231,1230,1229,1227,1226,1225,1224,1222,1221,1220,1219,1217,1216,1215,1214,1212,1211,1210,1209,1207,1206,1205,1204,1202,1201,1200,1199,1198,1196,1195,1194,1193,1191,1190,1189,1188,1186,1185,1184,1183,1182,1180,1179,1178,1177,1175,1174,1173,1172,1170,1169,1168,1167,1166,1164,1163,1162,1161,1159,1158,1157,1156,1154,1153,1152,1151,1150,1148,1147,1146,1145,1143,1142,1141,1140,1139,1137,1136,1135,1134,1132,1131,1130,1129,1128,1126,1125,1124,1123,1121,1120,1119,1118,1116,1115,1114,1113,1112,1110,1109,1108,1107,1105,1104,1103,1102,1100,1099,1098,1097,1096,1094,1093,1092,1091,1089,1088,1087,1086,1084,1083,1082,1081,1080,1078,1077,1076,1075,1073,1072,1071,1070,1068,1067,1066,1065,1063,1062,1061,1060,1058,1057,1056,1055,1053,1052,1051,1050,1048,1047,1046,1045,1043,1042,1041,1040,1038,1037,1036,1035,1033,1032,1031,1030,1028,1027,1026,1025,1023,1022,1021,1019,1018,1017,1016,1014,1013,1012,1011,1009,1008,1007,1005,1004,1003,1002,1000,999,998,997,995,994,993,991,990,989,987,986,985,984,982,981,980,978,977,976,974,973,972,971,969,968,967,965,964,963,961,960,959,957,956,955,953,952,951,949,948,947,945,944,943,941,940,939,937,936,935,933,932,931,929,928,926,925,924,922,921,920,918,917,915,914,913,911,910,909,907,906,904,903,902,900,899,897,896,895,893,892,890,889,887,886,885,883,882,880,879,877,876,874,873,872,870,869,867,866,864,863,861,860,858,857,855,854,852,851,849,848,846,845,843,842,840,839,837,836,834,833,831,830,828,826,825,823,822,820,819,817,816,814,812,811,809,808,806,804,803,801,800,798,796,795,793,791,790,788,786,785,783,781,780,778,776,775,773,771,770,768,766,764,763,761,759,757,756,754,752,750,749,747,745,743,742,740,738,736,734,732,731,729,727,725,723,721,720,718,716,714,712,710,708,706,704,702,700,698,696,694,692,690,689,686,684,682,680,678,676,674,672,670,668,666,664,662,660,657,655,653,651,649,647,644,642,640,638,636,633,631,629,626,624,622,619,617,615,612,610,608,605,603,600,598,595,593,590,588,585,583,580,578,575,573,570,567,565,562,559,557,554,551,548,546,543,540,537,534,531,528,525,522,519,516,513,510,507,504,501,498,495,491,488,485,482,478,475,472,468,465,461,458,454,451,447,443,440,436,432,428,424,421,417,413,409,405,400,396,392,388,383,379,375,370,366,361,356,352,347,342,337,332,327,322,316,311,306,300,294,289,283,277,271,265,259,252,246,239,233,226,219,212,204,197,189,181,173,165,156,148,139,129,120,110,100,89,79,67,56,44,31,18,4,-10,-25,-41,-58,-75,-94,-114,-136,-160,-185,-213,-245,-280,-321,-370,-430,-510,-628,-878]}