{"borders":[712.6723898050542,598.8414695642279,393.6765857586637,202.75209711896187,84.71327121628025,28.94562549466517,8.037554867322008],"perfs":[3455,3202,3081,2998,2935,2884,2840,2801,2767,2736,2708,2682,2658,2635,2614,2594,2575,2557,2539,2523,2507,2492,2477,2463,2449,2436,2424,2411,2399,2388,2376,2365,2355,2344,2334,2324,2315,2305,2296,2287,2278,2269,2261,2252,2244,2236,2228,2221,2213,2205,2198,2191,2184,2177,2170,2163,2156,2150,2143,2137,2130,2124,2118,2112,2106,2100,2094,2088,2082,2077,2071,2066,2060,2055,2049,2044,2039,2034,2028,2023,2018,2013,2008,2003,1999,1994,1989,1984,1980,1975,1970,1966,1961,1957,1952,1948,1944,1939,1935,1931,1926,1922,1918,1914,1910,1906,1902,1898,1894,1890,1886,1882,1878,1874,1870,1866,1863,1859,1855,1851,1848,1844,1840,1837,1833,1830,1826,1823,1819,1815,1812,1809,1805,1802,1798,1795,1791,1788,1785,1781,1778,1775,1772,1768,1765,1762,1759,1756,1752,1749,1746,1743,1740,1737,1734,1731,1727,1724,1721,1718,1715,1712,1709,1706,1704,1701,1698,1695,1692,1689,1686,1683,1680,1677,1675,1672,1669,1666,1663,1661,1658,1655,1652,1650,1647,1644,1641,1639,1636,1633,1631,1628,1625,1623,1620,1618,1615,1612,1610,1607,1605,1602,1599,1597,1594,1592,1589,1587,1584,1582,1579,1577,1574,1572,1569,1567,1564,1562,1559,1557,1555,1552,1550,1547,1545,1542,1540,1538,1535,1533,1531,1528,1526,1524,1521,1519,1517,1514,1512,1510,1507,1505,1503,1500,1498,1496,1494,1491,1489,1487,1485,1482,1480,1478,1476,1473,1471,1469,1467,1465,1462,1460,1458,1456,1454,1451,1449,1447,1445,1443,1441,1438,1436,1434,1432,1430,1428,1426,1424,1421,1419,1417,1415,1413,1411,1409,1407,1405,1403,1400,1398,1396,1394,1392,1390,1388,1386,1384,1382,1380,1378,1376,1374,1372,1370,1368,1366,1364,1362,1360,1358,1356,1354,1352,1350,1348,1346,1344,1342,1340,1338,1336,1334,1332,1330,1328,1326,1324,1322,1320,1318,1316,1314,1312,1310,1308,1307,1305,1303,1301,1299,1297,1295,1293,1291,1289,1287,1285,1284,1282,1280,1278,1276,1274,1272,1270,1268,1266,1265,1263,1261,1259,1257,1255,1253,1251,1249,1248,1246,1244,1242,1240,1238,1236,1235,1233,1231,1229,1227,1225,1223,1222,1220,1218,1216,1214,1212,1210,1209,1207,1205,1203,1201,1199,1198,1196,1194,1192,1190,1188,1187,1185,1183,1181,1179,1177,1176,1174,1172,1170,1168,1166,1165,1163,1161,1159,1157,1155,1154,1152,1150,1148,1146,1145,1143,1141,1139,1137,1135,1134,1132,1130,1128,1126,1125,1123,1121,1119,1117,1115,1114,1112,1110,1108,1106,1105,1103,1101,1099,1097,1095,1094,1092,1090,1088,1086,1084,1083,1081,1079,1077,1075,1073,1072,1070,1068,1066,1064,1062,1061,1059,1057,1055,1053,1051,1050,1048,1046,1044,1042,1040,1038,1037,1035,1033,1031,1029,1027,1025,1024,1022,1020,1018,1016,1014,1012,1010,1009,1007,1005,1003,1001,999,997,995,993,992,990,988,986,984,982,980,978,976,974,972,970,969,967,965,963,961,959,957,955,953,951,949,947,945,943,941,939,937,935,933,931,929,927,925,923,921,919,917,915,913,911,909,907,905,903,901,899,897,895,893,890,888,886,884,882,880,878,876,874,871,869,867,865,863,861,859,856,854,852,850,848,845,843,841,839,836,834,832,830,827,825,823,821,818,816,814,811,809,807,804,802,800,797,795,792,790,788,785,783,780,778,775,773,770,768,765,763,760,758,755,753,750,748,745,742,740,737,734,732,729,726,724,721,718,715,713,710,707,704,701,699,696,693,690,687,684,681,678,675,672,669,666,663,660,657,654,650,647,644,641,638,634,631,628,624,621,617,614,611,607,604,600,596,593,589,585,582,578,574,570,566,563,559,555,551,547,542,538,534,530,526,521,517,512,508,503,499,494,489,485,480,475,470,465,460,455,449,444,439,433,427,422,416,410,404,398,392,385,379,372,366,359,352,345,338,330,323,315,307,299,290,282,273,264,254,245,235,225,214,203,192,180,168,155,142,128,113,98,82,65,48,29,9,-13,-36,-61,-88,-118,-152,-189,-232,-283,-346,-428,-549,-802]}