{"borders":[994.7205679014777,827.458696924207,533.5051110848946,265.3832393953037,106.57743023774202,33.84808265584291,8.297287784266034],"perfs":[3441,3192,3074,2995,2935,2886,2845,2810,2778,2750,2724,2701,2679,2658,2639,2621,2604,2588,2572,2558,2543,2530,2517,2504,2492,2481,2469,2458,2448,2437,2427,2417,2408,2399,2390,2381,2372,2364,2355,2347,2339,2331,2324,2316,2309,2302,2295,2288,2281,2274,2267,2261,2254,2248,2242,2236,2230,2224,2218,2212,2206,2200,2195,2189,2184,2178,2173,2168,2163,2158,2152,2147,2142,2137,2133,2128,2123,2118,2114,2109,2104,2100,2095,2091,2087,2082,2078,2074,2069,2065,2061,2057,2053,2049,2045,2041,2037,2033,2029,2025,2021,2017,2013,2010,2006,2002,1998,1995,1991,1988,1984,1980,1977,1973,1970,1966,1963,1960,1956,1953,1950,1946,1943,1940,1936,1933,1930,1927,1924,1920,1917,1914,1911,1908,1905,1902,1899,1896,1893,1890,1887,1884,1881,1878,1875,1872,1869,1866,1863,1861,1858,1855,1852,1849,1847,1844,1841,1838,1836,1833,1830,1828,1825,1822,1820,1817,1815,1812,1809,1807,1804,1802,1799,1797,1794,1792,1789,1787,1784,1782,1779,1777,1774,1772,1769,1767,1765,1762,1760,1757,1755,1753,1750,1748,1746,1743,1741,1739,1736,1734,1732,1730,1727,1725,1723,1721,1718,1716,1714,1712,1710,1707,1705,1703,1701,1699,1697,1694,1692,1690,1688,1686,1684,1682,1680,1678,1675,1673,1671,1669,1667,1665,1663,1661,1659,1657,1655,1653,1651,1649,1647,1645,1643,1641,1639,1637,1635,1633,1631,1629,1627,1625,1623,1622,1620,1618,1616,1614,1612,1610,1608,1606,1604,1603,1601,1599,1597,1595,1593,1591,1590,1588,1586,1584,1582,1580,1579,1577,1575,1573,1571,1570,1568,1566,1564,1563,1561,1559,1557,1555,1554,1552,1550,1548,1547,1545,1543,1542,1540,1538,1536,1535,1533,1531,1530,1528,1526,1524,1523,1521,1519,1518,1516,1514,1513,1511,1509,1508,1506,1504,1503,1501,1500,1498,1496,1495,1493,1491,1490,1488,1486,1485,1483,1482,1480,1478,1477,1475,1474,1472,1470,1469,1467,1466,1464,1463,1461,1459,1458,1456,1455,1453,1452,1450,1449,1447,1445,1444,1442,1441,1439,1438,1436,1435,1433,1432,1430,1429,1427,1426,1424,1423,1421,1420,1418,1417,1415,1414,1412,1411,1409,1408,1406,1405,1403,1402,1400,1399,1397,1396,1394,1393,1391,1390,1388,1387,1386,1384,1383,1381,1380,1378,1377,1375,1374,1373,1371,1370,1368,1367,1365,1364,1362,1361,1360,1358,1357,1355,1354,1353,1351,1350,1348,1347,1345,1344,1343,1341,1340,1338,1337,1336,1334,1333,1332,1330,1329,1327,1326,1325,1323,1322,1320,1319,1318,1316,1315,1314,1312,1311,1309,1308,1307,1305,1304,1303,1301,1300,1299,1297,1296,1294,1293,1292,1290,1289,1288,1286,1285,1284,1282,1281,1280,1278,1277,1276,1274,1273,1272,1270,1269,1268,1266,1265,1264,1262,1261,1260,1258,1257,1256,1254,1253,1252,1250,1249,1248,1246,1245,1244,1242,1241,1240,1238,1237,1236,1235,1233,1232,1231,1229,1228,1227,1225,1224,1223,1221,1220,1219,1218,1216,1215,1214,1212,1211,1210,1208,1207,1206,1205,1203,1202,1201,1199,1198,1197,1195,1194,1193,1192,1190,1189,1188,1186,1185,1184,1183,1181,1180,1179,1177,1176,1175,1174,1172,1171,1170,1168,1167,1166,1165,1163,1162,1161,1159,1158,1157,1156,1154,1153,1152,1151,1149,1148,1147,1145,1144,1143,1142,1140,1139,1138,1136,1135,1134,1133,1131,1130,1129,1128,1126,1125,1124,1122,1121,1120,1119,1117,1116,1115,1113,1112,1111,1110,1108,1107,1106,1105,1103,1102,1101,1099,1098,1097,1096,1094,1093,1092,1090,1089,1088,1087,1085,1084,1083,1082,1080,1079,1078,1076,1075,1074,1073,1071,1070,1069,1067,1066,1065,1064,1062,1061,1060,1058,1057,1056,1055,1053,1052,1051,1049,1048,1047,1046,1044,1043,1042,1040,1039,1038,1036,1035,1034,1033,1031,1030,1029,1027,1026,1025,1023,1022,1021,1020,1018,1017,1016,1014,1013,1012,1010,1009,1008,1006,1005,1004,1002,1001,1000,999,997,996,995,993,992,991,989,988,987,985,984,983,981,980,979,977,976,975,973,972,971,969,968,966,965,964,962,961,960,958,957,956,954,953,952,950,949,947,946,945,943,942,941,939,938,936,935,934,932,931,930,928,927,925,924,923,921,920,918,917,915,914,913,911,910,908,907,906,904,903,901,900,898,897,896,894,893,891,890,888,887,885,884,882,881,880,878,877,875,874,872,871,869,868,866,865,863,862,860,859,857,856,854,853,851,850,848,847,845,844,842,840,839,837,836,834,833,831,830,828,826,825,823,822,820,818,817,815,814,812,810,809,807,806,804,802,801,799,797,796,794,793,791,789,788,786,784,782,781,779,777,776,774,772,771,769,767,765,764,762,760,758,757,755,753,751,750,748,746,744,742,741,739,737,735,733,731,730,728,726,724,722,720,718,717,715,713,711,709,707,705,703,701,699,697,695,693,691,689,687,685,683,681,679,677,675,673,671,669,667,665,663,661,658,656,654,652,650,648,645,643,641,639,637,634,632,630,628,625,623,621,618,616,614,611,609,607,604,602,599,597,594,592,590,587,585,582,580,577,574,572,569,567,564,561,559,556,553,551,548,545,542,539,537,534,531,528,525,522,519,516,513,510,507,504,501,498,495,492,489,485,482,479,476,472,469,466,462,459,455,452,448,445,441,437,434,430,426,423,419,415,411,407,403,399,395,391,386,382,378,374,369,365,360,356,351,346,341,337,332,327,322,317,311,306,301,295,290,284,278,272,266,260,254,248,241,235,228,221,214,207,200,192,185,177,169,161,152,143,134,125,116,106,96,85,74,63,51,39,26,13,-1,-16,-31,-48,-65,-84,-103,-125,-148,-173,-200,-231,-266,-306,-354,-414,-492,-610,-858]}