{"borders":[1101.8964941940867,919.8677896243444,603.5737995353368,307.922315934824,122.92259669164326,39.081333358190896,10.083743856084695],"perfs":[3502,3252,3132,3052,2991,2942,2900,2864,2831,2802,2776,2752,2729,2708,2689,2670,2653,2636,2620,2605,2591,2577,2564,2551,2539,2527,2515,2504,2493,2483,2473,2463,2453,2444,2435,2426,2417,2409,2401,2393,2385,2377,2369,2362,2355,2347,2340,2333,2327,2320,2313,2307,2301,2294,2288,2282,2276,2270,2265,2259,2253,2248,2242,2237,2231,2226,2221,2216,2211,2206,2201,2196,2191,2186,2182,2177,2172,2168,2163,2159,2154,2150,2146,2141,2137,2133,2129,2125,2121,2117,2113,2109,2105,2101,2097,2093,2089,2085,2082,2078,2074,2071,2067,2063,2060,2056,2053,2049,2046,2042,2039,2036,2032,2029,2026,2022,2019,2016,2012,2009,2006,2003,2000,1997,1994,1990,1987,1984,1981,1978,1975,1972,1969,1966,1964,1961,1958,1955,1952,1949,1946,1943,1941,1938,1935,1932,1930,1927,1924,1922,1919,1916,1914,1911,1908,1906,1903,1900,1898,1895,1893,1890,1888,1885,1883,1880,1878,1875,1873,1870,1868,1865,1863,1861,1858,1856,1853,1851,1849,1846,1844,1842,1839,1837,1835,1832,1830,1828,1826,1823,1821,1819,1817,1814,1812,1810,1808,1806,1803,1801,1799,1797,1795,1793,1790,1788,1786,1784,1782,1780,1778,1776,1774,1772,1769,1767,1765,1763,1761,1759,1757,1755,1753,1751,1749,1747,1745,1743,1741,1739,1737,1735,1733,1731,1729,1727,1726,1724,1722,1720,1718,1716,1714,1712,1710,1708,1707,1705,1703,1701,1699,1697,1695,1693,1692,1690,1688,1686,1684,1682,1681,1679,1677,1675,1673,1672,1670,1668,1666,1665,1663,1661,1659,1657,1656,1654,1652,1650,1649,1647,1645,1644,1642,1640,1638,1637,1635,1633,1632,1630,1628,1626,1625,1623,1621,1620,1618,1616,1615,1613,1611,1610,1608,1606,1605,1603,1602,1600,1598,1597,1595,1593,1592,1590,1589,1587,1585,1584,1582,1580,1579,1577,1576,1574,1573,1571,1569,1568,1566,1565,1563,1562,1560,1558,1557,1555,1554,1552,1551,1549,1548,1546,1544,1543,1541,1540,1538,1537,1535,1534,1532,1531,1529,1528,1526,1525,1523,1522,1520,1519,1517,1516,1514,1513,1511,1510,1508,1507,1505,1504,1502,1501,1500,1498,1497,1495,1494,1492,1491,1489,1488,1486,1485,1484,1482,1481,1479,1478,1476,1475,1474,1472,1471,1469,1468,1466,1465,1464,1462,1461,1459,1458,1457,1455,1454,1452,1451,1450,1448,1447,1445,1444,1443,1441,1440,1438,1437,1436,1434,1433,1432,1430,1429,1427,1426,1425,1423,1422,1421,1419,1418,1416,1415,1414,1412,1411,1410,1408,1407,1406,1404,1403,1402,1400,1399,1398,1396,1395,1394,1392,1391,1390,1388,1387,1386,1384,1383,1382,1380,1379,1378,1376,1375,1374,1372,1371,1370,1369,1367,1366,1365,1363,1362,1361,1359,1358,1357,1356,1354,1353,1352,1350,1349,1348,1347,1345,1344,1343,1341,1340,1339,1338,1336,1335,1334,1332,1331,1330,1329,1327,1326,1325,1324,1322,1321,1320,1318,1317,1316,1315,1313,1312,1311,1310,1308,1307,1306,1305,1303,1302,1301,1300,1298,1297,1296,1295,1293,1292,1291,1290,1288,1287,1286,1285,1283,1282,1281,1280,1278,1277,1276,1275,1274,1272,1271,1270,1269,1267,1266,1265,1264,1262,1261,1260,1259,1258,1256,1255,1254,1253,1251,1250,1249,1248,1247,1245,1244,1243,1242,1240,1239,1238,1237,1236,1234,1233,1232,1231,1230,1228,1227,1226,1225,1224,1222,1221,1220,1219,1218,1216,1215,1214,1213,1211,1210,1209,1208,1207,1205,1204,1203,1202,1201,1199,1198,1197,1196,1195,1194,1192,1191,1190,1189,1188,1186,1185,1184,1183,1182,1180,1179,1178,1177,1176,1174,1173,1172,1171,1170,1168,1167,1166,1165,1164,1162,1161,1160,1159,1158,1157,1155,1154,1153,1152,1151,1149,1148,1147,1146,1145,1143,1142,1141,1140,1139,1138,1136,1135,1134,1133,1132,1130,1129,1128,1127,1126,1125,1123,1122,1121,1120,1119,1117,1116,1115,1114,1113,1111,1110,1109,1108,1107,1106,1104,1103,1102,1101,1100,1098,1097,1096,1095,1094,1092,1091,1090,1089,1088,1086,1085,1084,1083,1082,1081,1079,1078,1077,1076,1075,1073,1072,1071,1070,1069,1067,1066,1065,1064,1063,1061,1060,1059,1058,1057,1055,1054,1053,1052,1051,1049,1048,1047,1046,1045,1043,1042,1041,1040,1039,1037,1036,1035,1034,1033,1031,1030,1029,1028,1027,1025,1024,1023,1022,1020,1019,1018,1017,1016,1014,1013,1012,1011,1009,1008,1007,1006,1005,1003,1002,1001,1000,998,997,996,995,994,992,991,990,989,987,986,985,984,982,981,980,979,977,976,975,974,972,971,970,969,967,966,965,964,962,961,960,959,957,956,955,954,952,951,950,948,947,946,945,943,942,941,940,938,937,936,934,933,932,930,929,928,927,925,924,923,921,920,919,917,916,915,914,912,911,910,908,907,906,904,903,902,900,899,898,896,895,894,892,891,890,888,887,886,884,883,881,880,879,877,876,875,873,872,871,869,868,866,865,864,862,861,859,858,857,855,854,852,851,850,848,847,845,844,842,841,840,838,837,835,834,832,831,829,828,827,825,824,822,821,819,818,816,815,813,812,810,809,807,806,804,803,801,800,798,797,795,794,792,791,789,788,786,784,783,781,780,778,777,775,773,772,770,769,767,765,764,762,761,759,757,756,754,753,751,749,748,746,744,743,741,739,738,736,734,733,731,729,727,726,724,722,720,719,717,715,713,712,710,708,706,705,703,701,699,697,696,694,692,690,688,686,685,683,681,679,677,675,673,671,669,668,666,664,662,660,658,656,654,652,650,648,646,644,642,640,638,636,634,632,630,627,625,623,621,619,617,615,613,610,608,606,604,602,599,597,595,593,590,588,586,583,581,579,576,574,572,569,567,565,562,560,557,555,552,550,547,545,542,540,537,535,532,529,527,524,521,519,516,513,510,508,505,502,499,496,494,491,488,485,482,479,476,473,470,467,464,461,457,454,451,448,445,441,438,435,431,428,425,421,418,414,411,407,403,400,396,392,388,385,381,377,373,369,365,361,357,352,348,344,340,335,331,326,322,317,312,308,303,298,293,288,283,278,272,267,262,256,250,245,239,233,227,221,215,208,202,195,188,181,174,167,159,152,144,136,128,119,111,102,92,83,73,63,52,42,30,18,6,-7,-20,-34,-49,-65,-82,-99,-118,-139,-161,-185,-212,-242,-276,-315,-362,-420,-497,-613,-861]}