{"borders":[538.7722839249321,499.51397779551587,389.82956196716634,235.85620491412965,113.20869480473871,44.58679655508346,14.371435435829119],"perfs":[3685,3418,3286,3197,3128,3072,3025,2984,2948,2915,2885,2858,2832,2808,2786,2765,2745,2726,2708,2691,2674,2658,2643,2628,2614,2600,2587,2574,2561,2549,2537,2526,2514,2503,2492,2482,2472,2461,2452,2442,2432,2423,2414,2405,2396,2388,2379,2371,2363,2355,2347,2339,2331,2324,2316,2309,2302,2295,2288,2281,2274,2267,2261,2254,2247,2241,2235,2228,2222,2216,2210,2204,2198,2192,2187,2181,2175,2170,2164,2158,2153,2148,2142,2137,2132,2127,2121,2116,2111,2106,2101,2096,2091,2087,2082,2077,2072,2067,2063,2058,2054,2049,2044,2040,2036,2031,2027,2022,2018,2014,2009,2005,2001,1997,1992,1988,1984,1980,1976,1972,1968,1964,1960,1956,1952,1948,1944,1940,1937,1933,1929,1925,1921,1918,1914,1910,1906,1903,1899,1895,1892,1888,1885,1881,1877,1874,1870,1867,1863,1860,1856,1853,1850,1846,1843,1839,1836,1833,1829,1826,1823,1819,1816,1813,1809,1806,1803,1800,1796,1793,1790,1787,1784,1780,1777,1774,1771,1768,1765,1762,1758,1755,1752,1749,1746,1743,1740,1737,1734,1731,1728,1725,1722,1719,1716,1713,1710,1707,1704,1701,1698,1695,1692,1689,1687,1684,1681,1678,1675,1672,1669,1666,1664,1661,1658,1655,1652,1649,1647,1644,1641,1638,1635,1633,1630,1627,1624,1622,1619,1616,1613,1611,1608,1605,1602,1600,1597,1594,1591,1589,1586,1583,1581,1578,1575,1573,1570,1567,1565,1562,1559,1557,1554,1551,1549,1546,1543,1541,1538,1536,1533,1530,1528,1525,1522,1520,1517,1515,1512,1509,1507,1504,1502,1499,1496,1494,1491,1489,1486,1484,1481,1478,1476,1473,1471,1468,1466,1463,1461,1458,1455,1453,1450,1448,1445,1443,1440,1438,1435,1432,1430,1427,1425,1422,1420,1417,1415,1412,1410,1407,1405,1402,1399,1397,1394,1392,1389,1387,1384,1382,1379,1377,1374,1372,1369,1367,1364,1361,1359,1356,1354,1351,1349,1346,1344,1341,1339,1336,1333,1331,1328,1326,1323,1321,1318,1316,1313,1310,1308,1305,1303,1300,1298,1295,1292,1290,1287,1285,1282,1279,1277,1274,1272,1269,1266,1264,1261,1258,1256,1253,1251,1248,1245,1243,1240,1237,1235,1232,1229,1227,1224,1221,1219,1216,1213,1210,1208,1205,1202,1200,1197,1194,1191,1189,1186,1183,1180,1177,1175,1172,1169,1166,1163,1160,1158,1155,1152,1149,1146,1143,1140,1137,1134,1132,1129,1126,1123,1120,1117,1114,1111,1108,1105,1102,1098,1095,1092,1089,1086,1083,1080,1077,1073,1070,1067,1064,1061,1057,1054,1051,1047,1044,1041,1037,1034,1031,1027,1024,1020,1017,1013,1010,1006,1003,999,995,992,988,984,981,977,973,969,965,961,958,954,950,946,942,937,933,929,925,921,916,912,908,903,899,894,890,885,881,876,871,866,861,856,851,846,841,836,831,825,820,814,809,803,797,791,785,779,773,767,760,754,747,740,733,726,719,712,704,696,688,680,672,663,654,645,636,626,616,606,595,584,572,560,547,534,520,505,490,473,456,437,417,395,371,344,315,281,242,196,138,61,-55,-302]}