{"borders":[994.4327385758255,831.0884598784779,537.003104864179,268.59360398755246,107.34375967008901,34.72462043322014,9.078397005980541],"perfs":[3473,3223,3104,3024,2963,2913,2871,2835,2802,2773,2746,2722,2699,2678,2658,2639,2621,2604,2588,2573,2558,2544,2530,2517,2505,2492,2480,2469,2458,2447,2437,2426,2417,2407,2397,2388,2379,2370,2362,2353,2345,2337,2329,2322,2314,2307,2299,2292,2285,2278,2271,2265,2258,2252,2245,2239,2233,2227,2221,2215,2209,2203,2198,2192,2187,2181,2176,2170,2165,2160,2155,2150,2145,2140,2135,2130,2125,2121,2116,2111,2107,2102,2098,2093,2089,2084,2080,2076,2072,2067,2063,2059,2055,2051,2047,2043,2039,2035,2031,2027,2024,2020,2016,2012,2009,2005,2001,1998,1994,1990,1987,1983,1980,1976,1973,1970,1966,1963,1959,1956,1953,1950,1946,1943,1940,1937,1933,1930,1927,1924,1921,1918,1915,1912,1909,1906,1903,1900,1897,1894,1891,1888,1885,1882,1879,1876,1873,1871,1868,1865,1862,1859,1857,1854,1851,1848,1846,1843,1840,1838,1835,1832,1830,1827,1824,1822,1819,1817,1814,1812,1809,1807,1804,1801,1799,1796,1794,1792,1789,1787,1784,1782,1779,1777,1775,1772,1770,1767,1765,1763,1760,1758,1756,1753,1751,1749,1746,1744,1742,1740,1737,1735,1733,1731,1728,1726,1724,1722,1720,1717,1715,1713,1711,1709,1707,1704,1702,1700,1698,1696,1694,1692,1690,1687,1685,1683,1681,1679,1677,1675,1673,1671,1669,1667,1665,1663,1661,1659,1657,1655,1653,1651,1649,1647,1645,1643,1641,1639,1637,1635,1633,1631,1629,1627,1626,1624,1622,1620,1618,1616,1614,1612,1610,1609,1607,1605,1603,1601,1599,1597,1596,1594,1592,1590,1588,1586,1585,1583,1581,1579,1577,1576,1574,1572,1570,1568,1567,1565,1563,1561,1560,1558,1556,1554,1553,1551,1549,1547,1546,1544,1542,1541,1539,1537,1535,1534,1532,1530,1529,1527,1525,1524,1522,1520,1519,1517,1515,1514,1512,1510,1509,1507,1505,1504,1502,1500,1499,1497,1496,1494,1492,1491,1489,1487,1486,1484,1483,1481,1479,1478,1476,1475,1473,1472,1470,1468,1467,1465,1464,1462,1460,1459,1457,1456,1454,1453,1451,1450,1448,1447,1445,1443,1442,1440,1439,1437,1436,1434,1433,1431,1430,1428,1427,1425,1424,1422,1421,1419,1418,1416,1415,1413,1412,1410,1409,1407,1406,1404,1403,1401,1400,1398,1397,1395,1394,1392,1391,1390,1388,1387,1385,1384,1382,1381,1379,1378,1376,1375,1374,1372,1371,1369,1368,1366,1365,1364,1362,1361,1359,1358,1356,1355,1354,1352,1351,1349,1348,1346,1345,1344,1342,1341,1339,1338,1337,1335,1334,1332,1331,1330,1328,1327,1326,1324,1323,1321,1320,1319,1317,1316,1314,1313,1312,1310,1309,1308,1306,1305,1304,1302,1301,1299,1298,1297,1295,1294,1293,1291,1290,1289,1287,1286,1284,1283,1282,1280,1279,1278,1276,1275,1274,1272,1271,1270,1268,1267,1266,1264,1263,1262,1260,1259,1258,1256,1255,1254,1252,1251,1250,1248,1247,1246,1244,1243,1242,1241,1239,1238,1237,1235,1234,1233,1231,1230,1229,1227,1226,1225,1223,1222,1221,1220,1218,1217,1216,1214,1213,1212,1210,1209,1208,1206,1205,1204,1203,1201,1200,1199,1197,1196,1195,1194,1192,1191,1190,1188,1187,1186,1184,1183,1182,1181,1179,1178,1177,1175,1174,1173,1172,1170,1169,1168,1166,1165,1164,1163,1161,1160,1159,1157,1156,1155,1154,1152,1151,1150,1149,1147,1146,1145,1143,1142,1141,1140,1138,1137,1136,1134,1133,1132,1131,1129,1128,1127,1125,1124,1123,1122,1120,1119,1118,1117,1115,1114,1113,1111,1110,1109,1108,1106,1105,1104,1102,1101,1100,1099,1097,1096,1095,1094,1092,1091,1090,1088,1087,1086,1085,1083,1082,1081,1079,1078,1077,1076,1074,1073,1072,1070,1069,1068,1067,1065,1064,1063,1061,1060,1059,1058,1056,1055,1054,1052,1051,1050,1049,1047,1046,1045,1043,1042,1041,1040,1038,1037,1036,1034,1033,1032,1030,1029,1028,1027,1025,1024,1023,1021,1020,1019,1017,1016,1015,1014,1012,1011,1010,1008,1007,1006,1004,1003,1002,1000,999,998,996,995,994,992,991,990,989,987,986,985,983,982,981,979,978,977,975,974,972,971,970,968,967,966,964,963,962,960,959,958,956,955,954,952,951,950,948,947,945,944,943,941,940,939,937,936,934,933,932,930,929,927,926,925,923,922,920,919,918,916,915,913,912,911,909,908,906,905,904,902,901,899,898,896,895,893,892,891,889,888,886,885,883,882,880,879,877,876,875,873,872,870,869,867,866,864,863,861,860,858,857,855,854,852,851,849,848,846,844,843,841,840,838,837,835,834,832,831,829,827,826,824,823,821,820,818,816,815,813,812,810,808,807,805,803,802,800,799,797,795,794,792,790,789,787,785,784,782,780,778,777,775,773,772,770,768,766,765,763,761,759,758,756,754,752,751,749,747,745,743,742,740,738,736,734,732,731,729,727,725,723,721,719,717,715,714,712,710,708,706,704,702,700,698,696,694,692,690,688,686,684,682,680,678,676,674,671,669,667,665,663,661,659,656,654,652,650,648,645,643,641,639,636,634,632,630,627,625,623,620,618,615,613,611,608,606,603,601,598,596,593,591,588,586,583,580,578,575,573,570,567,564,562,559,556,553,551,548,545,542,539,536,533,530,527,524,521,518,515,512,509,506,502,499,496,493,489,486,482,479,476,472,468,465,461,458,454,450,446,443,439,435,431,427,423,419,415,410,406,402,398,393,389,384,379,375,370,365,360,355,350,345,340,335,329,324,318,312,307,301,295,288,282,276,269,262,256,248,241,234,226,219,211,202,194,185,176,167,158,148,138,127,116,105,93,80,67,54,39,24,8,-9,-27,-46,-67,-90,-115,-142,-173,-207,-248,-296,-355,-433,-551,-800]}