{"borders":[752.1412481196427,653.3255007839143,456.34392196385073,244.50756850590952,101.87033941859329,32.916788728254026,8.368633008616442],"perfs":[3451,3200,3081,3001,2940,2891,2849,2812,2780,2751,2725,2700,2678,2657,2637,2618,2601,2584,2568,2553,2539,2525,2511,2498,2486,2474,2462,2451,2440,2429,2419,2409,2399,2390,2380,2371,2362,2354,2345,2337,2329,2321,2313,2305,2298,2290,2283,2276,2269,2262,2255,2249,2242,2236,2229,2223,2217,2211,2205,2199,2193,2187,2181,2176,2170,2165,2159,2154,2148,2143,2138,2133,2128,2123,2118,2113,2108,2103,2098,2094,2089,2084,2080,2075,2071,2066,2062,2057,2053,2049,2044,2040,2036,2032,2028,2024,2019,2015,2011,2007,2003,1999,1996,1992,1988,1984,1980,1977,1973,1969,1965,1962,1958,1954,1951,1947,1944,1940,1937,1933,1930,1926,1923,1919,1916,1913,1909,1906,1903,1899,1896,1893,1890,1886,1883,1880,1877,1874,1871,1867,1864,1861,1858,1855,1852,1849,1846,1843,1840,1837,1834,1831,1828,1825,1822,1820,1817,1814,1811,1808,1805,1802,1800,1797,1794,1791,1788,1786,1783,1780,1777,1775,1772,1769,1767,1764,1761,1759,1756,1753,1751,1748,1746,1743,1740,1738,1735,1733,1730,1728,1725,1723,1720,1718,1715,1713,1710,1708,1705,1703,1700,1698,1695,1693,1690,1688,1686,1683,1681,1678,1676,1674,1671,1669,1667,1664,1662,1660,1657,1655,1653,1650,1648,1646,1644,1641,1639,1637,1634,1632,1630,1628,1625,1623,1621,1619,1616,1614,1612,1610,1608,1605,1603,1601,1599,1597,1595,1592,1590,1588,1586,1584,1582,1580,1577,1575,1573,1571,1569,1567,1565,1563,1561,1558,1556,1554,1552,1550,1548,1546,1544,1542,1540,1538,1536,1534,1532,1530,1528,1526,1524,1521,1519,1517,1515,1513,1511,1509,1507,1505,1503,1501,1499,1497,1496,1494,1492,1490,1488,1486,1484,1482,1480,1478,1476,1474,1472,1470,1468,1466,1464,1462,1460,1458,1457,1455,1453,1451,1449,1447,1445,1443,1441,1439,1437,1436,1434,1432,1430,1428,1426,1424,1422,1421,1419,1417,1415,1413,1411,1409,1407,1406,1404,1402,1400,1398,1396,1394,1393,1391,1389,1387,1385,1383,1382,1380,1378,1376,1374,1372,1371,1369,1367,1365,1363,1361,1360,1358,1356,1354,1352,1351,1349,1347,1345,1343,1341,1340,1338,1336,1334,1332,1331,1329,1327,1325,1323,1322,1320,1318,1316,1314,1313,1311,1309,1307,1306,1304,1302,1300,1298,1297,1295,1293,1291,1289,1288,1286,1284,1282,1281,1279,1277,1275,1273,1272,1270,1268,1266,1265,1263,1261,1259,1257,1256,1254,1252,1250,1249,1247,1245,1243,1241,1240,1238,1236,1234,1233,1231,1229,1227,1225,1224,1222,1220,1218,1217,1215,1213,1211,1210,1208,1206,1204,1202,1201,1199,1197,1195,1193,1192,1190,1188,1186,1185,1183,1181,1179,1177,1176,1174,1172,1170,1168,1167,1165,1163,1161,1160,1158,1156,1154,1152,1151,1149,1147,1145,1143,1142,1140,1138,1136,1134,1132,1131,1129,1127,1125,1123,1122,1120,1118,1116,1114,1112,1111,1109,1107,1105,1103,1101,1100,1098,1096,1094,1092,1090,1089,1087,1085,1083,1081,1079,1077,1076,1074,1072,1070,1068,1066,1064,1062,1061,1059,1057,1055,1053,1051,1049,1047,1045,1043,1042,1040,1038,1036,1034,1032,1030,1028,1026,1024,1022,1020,1018,1016,1014,1012,1011,1009,1007,1005,1003,1001,999,997,995,993,991,989,987,985,983,981,979,977,975,972,970,968,966,964,962,960,958,956,954,952,950,948,946,943,941,939,937,935,933,931,928,926,924,922,920,918,915,913,911,909,907,904,902,900,898,895,893,891,889,886,884,882,880,877,875,873,870,868,866,863,861,858,856,854,851,849,846,844,841,839,837,834,832,829,827,824,822,819,816,814,811,809,806,803,801,798,796,793,790,788,785,782,779,777,774,771,768,765,763,760,757,754,751,748,745,742,739,736,733,730,727,724,721,718,715,712,709,705,702,699,696,692,689,686,682,679,676,672,669,665,662,658,654,651,647,643,640,636,632,628,625,621,617,613,609,605,600,596,592,588,584,579,575,570,566,561,557,552,547,542,538,533,528,523,517,512,507,502,496,491,485,479,473,467,461,455,449,442,436,429,422,415,408,401,394,386,378,370,362,353,345,336,327,317,307,297,287,276,264,253,240,227,214,200,185,169,152,135,116,95,73,49,22,-8,-42,-82,-129,-187,-264,-381,-628]}