{"borders":[777.9074086970552,704.7287142825147,514.3866755010465,284.8383966858173,130.94129863069037,50.29049984604956,15.717986033583992],"perfs":[3683,3424,3298,3212,3146,3092,3047,3007,2972,2940,2911,2884,2859,2836,2815,2794,2775,2757,2739,2723,2707,2692,2677,2663,2649,2636,2623,2611,2599,2587,2575,2564,2554,2543,2533,2523,2513,2503,2494,2485,2476,2467,2458,2450,2442,2433,2425,2418,2410,2402,2395,2387,2380,2373,2366,2359,2352,2345,2339,2332,2326,2319,2313,2307,2300,2294,2288,2282,2276,2271,2265,2259,2254,2248,2243,2237,2232,2226,2221,2216,2211,2206,2201,2196,2191,2186,2181,2176,2171,2166,2162,2157,2152,2148,2143,2139,2134,2130,2125,2121,2117,2112,2108,2104,2100,2096,2091,2087,2083,2079,2075,2071,2067,2063,2059,2055,2051,2048,2044,2040,2036,2033,2029,2025,2021,2018,2014,2011,2007,2003,2000,1996,1993,1989,1986,1982,1979,1976,1972,1969,1965,1962,1959,1955,1952,1949,1946,1942,1939,1936,1933,1930,1926,1923,1920,1917,1914,1911,1908,1905,1902,1899,1896,1893,1890,1887,1884,1881,1878,1875,1872,1869,1866,1864,1861,1858,1855,1852,1849,1847,1844,1841,1838,1835,1833,1830,1827,1825,1822,1819,1817,1814,1811,1809,1806,1803,1801,1798,1795,1793,1790,1788,1785,1783,1780,1778,1775,1772,1770,1767,1765,1763,1760,1758,1755,1753,1750,1748,1745,1743,1741,1738,1736,1733,1731,1729,1726,1724,1722,1719,1717,1714,1712,1710,1708,1705,1703,1701,1698,1696,1694,1692,1689,1687,1685,1683,1680,1678,1676,1674,1671,1669,1667,1665,1663,1661,1658,1656,1654,1652,1650,1648,1645,1643,1641,1639,1637,1635,1633,1631,1629,1626,1624,1622,1620,1618,1616,1614,1612,1610,1608,1606,1604,1602,1600,1598,1596,1594,1592,1590,1588,1586,1584,1582,1580,1578,1576,1574,1572,1570,1568,1566,1564,1562,1560,1558,1556,1554,1552,1550,1548,1546,1545,1543,1541,1539,1537,1535,1533,1531,1529,1528,1526,1524,1522,1520,1518,1516,1514,1513,1511,1509,1507,1505,1503,1502,1500,1498,1496,1494,1492,1491,1489,1487,1485,1483,1481,1480,1478,1476,1474,1473,1471,1469,1467,1465,1464,1462,1460,1458,1456,1455,1453,1451,1449,1448,1446,1444,1442,1441,1439,1437,1435,1434,1432,1430,1428,1427,1425,1423,1422,1420,1418,1416,1415,1413,1411,1410,1408,1406,1404,1403,1401,1399,1398,1396,1394,1393,1391,1389,1387,1386,1384,1382,1381,1379,1377,1376,1374,1372,1371,1369,1367,1366,1364,1362,1361,1359,1357,1356,1354,1352,1351,1349,1347,1346,1344,1342,1341,1339,1337,1336,1334,1332,1331,1329,1327,1326,1324,1322,1321,1319,1318,1316,1314,1313,1311,1309,1308,1306,1304,1303,1301,1299,1298,1296,1295,1293,1291,1290,1288,1286,1285,1283,1281,1280,1278,1276,1275,1273,1272,1270,1268,1267,1265,1263,1262,1260,1258,1257,1255,1254,1252,1250,1249,1247,1245,1244,1242,1240,1239,1237,1235,1234,1232,1230,1229,1227,1226,1224,1222,1221,1219,1217,1216,1214,1212,1211,1209,1207,1206,1204,1202,1201,1199,1197,1196,1194,1192,1191,1189,1187,1186,1184,1182,1181,1179,1177,1175,1174,1172,1170,1169,1167,1165,1164,1162,1160,1159,1157,1155,1153,1152,1150,1148,1147,1145,1143,1141,1140,1138,1136,1134,1133,1131,1129,1127,1126,1124,1122,1120,1119,1117,1115,1113,1112,1110,1108,1106,1104,1103,1101,1099,1097,1095,1094,1092,1090,1088,1086,1085,1083,1081,1079,1077,1075,1073,1072,1070,1068,1066,1064,1062,1060,1059,1057,1055,1053,1051,1049,1047,1045,1043,1041,1039,1037,1036,1034,1032,1030,1028,1026,1024,1022,1020,1018,1016,1014,1012,1010,1008,1006,1004,1002,999,997,995,993,991,989,987,985,983,981,978,976,974,972,970,968,965,963,961,959,957,954,952,950,948,945,943,941,939,936,934,932,929,927,924,922,920,917,915,912,910,908,905,903,900,898,895,893,890,887,885,882,880,877,874,872,869,866,864,861,858,855,853,850,847,844,841,839,836,833,830,827,824,821,818,815,812,809,805,802,799,796,793,789,786,783,780,776,773,769,766,762,759,755,752,748,744,741,737,733,729,725,721,717,713,709,705,701,697,692,688,684,679,675,670,666,661,656,651,646,641,636,631,626,620,615,609,604,598,592,586,580,574,568,561,555,548,541,534,527,519,512,504,496,487,479,470,461,451,442,432,421,410,399,387,375,362,348,334,318,302,285,266,246,225,201,175,145,112,73,27,-31,-107,-223,-470]}