{"borders":[1051.838759910173,868.0894380403068,544.8599242346227,261.7404829304827,101.31202854146625,32.65999741206014,8.847965394349794],"perfs":[3488,3233,3110,3026,2963,2911,2867,2829,2795,2765,2737,2711,2688,2666,2645,2626,2607,2590,2573,2557,2542,2527,2513,2500,2487,2474,2462,2450,2439,2428,2417,2407,2397,2387,2377,2368,2359,2350,2341,2332,2324,2316,2308,2300,2292,2285,2277,2270,2263,2256,2249,2242,2236,2229,2223,2216,2210,2204,2198,2192,2186,2180,2175,2169,2164,2158,2153,2147,2142,2137,2132,2127,2122,2117,2112,2107,2102,2098,2093,2088,2084,2079,2075,2070,2066,2062,2057,2053,2049,2045,2041,2036,2032,2028,2024,2020,2017,2013,2009,2005,2001,1997,1994,1990,1986,1983,1979,1976,1972,1968,1965,1961,1958,1955,1951,1948,1944,1941,1938,1935,1931,1928,1925,1922,1918,1915,1912,1909,1906,1903,1900,1897,1894,1891,1888,1885,1882,1879,1876,1873,1870,1867,1864,1862,1859,1856,1853,1850,1848,1845,1842,1839,1837,1834,1831,1829,1826,1823,1821,1818,1816,1813,1810,1808,1805,1803,1800,1798,1795,1793,1790,1788,1785,1783,1780,1778,1776,1773,1771,1768,1766,1764,1761,1759,1757,1754,1752,1750,1747,1745,1743,1741,1738,1736,1734,1732,1729,1727,1725,1723,1720,1718,1716,1714,1712,1710,1707,1705,1703,1701,1699,1697,1695,1693,1691,1689,1686,1684,1682,1680,1678,1676,1674,1672,1670,1668,1666,1664,1662,1660,1658,1656,1654,1652,1650,1648,1646,1644,1642,1641,1639,1637,1635,1633,1631,1629,1627,1625,1623,1622,1620,1618,1616,1614,1612,1610,1609,1607,1605,1603,1601,1600,1598,1596,1594,1592,1591,1589,1587,1585,1583,1582,1580,1578,1576,1575,1573,1571,1569,1568,1566,1564,1563,1561,1559,1557,1556,1554,1552,1551,1549,1547,1546,1544,1542,1541,1539,1537,1536,1534,1532,1531,1529,1527,1526,1524,1523,1521,1519,1518,1516,1514,1513,1511,1510,1508,1507,1505,1503,1502,1500,1499,1497,1495,1494,1492,1491,1489,1488,1486,1485,1483,1482,1480,1478,1477,1475,1474,1472,1471,1469,1468,1466,1465,1463,1462,1460,1459,1457,1456,1454,1453,1451,1450,1448,1447,1445,1444,1442,1441,1440,1438,1437,1435,1434,1432,1431,1429,1428,1426,1425,1424,1422,1421,1419,1418,1416,1415,1414,1412,1411,1409,1408,1406,1405,1404,1402,1401,1399,1398,1397,1395,1394,1393,1391,1390,1388,1387,1386,1384,1383,1381,1380,1379,1377,1376,1375,1373,1372,1371,1369,1368,1366,1365,1364,1362,1361,1360,1358,1357,1356,1354,1353,1352,1350,1349,1348,1346,1345,1344,1342,1341,1340,1338,1337,1336,1334,1333,1332,1331,1329,1328,1327,1325,1324,1323,1321,1320,1319,1318,1316,1315,1314,1312,1311,1310,1309,1307,1306,1305,1303,1302,1301,1300,1298,1297,1296,1294,1293,1292,1291,1289,1288,1287,1286,1284,1283,1282,1281,1279,1278,1277,1276,1274,1273,1272,1271,1269,1268,1267,1266,1264,1263,1262,1261,1259,1258,1257,1256,1254,1253,1252,1251,1250,1248,1247,1246,1245,1243,1242,1241,1240,1239,1237,1236,1235,1234,1232,1231,1230,1229,1228,1226,1225,1224,1223,1221,1220,1219,1218,1217,1215,1214,1213,1212,1211,1209,1208,1207,1206,1205,1203,1202,1201,1200,1199,1197,1196,1195,1194,1193,1191,1190,1189,1188,1187,1186,1184,1183,1182,1181,1180,1178,1177,1176,1175,1174,1172,1171,1170,1169,1168,1167,1165,1164,1163,1162,1161,1159,1158,1157,1156,1155,1154,1152,1151,1150,1149,1148,1147,1145,1144,1143,1142,1141,1139,1138,1137,1136,1135,1134,1132,1131,1130,1129,1128,1127,1125,1124,1123,1122,1121,1120,1118,1117,1116,1115,1114,1113,1111,1110,1109,1108,1107,1106,1104,1103,1102,1101,1100,1099,1097,1096,1095,1094,1093,1091,1090,1089,1088,1087,1086,1084,1083,1082,1081,1080,1079,1077,1076,1075,1074,1073,1072,1070,1069,1068,1067,1066,1065,1063,1062,1061,1060,1059,1058,1056,1055,1054,1053,1052,1051,1049,1048,1047,1046,1045,1043,1042,1041,1040,1039,1038,1036,1035,1034,1033,1032,1030,1029,1028,1027,1026,1025,1023,1022,1021,1020,1019,1017,1016,1015,1014,1013,1012,1010,1009,1008,1007,1006,1004,1003,1002,1001,1000,998,997,996,995,994,992,991,990,989,988,986,985,984,983,982,980,979,978,977,975,974,973,972,971,969,968,967,966,965,963,962,961,960,958,957,956,955,953,952,951,950,949,947,946,945,944,942,941,940,939,937,936,935,934,932,931,930,929,927,926,925,924,922,921,920,918,917,916,915,913,912,911,910,908,907,906,904,903,902,901,899,898,897,895,894,893,891,890,889,888,886,885,884,882,881,880,878,877,876,874,873,872,870,869,868,866,865,864,862,861,859,858,857,855,854,853,851,850,849,847,846,844,843,842,840,839,837,836,835,833,832,830,829,828,826,825,823,822,820,819,818,816,815,813,812,810,809,807,806,805,803,802,800,799,797,796,794,793,791,790,788,787,785,784,782,781,779,778,776,774,773,771,770,768,767,765,764,762,760,759,757,756,754,752,751,749,748,746,744,743,741,740,738,736,735,733,731,730,728,726,725,723,721,719,718,716,714,713,711,709,707,706,704,702,700,699,697,695,693,691,690,688,686,684,682,680,679,677,675,673,671,669,667,665,664,662,660,658,656,654,652,650,648,646,644,642,640,638,636,634,632,630,628,626,623,621,619,617,615,613,611,609,606,604,602,600,598,595,593,591,589,586,584,582,579,577,575,572,570,568,565,563,560,558,555,553,550,548,545,543,540,538,535,533,530,527,525,522,519,517,514,511,508,506,503,500,497,494,491,488,485,482,479,476,473,470,467,464,461,458,455,451,448,445,442,438,435,432,428,425,421,418,414,410,407,403,399,396,392,388,384,380,376,372,368,364,360,356,352,347,343,339,334,330,325,320,316,311,306,301,296,291,286,281,276,270,265,259,254,248,242,236,230,224,218,212,205,199,192,185,178,171,164,156,149,141,133,125,116,108,99,90,81,71,61,51,40,30,18,7,-6,-18,-31,-45,-59,-75,-90,-107,-125,-144,-164,-186,-209,-235,-263,-294,-329,-370,-419,-478,-557,-675,-925]}