{"borders":[1195.5681918690893,989.5015758599001,629.9827484986513,305.7001194893732,116.65464444863917,36.40321890997528,9.327314953580046],"perfs":[3479,3229,3110,3030,2969,2920,2878,2842,2810,2781,2754,2730,2708,2687,2667,2648,2631,2614,2599,2583,2569,2555,2542,2529,2517,2505,2493,2482,2471,2461,2451,2441,2431,2422,2412,2404,2395,2386,2378,2370,2362,2354,2347,2339,2332,2325,2318,2311,2304,2297,2291,2284,2278,2272,2265,2259,2253,2248,2242,2236,2231,2225,2220,2214,2209,2204,2198,2193,2188,2183,2178,2174,2169,2164,2159,2155,2150,2146,2141,2137,2132,2128,2124,2120,2115,2111,2107,2103,2099,2095,2091,2087,2083,2079,2075,2072,2068,2064,2060,2057,2053,2050,2046,2043,2039,2036,2032,2029,2025,2022,2018,2015,2012,2009,2005,2002,1999,1996,1993,1989,1986,1983,1980,1977,1974,1971,1968,1965,1962,1959,1956,1953,1950,1948,1945,1942,1939,1936,1933,1931,1928,1925,1923,1920,1917,1914,1912,1909,1906,1904,1901,1899,1896,1894,1891,1888,1886,1883,1881,1878,1876,1874,1871,1869,1866,1864,1861,1859,1857,1854,1852,1850,1847,1845,1843,1840,1838,1836,1833,1831,1829,1827,1824,1822,1820,1818,1816,1813,1811,1809,1807,1805,1803,1800,1798,1796,1794,1792,1790,1788,1786,1784,1781,1779,1777,1775,1773,1771,1769,1767,1765,1763,1761,1759,1757,1755,1753,1751,1749,1747,1746,1744,1742,1740,1738,1736,1734,1732,1730,1728,1726,1725,1723,1721,1719,1717,1715,1713,1712,1710,1708,1706,1704,1703,1701,1699,1697,1695,1694,1692,1690,1688,1687,1685,1683,1681,1680,1678,1676,1674,1673,1671,1669,1668,1666,1664,1662,1661,1659,1657,1656,1654,1652,1651,1649,1647,1646,1644,1642,1641,1639,1638,1636,1634,1633,1631,1629,1628,1626,1625,1623,1621,1620,1618,1617,1615,1614,1612,1610,1609,1607,1606,1604,1603,1601,1600,1598,1596,1595,1593,1592,1590,1589,1587,1586,1584,1583,1581,1580,1578,1577,1575,1574,1572,1571,1569,1568,1566,1565,1563,1562,1561,1559,1558,1556,1555,1553,1552,1550,1549,1547,1546,1545,1543,1542,1540,1539,1537,1536,1535,1533,1532,1530,1529,1528,1526,1525,1523,1522,1521,1519,1518,1516,1515,1514,1512,1511,1510,1508,1507,1505,1504,1503,1501,1500,1499,1497,1496,1495,1493,1492,1491,1489,1488,1487,1485,1484,1483,1481,1480,1479,1477,1476,1475,1473,1472,1471,1469,1468,1467,1465,1464,1463,1462,1460,1459,1458,1456,1455,1454,1452,1451,1450,1449,1447,1446,1445,1444,1442,1441,1440,1438,1437,1436,1435,1433,1432,1431,1430,1428,1427,1426,1425,1423,1422,1421,1420,1418,1417,1416,1415,1413,1412,1411,1410,1408,1407,1406,1405,1404,1402,1401,1400,1399,1397,1396,1395,1394,1393,1391,1390,1389,1388,1387,1385,1384,1383,1382,1381,1379,1378,1377,1376,1375,1373,1372,1371,1370,1369,1367,1366,1365,1364,1363,1362,1360,1359,1358,1357,1356,1355,1353,1352,1351,1350,1349,1347,1346,1345,1344,1343,1342,1341,1339,1338,1337,1336,1335,1334,1332,1331,1330,1329,1328,1327,1326,1324,1323,1322,1321,1320,1319,1318,1316,1315,1314,1313,1312,1311,1310,1308,1307,1306,1305,1304,1303,1302,1301,1299,1298,1297,1296,1295,1294,1293,1292,1290,1289,1288,1287,1286,1285,1284,1283,1282,1280,1279,1278,1277,1276,1275,1274,1273,1272,1270,1269,1268,1267,1266,1265,1264,1263,1262,1261,1259,1258,1257,1256,1255,1254,1253,1252,1251,1250,1249,1247,1246,1245,1244,1243,1242,1241,1240,1239,1238,1237,1235,1234,1233,1232,1231,1230,1229,1228,1227,1226,1225,1224,1223,1221,1220,1219,1218,1217,1216,1215,1214,1213,1212,1211,1210,1209,1207,1206,1205,1204,1203,1202,1201,1200,1199,1198,1197,1196,1195,1194,1193,1191,1190,1189,1188,1187,1186,1185,1184,1183,1182,1181,1180,1179,1178,1177,1176,1174,1173,1172,1171,1170,1169,1168,1167,1166,1165,1164,1163,1162,1161,1160,1159,1158,1156,1155,1154,1153,1152,1151,1150,1149,1148,1147,1146,1145,1144,1143,1142,1141,1140,1139,1138,1136,1135,1134,1133,1132,1131,1130,1129,1128,1127,1126,1125,1124,1123,1122,1121,1120,1119,1118,1117,1115,1114,1113,1112,1111,1110,1109,1108,1107,1106,1105,1104,1103,1102,1101,1100,1099,1098,1097,1096,1094,1093,1092,1091,1090,1089,1088,1087,1086,1085,1084,1083,1082,1081,1080,1079,1078,1077,1076,1074,1073,1072,1071,1070,1069,1068,1067,1066,1065,1064,1063,1062,1061,1060,1059,1058,1057,1056,1054,1053,1052,1051,1050,1049,1048,1047,1046,1045,1044,1043,1042,1041,1040,1039,1038,1036,1035,1034,1033,1032,1031,1030,1029,1028,1027,1026,1025,1024,1023,1022,1020,1019,1018,1017,1016,1015,1014,1013,1012,1011,1010,1009,1008,1007,1005,1004,1003,1002,1001,1000,999,998,997,996,995,994,992,991,990,989,988,987,986,985,984,983,982,981,979,978,977,976,975,974,973,972,971,970,968,967,966,965,964,963,962,961,960,959,957,956,955,954,953,952,951,950,949,947,946,945,944,943,942,941,940,938,937,936,935,934,933,932,931,929,928,927,926,925,924,923,921,920,919,918,917,916,915,913,912,911,910,909,908,907,905,904,903,902,901,900,898,897,896,895,894,893,891,890,889,888,887,885,884,883,882,881,880,878,877,876,875,874,872,871,870,869,868,866,865,864,863,861,860,859,858,857,855,854,853,852,850,849,848,847,845,844,843,842,841,839,838,837,835,834,833,832,830,829,828,827,825,824,823,822,820,819,818,816,815,814,812,811,810,809,807,806,805,803,802,801,799,798,797,795,794,793,791,790,789,787,786,785,783,782,780,779,778,776,775,774,772,771,769,768,767,765,764,762,761,760,758,757,755,754,753,751,750,748,747,745,744,742,741,739,738,737,735,734,732,731,729,728,726,725,723,722,720,719,717,715,714,712,711,709,708,706,705,703,702,700,698,697,695,694,692,690,689,687,685,684,682,681,679,677,676,674,672,671,669,667,666,664,662,660,659,657,655,654,652,650,648,647,645,643,641,639,638,636,634,632,630,628,627,625,623,621,619,617,615,614,612,610,608,606,604,602,600,598,596,594,592,590,588,586,584,582,580,578,576,574,571,569,567,565,563,561,559,556,554,552,550,548,545,543,541,539,536,534,532,529,527,525,522,520,517,515,513,510,508,505,503,500,498,495,492,490,487,485,482,479,477,474,471,468,466,463,460,457,454,452,449,446,443,440,437,434,431,428,424,421,418,415,412,409,405,402,399,395,392,388,385,381,378,374,370,367,363,359,356,352,348,344,340,336,332,328,323,319,315,310,306,302,297,292,288,283,278,273,268,263,258,253,247,242,237,231,225,219,213,207,201,195,189,182,175,168,161,154,147,139,131,123,115,107,98,89,80,71,61,51,40,29,18,6,-7,-20,-33,-47,-62,-78,-95,-113,-133,-153,-176,-200,-227,-258,-292,-332,-379,-438,-516,-633,-881]}