{"borders":[960.743187187947,851.2529781856023,604.7186574655682,323.4964492438667,140.99385298002733,51.16676111456468,15.09473601551166],"perfs":[3644,3388,3265,3182,3118,3067,3023,2985,2951,2921,2893,2868,2844,2822,2802,2782,2764,2747,2730,2714,2699,2684,2670,2657,2644,2631,2619,2607,2596,2585,2574,2563,2553,2543,2533,2523,2514,2505,2496,2487,2479,2470,2462,2454,2446,2438,2430,2423,2416,2408,2401,2394,2387,2380,2374,2367,2361,2354,2348,2342,2336,2329,2323,2318,2312,2306,2300,2295,2289,2284,2278,2273,2268,2262,2257,2252,2247,2242,2237,2232,2227,2223,2218,2213,2209,2204,2199,2195,2190,2186,2182,2177,2173,2169,2164,2160,2156,2152,2148,2144,2140,2136,2132,2128,2124,2120,2116,2112,2108,2105,2101,2097,2094,2090,2086,2083,2079,2076,2072,2069,2065,2062,2058,2055,2051,2048,2045,2041,2038,2035,2032,2028,2025,2022,2019,2016,2012,2009,2006,2003,2000,1997,1994,1991,1988,1985,1982,1979,1976,1973,1970,1967,1964,1961,1959,1956,1953,1950,1947,1945,1942,1939,1936,1934,1931,1928,1925,1923,1920,1917,1915,1912,1909,1907,1904,1902,1899,1897,1894,1891,1889,1886,1884,1881,1879,1876,1874,1871,1869,1866,1864,1862,1859,1857,1854,1852,1850,1847,1845,1843,1840,1838,1836,1833,1831,1829,1826,1824,1822,1819,1817,1815,1813,1810,1808,1806,1804,1802,1799,1797,1795,1793,1791,1788,1786,1784,1782,1780,1778,1776,1773,1771,1769,1767,1765,1763,1761,1759,1757,1755,1753,1751,1749,1746,1744,1742,1740,1738,1736,1734,1732,1730,1728,1726,1724,1722,1720,1719,1717,1715,1713,1711,1709,1707,1705,1703,1701,1699,1697,1695,1694,1692,1690,1688,1686,1684,1682,1680,1679,1677,1675,1673,1671,1669,1667,1666,1664,1662,1660,1658,1657,1655,1653,1651,1649,1648,1646,1644,1642,1640,1639,1637,1635,1633,1632,1630,1628,1626,1625,1623,1621,1620,1618,1616,1614,1613,1611,1609,1608,1606,1604,1603,1601,1599,1597,1596,1594,1592,1591,1589,1587,1586,1584,1583,1581,1579,1578,1576,1574,1573,1571,1569,1568,1566,1565,1563,1561,1560,1558,1557,1555,1553,1552,1550,1549,1547,1545,1544,1542,1541,1539,1538,1536,1534,1533,1531,1530,1528,1527,1525,1524,1522,1520,1519,1517,1516,1514,1513,1511,1510,1508,1507,1505,1504,1502,1501,1499,1498,1496,1495,1493,1492,1490,1489,1487,1486,1484,1483,1481,1480,1478,1477,1475,1474,1472,1471,1469,1468,1466,1465,1463,1462,1461,1459,1458,1456,1455,1453,1452,1450,1449,1448,1446,1445,1443,1442,1440,1439,1437,1436,1435,1433,1432,1430,1429,1428,1426,1425,1423,1422,1420,1419,1418,1416,1415,1413,1412,1411,1409,1408,1406,1405,1404,1402,1401,1399,1398,1397,1395,1394,1393,1391,1390,1388,1387,1386,1384,1383,1381,1380,1379,1377,1376,1375,1373,1372,1371,1369,1368,1366,1365,1364,1362,1361,1360,1358,1357,1356,1354,1353,1351,1350,1349,1347,1346,1345,1343,1342,1341,1339,1338,1337,1335,1334,1333,1331,1330,1329,1327,1326,1325,1323,1322,1321,1319,1318,1317,1315,1314,1313,1311,1310,1309,1307,1306,1305,1303,1302,1301,1299,1298,1297,1295,1294,1293,1291,1290,1289,1287,1286,1285,1283,1282,1281,1279,1278,1277,1275,1274,1273,1271,1270,1269,1267,1266,1265,1263,1262,1261,1259,1258,1257,1255,1254,1253,1251,1250,1249,1247,1246,1245,1243,1242,1241,1240,1238,1237,1236,1234,1233,1232,1230,1229,1228,1226,1225,1224,1222,1221,1220,1218,1217,1216,1214,1213,1212,1210,1209,1208,1206,1205,1204,1202,1201,1200,1198,1197,1196,1194,1193,1192,1190,1189,1188,1186,1185,1184,1182,1181,1180,1178,1177,1175,1174,1173,1171,1170,1169,1167,1166,1165,1163,1162,1161,1159,1158,1156,1155,1154,1152,1151,1150,1148,1147,1146,1144,1143,1141,1140,1139,1137,1136,1135,1133,1132,1130,1129,1128,1126,1125,1123,1122,1121,1119,1118,1116,1115,1114,1112,1111,1109,1108,1107,1105,1104,1102,1101,1100,1098,1097,1095,1094,1092,1091,1090,1088,1087,1085,1084,1082,1081,1080,1078,1077,1075,1074,1072,1071,1069,1068,1066,1065,1064,1062,1061,1059,1058,1056,1055,1053,1052,1050,1049,1047,1046,1044,1043,1041,1040,1038,1037,1035,1034,1032,1031,1029,1027,1026,1024,1023,1021,1020,1018,1017,1015,1014,1012,1010,1009,1007,1006,1004,1003,1001,999,998,996,995,993,991,990,988,987,985,983,982,980,978,977,975,973,972,970,968,967,965,963,962,960,958,957,955,953,952,950,948,946,945,943,941,939,938,936,934,932,931,929,927,925,924,922,920,918,916,914,913,911,909,907,905,903,902,900,898,896,894,892,890,888,886,884,883,881,879,877,875,873,871,869,867,865,863,861,859,857,855,853,851,848,846,844,842,840,838,836,834,832,829,827,825,823,821,819,816,814,812,810,807,805,803,801,798,796,794,791,789,787,784,782,779,777,775,772,770,767,765,762,760,757,755,752,750,747,744,742,739,737,734,731,728,726,723,720,717,715,712,709,706,703,700,697,695,692,689,686,683,680,676,673,670,667,664,661,658,654,651,648,644,641,638,634,631,627,624,620,617,613,609,606,602,598,594,590,586,582,579,574,570,566,562,558,554,549,545,540,536,531,527,522,517,513,508,503,498,493,488,482,477,472,466,460,455,449,443,437,431,425,418,412,405,398,391,384,377,369,362,354,346,338,329,321,312,302,293,283,273,262,251,239,227,215,202,188,173,158,142,124,106,86,64,40,14,-16,-49,-88,-134,-192,-269,-384,-631]}