{"borders":[927.9910935036528,798.1135315925231,541.9630652177041,282.2257477908113,115.69473391469155,37.46416332904264,9.42773447180081],"perfs":[3475,3226,3108,3029,2969,2921,2880,2844,2812,2784,2758,2735,2713,2692,2673,2655,2637,2621,2606,2591,2577,2563,2550,2537,2525,2513,2502,2491,2480,2470,2460,2450,2440,2431,2422,2413,2404,2395,2387,2379,2371,2363,2355,2348,2341,2333,2326,2319,2312,2306,2299,2292,2286,2279,2273,2267,2261,2255,2249,2243,2238,2232,2226,2221,2215,2210,2205,2199,2194,2189,2184,2179,2174,2169,2164,2159,2155,2150,2145,2141,2136,2132,2127,2123,2118,2114,2110,2105,2101,2097,2093,2089,2085,2081,2077,2073,2069,2065,2061,2057,2053,2049,2046,2042,2038,2034,2031,2027,2023,2020,2016,2013,2009,2006,2002,1999,1996,1992,1989,1985,1982,1979,1976,1972,1969,1966,1963,1959,1956,1953,1950,1947,1944,1941,1938,1935,1932,1929,1926,1923,1920,1917,1914,1911,1908,1905,1902,1899,1897,1894,1891,1888,1885,1883,1880,1877,1874,1872,1869,1866,1864,1861,1858,1856,1853,1850,1848,1845,1842,1840,1837,1835,1832,1830,1827,1825,1822,1820,1817,1815,1812,1810,1807,1805,1803,1800,1798,1795,1793,1791,1788,1786,1783,1781,1779,1776,1774,1772,1770,1767,1765,1763,1760,1758,1756,1754,1751,1749,1747,1745,1742,1740,1738,1736,1734,1732,1729,1727,1725,1723,1721,1719,1716,1714,1712,1710,1708,1706,1704,1702,1700,1698,1696,1693,1691,1689,1687,1685,1683,1681,1679,1677,1675,1673,1671,1669,1667,1665,1663,1661,1659,1657,1655,1653,1651,1649,1647,1646,1644,1642,1640,1638,1636,1634,1632,1630,1628,1626,1625,1623,1621,1619,1617,1615,1613,1611,1610,1608,1606,1604,1602,1600,1599,1597,1595,1593,1591,1589,1588,1586,1584,1582,1581,1579,1577,1575,1573,1572,1570,1568,1566,1565,1563,1561,1559,1558,1556,1554,1552,1551,1549,1547,1545,1544,1542,1540,1539,1537,1535,1533,1532,1530,1528,1527,1525,1523,1522,1520,1518,1517,1515,1513,1512,1510,1508,1507,1505,1503,1502,1500,1498,1497,1495,1493,1492,1490,1488,1487,1485,1484,1482,1480,1479,1477,1476,1474,1472,1471,1469,1468,1466,1464,1463,1461,1460,1458,1456,1455,1453,1452,1450,1448,1447,1445,1444,1442,1441,1439,1438,1436,1434,1433,1431,1430,1428,1427,1425,1424,1422,1420,1419,1417,1416,1414,1413,1411,1410,1408,1407,1405,1404,1402,1401,1399,1398,1396,1395,1393,1392,1390,1389,1387,1386,1384,1383,1381,1380,1378,1377,1375,1374,1372,1371,1369,1368,1366,1365,1363,1362,1360,1359,1357,1356,1354,1353,1351,1350,1348,1347,1345,1344,1343,1341,1340,1338,1337,1335,1334,1332,1331,1329,1328,1326,1325,1324,1322,1321,1319,1318,1316,1315,1313,1312,1311,1309,1308,1306,1305,1303,1302,1300,1299,1298,1296,1295,1293,1292,1290,1289,1288,1286,1285,1283,1282,1280,1279,1278,1276,1275,1273,1272,1270,1269,1268,1266,1265,1263,1262,1261,1259,1258,1256,1255,1253,1252,1251,1249,1248,1246,1245,1244,1242,1241,1239,1238,1237,1235,1234,1232,1231,1229,1228,1227,1225,1224,1222,1221,1220,1218,1217,1215,1214,1213,1211,1210,1208,1207,1206,1204,1203,1201,1200,1199,1197,1196,1194,1193,1192,1190,1189,1187,1186,1185,1183,1182,1180,1179,1177,1176,1175,1173,1172,1170,1169,1168,1166,1165,1163,1162,1161,1159,1158,1156,1155,1154,1152,1151,1149,1148,1147,1145,1144,1142,1141,1140,1138,1137,1135,1134,1132,1131,1130,1128,1127,1125,1124,1123,1121,1120,1118,1117,1115,1114,1113,1111,1110,1108,1107,1106,1104,1103,1101,1100,1098,1097,1096,1094,1093,1091,1090,1088,1087,1085,1084,1083,1081,1080,1078,1077,1075,1074,1073,1071,1070,1068,1067,1065,1064,1062,1061,1059,1058,1057,1055,1054,1052,1051,1049,1048,1046,1045,1043,1042,1040,1039,1038,1036,1035,1033,1032,1030,1029,1027,1026,1024,1023,1021,1020,1018,1017,1015,1014,1012,1011,1009,1008,1006,1005,1003,1002,1000,999,997,996,994,993,991,989,988,986,985,983,982,980,979,977,976,974,972,971,969,968,966,965,963,961,960,958,957,955,954,952,950,949,947,946,944,942,941,939,938,936,934,933,931,929,928,926,924,923,921,920,918,916,915,913,911,910,908,906,904,903,901,899,898,896,894,893,891,889,887,886,884,882,880,879,877,875,873,872,870,868,866,864,863,861,859,857,855,854,852,850,848,846,844,843,841,839,837,835,833,831,829,828,826,824,822,820,818,816,814,812,810,808,806,804,802,800,798,796,794,792,790,788,786,784,782,780,778,776,774,771,769,767,765,763,761,759,756,754,752,750,748,745,743,741,739,736,734,732,729,727,725,722,720,718,715,713,711,708,706,703,701,698,696,693,691,688,686,683,681,678,675,673,670,668,665,662,659,657,654,651,648,646,643,640,637,634,631,628,625,623,620,617,613,610,607,604,601,598,595,592,588,585,582,578,575,572,568,565,561,558,554,551,547,543,540,536,532,528,524,521,517,513,509,505,500,496,492,488,483,479,475,470,466,461,456,451,447,442,437,432,427,422,416,411,405,400,394,389,383,377,371,365,358,352,346,339,332,325,318,311,303,296,288,280,272,263,255,246,237,227,218,207,197,186,175,164,151,139,126,112,97,82,66,49,31,12,-9,-32,-57,-84,-114,-149,-188,-236,-295,-372,-489,-737]}