{"borders":[536.7869768738034,492.02470831499556,370.1596481071568,214.426218096084,102.42372627678992,40.68625027580487,13.415772185519938],"perfs":[3687,3417,3283,3190,3119,3061,3012,2969,2931,2897,2866,2837,2810,2786,2762,2741,2720,2700,2681,2663,2646,2630,2614,2599,2584,2570,2556,2542,2529,2517,2505,2493,2481,2470,2458,2448,2437,2427,2417,2407,2397,2387,2378,2369,2360,2351,2342,2334,2326,2317,2309,2301,2293,2286,2278,2270,2263,2256,2248,2241,2234,2227,2220,2214,2207,2200,2194,2187,2181,2175,2169,2162,2156,2150,2144,2138,2132,2127,2121,2115,2110,2104,2099,2093,2088,2082,2077,2072,2066,2061,2056,2051,2046,2041,2036,2031,2026,2021,2016,2011,2007,2002,1997,1993,1988,1983,1979,1974,1970,1965,1961,1956,1952,1948,1943,1939,1935,1930,1926,1922,1918,1914,1910,1905,1901,1897,1893,1889,1885,1881,1877,1873,1869,1866,1862,1858,1854,1850,1846,1843,1839,1835,1831,1828,1824,1820,1817,1813,1809,1806,1802,1799,1795,1791,1788,1784,1781,1777,1774,1771,1767,1764,1760,1757,1753,1750,1747,1743,1740,1737,1733,1730,1727,1724,1720,1717,1714,1711,1707,1704,1701,1698,1695,1691,1688,1685,1682,1679,1676,1673,1670,1667,1664,1660,1657,1654,1651,1648,1645,1642,1639,1636,1633,1630,1627,1625,1622,1619,1616,1613,1610,1607,1604,1601,1598,1595,1593,1590,1587,1584,1581,1578,1576,1573,1570,1567,1564,1562,1559,1556,1553,1551,1548,1545,1542,1540,1537,1534,1531,1529,1526,1523,1521,1518,1515,1513,1510,1507,1505,1502,1499,1497,1494,1491,1489,1486,1483,1481,1478,1476,1473,1470,1468,1465,1463,1460,1457,1455,1452,1450,1447,1445,1442,1440,1437,1434,1432,1429,1427,1424,1422,1419,1417,1414,1412,1409,1407,1404,1402,1399,1397,1394,1392,1389,1387,1384,1382,1379,1377,1374,1372,1369,1367,1364,1362,1359,1357,1354,1352,1349,1347,1344,1342,1339,1337,1335,1332,1330,1327,1325,1322,1320,1317,1315,1312,1310,1307,1305,1302,1300,1298,1295,1293,1290,1288,1285,1283,1280,1278,1275,1273,1270,1268,1265,1263,1261,1258,1256,1253,1251,1248,1246,1243,1241,1238,1236,1233,1231,1228,1226,1223,1221,1218,1216,1213,1211,1208,1205,1203,1200,1198,1195,1193,1190,1188,1185,1183,1180,1177,1175,1172,1170,1167,1164,1162,1159,1157,1154,1151,1149,1146,1143,1141,1138,1135,1133,1130,1127,1125,1122,1119,1116,1114,1111,1108,1105,1103,1100,1097,1094,1092,1089,1086,1083,1080,1077,1075,1072,1069,1066,1063,1060,1057,1054,1051,1048,1045,1042,1039,1036,1033,1030,1027,1024,1021,1018,1014,1011,1008,1005,1002,999,995,992,989,985,982,979,975,972,969,965,962,958,955,951,948,944,940,937,933,929,926,922,918,914,910,907,903,899,895,891,887,882,878,874,870,866,861,857,852,848,843,839,834,830,825,820,815,810,805,800,795,790,784,779,774,768,762,757,751,745,739,733,727,720,714,707,700,693,686,679,672,664,657,649,640,632,623,615,605,596,586,576,566,555,544,532,520,507,494,480,465,449,433,415,396,375,353,329,302,272,238,199,152,94,16,-100,-348]}