{"borders":[1032.4468075636064,856.4924815265745,536.9998070905707,261.5197987018654,106.12120425019282,34.768107260776034,9.103758170400933],"perfs":[3479,3228,3108,3027,2966,2915,2873,2836,2803,2774,2747,2722,2699,2678,2658,2639,2621,2604,2588,2572,2558,2544,2530,2517,2504,2492,2480,2469,2458,2447,2437,2427,2417,2407,2398,2389,2380,2371,2362,2354,2346,2338,2330,2322,2315,2307,2300,2293,2286,2279,2272,2265,2259,2252,2246,2239,2233,2227,2221,2215,2209,2203,2198,2192,2186,2181,2175,2170,2165,2159,2154,2149,2144,2139,2134,2129,2124,2119,2114,2110,2105,2100,2096,2091,2087,2082,2078,2073,2069,2065,2061,2056,2052,2048,2044,2040,2036,2032,2028,2024,2020,2016,2012,2008,2004,2000,1997,1993,1989,1986,1982,1978,1975,1971,1968,1964,1961,1957,1954,1950,1947,1943,1940,1937,1933,1930,1927,1923,1920,1917,1914,1911,1907,1904,1901,1898,1895,1892,1889,1886,1883,1880,1877,1874,1871,1868,1865,1862,1859,1856,1853,1850,1848,1845,1842,1839,1836,1834,1831,1828,1825,1823,1820,1817,1814,1812,1809,1807,1804,1801,1799,1796,1793,1791,1788,1786,1783,1781,1778,1776,1773,1771,1768,1766,1763,1761,1758,1756,1754,1751,1749,1746,1744,1742,1739,1737,1735,1732,1730,1728,1725,1723,1721,1719,1716,1714,1712,1710,1707,1705,1703,1701,1698,1696,1694,1692,1690,1688,1685,1683,1681,1679,1677,1675,1673,1671,1668,1666,1664,1662,1660,1658,1656,1654,1652,1650,1648,1646,1644,1642,1640,1638,1636,1634,1632,1630,1628,1626,1624,1622,1620,1618,1616,1614,1612,1610,1609,1607,1605,1603,1601,1599,1597,1595,1593,1592,1590,1588,1586,1584,1582,1581,1579,1577,1575,1573,1571,1570,1568,1566,1564,1563,1561,1559,1557,1555,1554,1552,1550,1548,1547,1545,1543,1541,1540,1538,1536,1535,1533,1531,1529,1528,1526,1524,1523,1521,1519,1518,1516,1514,1513,1511,1509,1508,1506,1504,1503,1501,1500,1498,1496,1495,1493,1491,1490,1488,1487,1485,1483,1482,1480,1479,1477,1475,1474,1472,1471,1469,1468,1466,1464,1463,1461,1460,1458,1457,1455,1454,1452,1451,1449,1447,1446,1444,1443,1441,1440,1438,1437,1435,1434,1432,1431,1429,1428,1426,1425,1423,1422,1420,1419,1418,1416,1415,1413,1412,1410,1409,1407,1406,1404,1403,1402,1400,1399,1397,1396,1394,1393,1391,1390,1389,1387,1386,1384,1383,1382,1380,1379,1377,1376,1374,1373,1372,1370,1369,1368,1366,1365,1363,1362,1361,1359,1358,1356,1355,1354,1352,1351,1350,1348,1347,1346,1344,1343,1341,1340,1339,1337,1336,1335,1333,1332,1331,1329,1328,1327,1325,1324,1323,1321,1320,1319,1317,1316,1315,1313,1312,1311,1309,1308,1307,1306,1304,1303,1302,1300,1299,1298,1296,1295,1294,1293,1291,1290,1289,1287,1286,1285,1283,1282,1281,1280,1278,1277,1276,1275,1273,1272,1271,1269,1268,1267,1266,1264,1263,1262,1261,1259,1258,1257,1256,1254,1253,1252,1251,1249,1248,1247,1246,1244,1243,1242,1241,1239,1238,1237,1236,1234,1233,1232,1231,1229,1228,1227,1226,1224,1223,1222,1221,1220,1218,1217,1216,1215,1213,1212,1211,1210,1209,1207,1206,1205,1204,1202,1201,1200,1199,1198,1196,1195,1194,1193,1192,1190,1189,1188,1187,1185,1184,1183,1182,1181,1179,1178,1177,1176,1175,1173,1172,1171,1170,1169,1167,1166,1165,1164,1163,1161,1160,1159,1158,1157,1156,1154,1153,1152,1151,1150,1148,1147,1146,1145,1144,1142,1141,1140,1139,1138,1136,1135,1134,1133,1132,1131,1129,1128,1127,1126,1125,1123,1122,1121,1120,1119,1118,1116,1115,1114,1113,1112,1110,1109,1108,1107,1106,1105,1103,1102,1101,1100,1099,1097,1096,1095,1094,1093,1092,1090,1089,1088,1087,1086,1084,1083,1082,1081,1080,1079,1077,1076,1075,1074,1073,1072,1070,1069,1068,1067,1066,1064,1063,1062,1061,1060,1059,1057,1056,1055,1054,1053,1051,1050,1049,1048,1047,1045,1044,1043,1042,1041,1040,1038,1037,1036,1035,1034,1032,1031,1030,1029,1028,1026,1025,1024,1023,1022,1020,1019,1018,1017,1016,1014,1013,1012,1011,1010,1008,1007,1006,1005,1004,1002,1001,1000,999,998,996,995,994,993,992,990,989,988,987,985,984,983,982,981,979,978,977,976,974,973,972,971,970,968,967,966,965,963,962,961,960,958,957,956,955,953,952,951,950,948,947,946,945,943,942,941,940,938,937,936,935,933,932,931,930,928,927,926,924,923,922,921,919,918,917,916,914,913,912,910,909,908,906,905,904,903,901,900,899,897,896,895,893,892,891,889,888,887,885,884,883,881,880,879,877,876,875,873,872,871,869,868,867,865,864,862,861,860,858,857,856,854,853,851,850,849,847,846,844,843,842,840,839,837,836,834,833,832,830,829,827,826,824,823,821,820,819,817,816,814,813,811,810,808,807,805,804,802,801,799,798,796,795,793,792,790,789,787,785,784,782,781,779,778,776,775,773,771,770,768,767,765,763,762,760,759,757,755,754,752,750,749,747,745,744,742,740,739,737,735,734,732,730,729,727,725,723,722,720,718,716,715,713,711,709,707,706,704,702,700,698,696,695,693,691,689,687,685,683,681,680,678,676,674,672,670,668,666,664,662,660,658,656,654,652,650,648,646,644,642,640,637,635,633,631,629,627,625,622,620,618,616,614,611,609,607,604,602,600,598,595,593,590,588,586,583,581,578,576,574,571,569,566,563,561,558,556,553,550,548,545,542,540,537,534,532,529,526,523,520,517,514,512,509,506,503,500,497,493,490,487,484,481,478,474,471,468,464,461,458,454,451,447,444,440,436,433,429,425,421,418,414,410,406,402,398,394,389,385,381,377,372,368,363,359,354,349,344,340,335,330,324,319,314,309,303,298,292,286,280,274,268,262,256,249,243,236,229,222,215,207,200,192,184,176,168,159,150,141,132,122,112,101,91,79,68,56,43,30,16,1,-14,-30,-47,-66,-85,-106,-129,-154,-181,-212,-246,-286,-334,-393,-471,-588,-836]}