{"borders":[1092.4909688190207,928.3494276237491,624.9388080220514,327.575141094333,132.61160684014195,41.66667887979743,10.116659006356937],"perfs":[3489,3240,3123,3044,2985,2937,2897,2862,2831,2803,2778,2755,2733,2713,2695,2677,2661,2645,2630,2615,2602,2589,2576,2564,2552,2541,2530,2519,2509,2499,2490,2480,2471,2462,2453,2445,2436,2428,2420,2413,2405,2398,2390,2383,2376,2369,2362,2356,2349,2343,2336,2330,2324,2318,2312,2306,2300,2294,2289,2283,2278,2272,2267,2262,2257,2252,2246,2241,2237,2232,2227,2222,2217,2213,2208,2203,2199,2194,2190,2186,2181,2177,2173,2169,2164,2160,2156,2152,2148,2144,2140,2136,2132,2129,2125,2121,2117,2113,2110,2106,2102,2099,2095,2092,2088,2085,2081,2078,2074,2071,2068,2064,2061,2058,2054,2051,2048,2045,2041,2038,2035,2032,2029,2026,2023,2020,2017,2014,2011,2008,2005,2002,1999,1996,1993,1990,1987,1984,1982,1979,1976,1973,1970,1968,1965,1962,1960,1957,1954,1952,1949,1946,1944,1941,1938,1936,1933,1931,1928,1926,1923,1920,1918,1915,1913,1910,1908,1906,1903,1901,1898,1896,1893,1891,1889,1886,1884,1882,1879,1877,1875,1872,1870,1868,1865,1863,1861,1859,1856,1854,1852,1850,1847,1845,1843,1841,1839,1836,1834,1832,1830,1828,1826,1824,1821,1819,1817,1815,1813,1811,1809,1807,1805,1803,1801,1798,1796,1794,1792,1790,1788,1786,1784,1782,1780,1778,1776,1774,1772,1770,1768,1767,1765,1763,1761,1759,1757,1755,1753,1751,1749,1747,1745,1743,1742,1740,1738,1736,1734,1732,1730,1729,1727,1725,1723,1721,1719,1718,1716,1714,1712,1710,1708,1707,1705,1703,1701,1700,1698,1696,1694,1692,1691,1689,1687,1685,1684,1682,1680,1679,1677,1675,1673,1672,1670,1668,1666,1665,1663,1661,1660,1658,1656,1655,1653,1651,1650,1648,1646,1645,1643,1641,1640,1638,1636,1635,1633,1631,1630,1628,1627,1625,1623,1622,1620,1618,1617,1615,1614,1612,1610,1609,1607,1606,1604,1602,1601,1599,1598,1596,1595,1593,1591,1590,1588,1587,1585,1584,1582,1581,1579,1577,1576,1574,1573,1571,1570,1568,1567,1565,1564,1562,1561,1559,1558,1556,1555,1553,1552,1550,1549,1547,1546,1544,1543,1541,1540,1538,1537,1535,1534,1532,1531,1529,1528,1526,1525,1523,1522,1521,1519,1518,1516,1515,1513,1512,1510,1509,1507,1506,1505,1503,1502,1500,1499,1497,1496,1495,1493,1492,1490,1489,1487,1486,1485,1483,1482,1480,1479,1478,1476,1475,1473,1472,1471,1469,1468,1466,1465,1464,1462,1461,1459,1458,1457,1455,1454,1453,1451,1450,1448,1447,1446,1444,1443,1442,1440,1439,1437,1436,1435,1433,1432,1431,1429,1428,1427,1425,1424,1422,1421,1420,1418,1417,1416,1414,1413,1412,1410,1409,1408,1406,1405,1404,1402,1401,1400,1398,1397,1396,1394,1393,1392,1390,1389,1388,1386,1385,1384,1383,1381,1380,1379,1377,1376,1375,1373,1372,1371,1369,1368,1367,1366,1364,1363,1362,1360,1359,1358,1356,1355,1354,1353,1351,1350,1349,1347,1346,1345,1344,1342,1341,1340,1338,1337,1336,1335,1333,1332,1331,1329,1328,1327,1326,1324,1323,1322,1321,1319,1318,1317,1315,1314,1313,1312,1310,1309,1308,1307,1305,1304,1303,1302,1300,1299,1298,1296,1295,1294,1293,1291,1290,1289,1288,1286,1285,1284,1283,1281,1280,1279,1278,1276,1275,1274,1273,1271,1270,1269,1268,1266,1265,1264,1263,1261,1260,1259,1258,1257,1255,1254,1253,1252,1250,1249,1248,1247,1245,1244,1243,1242,1240,1239,1238,1237,1236,1234,1233,1232,1231,1229,1228,1227,1226,1224,1223,1222,1221,1220,1218,1217,1216,1215,1213,1212,1211,1210,1208,1207,1206,1205,1204,1202,1201,1200,1199,1197,1196,1195,1194,1193,1191,1190,1189,1188,1186,1185,1184,1183,1182,1180,1179,1178,1177,1175,1174,1173,1172,1171,1169,1168,1167,1166,1165,1163,1162,1161,1160,1158,1157,1156,1155,1154,1152,1151,1150,1149,1147,1146,1145,1144,1143,1141,1140,1139,1138,1136,1135,1134,1133,1132,1130,1129,1128,1127,1125,1124,1123,1122,1121,1119,1118,1117,1116,1114,1113,1112,1111,1110,1108,1107,1106,1105,1103,1102,1101,1100,1099,1097,1096,1095,1094,1092,1091,1090,1089,1088,1086,1085,1084,1083,1081,1080,1079,1078,1076,1075,1074,1073,1071,1070,1069,1068,1067,1065,1064,1063,1062,1060,1059,1058,1057,1055,1054,1053,1052,1050,1049,1048,1047,1045,1044,1043,1042,1040,1039,1038,1037,1035,1034,1033,1032,1030,1029,1028,1027,1025,1024,1023,1022,1020,1019,1018,1016,1015,1014,1013,1011,1010,1009,1008,1006,1005,1004,1002,1001,1000,999,997,996,995,993,992,991,990,988,987,986,984,983,982,981,979,978,977,975,974,973,971,970,969,967,966,965,964,962,961,960,958,957,956,954,953,952,950,949,948,946,945,944,942,941,940,938,937,936,934,933,931,930,929,927,926,925,923,922,921,919,918,916,915,914,912,911,909,908,907,905,904,902,901,900,898,897,895,894,893,891,890,888,887,886,884,883,881,880,878,877,875,874,873,871,870,868,867,865,864,862,861,859,858,856,855,853,852,850,849,847,846,844,843,841,840,838,837,835,834,832,831,829,828,826,824,823,821,820,818,817,815,813,812,810,809,807,805,804,802,801,799,797,796,794,792,791,789,787,786,784,782,781,779,777,776,774,772,771,769,767,765,764,762,760,759,757,755,753,752,750,748,746,744,743,741,739,737,735,734,732,730,728,726,724,722,721,719,717,715,713,711,709,707,705,703,701,699,697,695,693,691,689,687,685,683,681,679,677,675,673,671,669,667,665,662,660,658,656,654,652,649,647,645,643,641,638,636,634,632,629,627,625,622,620,618,615,613,610,608,605,603,601,598,596,593,591,588,585,583,580,578,575,572,570,567,564,562,559,556,553,550,548,545,542,539,536,533,530,527,524,521,518,515,512,509,505,502,499,496,492,489,486,482,479,475,472,468,465,461,458,454,450,446,443,439,435,431,427,423,419,415,411,406,402,398,393,389,384,380,375,370,366,361,356,351,346,341,335,330,325,319,313,308,302,296,290,284,277,271,264,258,251,244,237,229,222,214,206,198,190,182,173,164,154,145,135,125,114,103,92,80,68,55,41,27,13,-3,-19,-37,-55,-75,-96,-119,-144,-172,-203,-237,-278,-325,-385,-463,-580,-829]}