{"borders":[725.4722331114948,597.7896774951329,379.47220066341305,184.73363320445864,73.46560148566408,24.256954959948544,6.437299846224543],"perfs":[3389,3136,3015,2934,2871,2820,2776,2738,2705,2674,2646,2620,2596,2574,2553,2533,2514,2496,2479,2463,2447,2432,2417,2404,2390,2377,2364,2352,2340,2329,2317,2307,2296,2286,2275,2266,2256,2247,2237,2228,2219,2211,2202,2194,2186,2178,2170,2162,2155,2147,2140,2133,2125,2118,2112,2105,2098,2092,2085,2079,2072,2066,2060,2054,2048,2042,2036,2030,2025,2019,2013,2008,2003,1997,1992,1987,1981,1976,1971,1966,1961,1956,1951,1946,1942,1937,1932,1928,1923,1918,1914,1909,1905,1900,1896,1892,1887,1883,1879,1875,1871,1866,1862,1858,1854,1850,1846,1842,1838,1834,1831,1827,1823,1819,1815,1812,1808,1804,1801,1797,1793,1790,1786,1783,1779,1776,1772,1769,1765,1762,1759,1755,1752,1749,1745,1742,1739,1735,1732,1729,1726,1723,1719,1716,1713,1710,1707,1704,1701,1698,1695,1692,1689,1686,1683,1680,1677,1674,1671,1668,1665,1662,1659,1656,1654,1651,1648,1645,1642,1640,1637,1634,1631,1629,1626,1623,1621,1618,1615,1612,1610,1607,1605,1602,1599,1597,1594,1592,1589,1586,1584,1581,1579,1576,1574,1571,1569,1566,1564,1561,1559,1556,1554,1551,1549,1547,1544,1542,1539,1537,1535,1532,1530,1527,1525,1523,1520,1518,1516,1513,1511,1509,1507,1504,1502,1500,1497,1495,1493,1491,1488,1486,1484,1482,1479,1477,1475,1473,1471,1468,1466,1464,1462,1460,1458,1455,1453,1451,1449,1447,1445,1443,1440,1438,1436,1434,1432,1430,1428,1426,1424,1422,1419,1417,1415,1413,1411,1409,1407,1405,1403,1401,1399,1397,1395,1393,1391,1389,1387,1385,1383,1381,1379,1377,1375,1373,1371,1369,1367,1365,1363,1361,1359,1357,1355,1353,1351,1349,1347,1346,1344,1342,1340,1338,1336,1334,1332,1330,1328,1326,1325,1323,1321,1319,1317,1315,1313,1311,1309,1308,1306,1304,1302,1300,1298,1296,1295,1293,1291,1289,1287,1285,1283,1282,1280,1278,1276,1274,1272,1271,1269,1267,1265,1263,1262,1260,1258,1256,1254,1252,1251,1249,1247,1245,1243,1242,1240,1238,1236,1235,1233,1231,1229,1227,1226,1224,1222,1220,1218,1217,1215,1213,1211,1210,1208,1206,1204,1203,1201,1199,1197,1196,1194,1192,1190,1189,1187,1185,1183,1182,1180,1178,1176,1175,1173,1171,1169,1168,1166,1164,1162,1161,1159,1157,1155,1154,1152,1150,1148,1147,1145,1143,1142,1140,1138,1136,1135,1133,1131,1129,1128,1126,1124,1122,1121,1119,1117,1116,1114,1112,1110,1109,1107,1105,1103,1102,1100,1098,1097,1095,1093,1091,1090,1088,1086,1084,1083,1081,1079,1077,1076,1074,1072,1071,1069,1067,1065,1064,1062,1060,1058,1057,1055,1053,1051,1050,1048,1046,1044,1043,1041,1039,1037,1036,1034,1032,1030,1029,1027,1025,1023,1022,1020,1018,1016,1015,1013,1011,1009,1008,1006,1004,1002,1000,999,997,995,993,992,990,988,986,984,983,981,979,977,975,974,972,970,968,966,965,963,961,959,957,955,954,952,950,948,946,944,943,941,939,937,935,933,931,930,928,926,924,922,920,918,916,915,913,911,909,907,905,903,901,899,897,895,894,892,890,888,886,884,882,880,878,876,874,872,870,868,866,864,862,860,858,856,854,852,850,848,846,844,842,840,838,836,834,831,829,827,825,823,821,819,817,815,812,810,808,806,804,802,800,797,795,793,791,789,786,784,782,780,777,775,773,771,768,766,764,761,759,757,754,752,750,747,745,743,740,738,735,733,730,728,726,723,721,718,716,713,711,708,706,703,700,698,695,693,690,687,685,682,679,677,674,671,668,666,663,660,657,655,652,649,646,643,640,637,634,631,628,625,622,619,616,613,610,607,604,601,598,594,591,588,585,581,578,575,571,568,564,561,557,554,550,547,543,540,536,532,529,525,521,517,513,509,506,502,498,493,489,485,481,477,473,468,464,460,455,451,446,441,437,432,427,422,418,413,408,402,397,392,387,381,376,370,365,359,353,347,341,335,329,323,317,310,303,297,290,283,276,268,261,253,246,238,230,221,213,204,195,186,177,167,157,147,136,126,114,103,91,78,65,51,37,22,6,-10,-28,-46,-66,-87,-110,-136,-163,-194,-229,-269,-317,-376,-454,-571,-819]}