{"borders":[633.1626361413759,533.3162312407915,354.9484510840513,183.56869738071458,75.03232537053802,24.2104797081396,6.215933437003582],"perfs":[3375,3124,3003,2922,2860,2810,2767,2730,2696,2666,2639,2614,2590,2569,2548,2529,2510,2493,2476,2460,2445,2430,2416,2403,2390,2377,2365,2353,2341,2330,2319,2309,2298,2288,2278,2269,2259,2250,2241,2233,2224,2215,2207,2199,2191,2183,2176,2168,2161,2153,2146,2139,2132,2125,2118,2112,2105,2099,2092,2086,2080,2074,2068,2062,2056,2050,2044,2038,2033,2027,2022,2016,2011,2005,2000,1995,1990,1985,1980,1975,1970,1965,1960,1955,1950,1945,1941,1936,1931,1927,1922,1918,1913,1909,1904,1900,1896,1891,1887,1883,1878,1874,1870,1866,1862,1858,1854,1850,1846,1842,1838,1834,1830,1826,1822,1818,1815,1811,1807,1803,1800,1796,1792,1789,1785,1781,1778,1774,1771,1767,1764,1760,1757,1753,1750,1746,1743,1740,1736,1733,1730,1726,1723,1720,1716,1713,1710,1707,1703,1700,1697,1694,1691,1688,1684,1681,1678,1675,1672,1669,1666,1663,1660,1657,1654,1651,1648,1645,1642,1639,1636,1633,1630,1627,1624,1622,1619,1616,1613,1610,1607,1604,1602,1599,1596,1593,1590,1588,1585,1582,1579,1577,1574,1571,1569,1566,1563,1560,1558,1555,1552,1550,1547,1544,1542,1539,1537,1534,1531,1529,1526,1524,1521,1518,1516,1513,1511,1508,1506,1503,1501,1498,1496,1493,1491,1488,1486,1483,1481,1478,1476,1473,1471,1468,1466,1464,1461,1459,1456,1454,1451,1449,1447,1444,1442,1440,1437,1435,1432,1430,1428,1425,1423,1421,1418,1416,1414,1411,1409,1407,1404,1402,1400,1397,1395,1393,1391,1388,1386,1384,1381,1379,1377,1375,1372,1370,1368,1366,1363,1361,1359,1357,1354,1352,1350,1348,1345,1343,1341,1339,1337,1334,1332,1330,1328,1326,1323,1321,1319,1317,1315,1313,1310,1308,1306,1304,1302,1300,1297,1295,1293,1291,1289,1287,1284,1282,1280,1278,1276,1274,1272,1269,1267,1265,1263,1261,1259,1257,1255,1252,1250,1248,1246,1244,1242,1240,1238,1236,1233,1231,1229,1227,1225,1223,1221,1219,1217,1215,1212,1210,1208,1206,1204,1202,1200,1198,1196,1194,1192,1189,1187,1185,1183,1181,1179,1177,1175,1173,1171,1169,1167,1164,1162,1160,1158,1156,1154,1152,1150,1148,1146,1144,1142,1140,1137,1135,1133,1131,1129,1127,1125,1123,1121,1119,1117,1115,1112,1110,1108,1106,1104,1102,1100,1098,1096,1094,1092,1089,1087,1085,1083,1081,1079,1077,1075,1073,1071,1068,1066,1064,1062,1060,1058,1056,1054,1052,1049,1047,1045,1043,1041,1039,1037,1034,1032,1030,1028,1026,1024,1022,1019,1017,1015,1013,1011,1009,1006,1004,1002,1000,998,996,993,991,989,987,985,982,980,978,976,974,971,969,967,965,962,960,958,956,953,951,949,947,944,942,940,937,935,933,930,928,926,924,921,919,917,914,912,909,907,905,902,900,898,895,893,890,888,886,883,881,878,876,873,871,868,866,863,861,858,856,853,851,848,846,843,841,838,835,833,830,828,825,822,820,817,814,812,809,806,804,801,798,795,793,790,787,784,781,779,776,773,770,767,764,761,758,755,753,750,747,744,741,737,734,731,728,725,722,719,716,713,709,706,703,700,696,693,690,686,683,680,676,673,669,666,662,659,655,651,648,644,640,637,633,629,625,621,618,614,610,606,602,598,593,589,585,581,577,572,568,563,559,555,550,545,541,536,531,526,521,517,512,506,501,496,491,485,480,475,469,463,457,452,446,440,433,427,421,414,408,401,394,387,380,373,366,358,350,342,334,326,317,309,300,291,281,271,261,251,240,229,218,206,194,181,168,154,139,124,108,91,73,54,34,12,-12,-38,-66,-98,-134,-175,-224,-285,-365,-484,-734]}