{"borders":[198.8672716836537,167.03565857878013,108.01893567124701,56.598309863948785,26.012522069156475,9.861899625781865,3.2361002700646213],"perfs":[3322,2994,2829,2721,2641,2577,2523,2476,2433,2395,2360,2327,2296,2267,2239,2213,2188,2164,2141,2119,2097,2077,2057,2037,2018,2000,1982,1965,1948,1932,1916,1900,1885,1870,1856,1842,1828,1814,1801,1788,1775,1762,1750,1737,1726,1714,1702,1691,1680,1669,1658,1647,1637,1626,1616,1606,1596,1586,1577,1567,1558,1548,1539,1530,1521,1512,1503,1495,1486,1477,1469,1461,1452,1444,1436,1428,1420,1412,1405,1397,1389,1382,1374,1366,1359,1352,1344,1337,1330,1323,1316,1308,1301,1294,1287,1281,1274,1267,1260,1253,1247,1240,1233,1226,1220,1213,1207,1200,1194,1187,1181,1174,1168,1161,1155,1148,1142,1136,1129,1123,1116,1110,1104,1097,1091,1085,1078,1072,1065,1059,1053,1046,1040,1033,1027,1021,1014,1008,1001,994,988,981,975,968,961,955,948,941,934,927,920,913,906,899,892,885,878,870,863,855,848,840,832,824,817,808,800,792,784,775,766,758,749,739,730,721,711,701,691,680,670,659,648,636,624,612,599,586,573,559,544,529,513,496,478,460,440,419,397,373,347,319,287,252,213,167,113,46,-42,-171,-435]}