{"borders":[6.497884507716079,6.487346433057915,6.4254571899008965,6.095259682870245,4.876407797270986,2.7085795289473245,1.1127070368430692],"perfs":[2852,2541,2347,2171,1973,1654]}