{"borders":[6.499168025885293,6.4950145464611575,6.470314974708046,6.329603928953465,5.680750107147145,4.0531013471415385,2.1470599395846977],"perfs":[3187,2837,2612,2411,2194,1865]}