{"borders":[186.79218462214394,139.9108086983806,77.08919130161941,30.207815377856033,9.232250077612195,2.596998131779121,0.9110726796531813],"perfs":[2754,2486,2354,2263,2193,2136,2087,2045,2008,1975,1944,1916,1890,1866,1843,1822,1801,1782,1764,1746,1730,1713,1698,1683,1668,1654,1641,1628,1615,1603,1590,1579,1567,1556,1545,1534,1523,1513,1503,1493,1483,1473,1464,1455,1446,1436,1428,1419,1410,1402,1393,1385,1377,1368,1360,1352,1345,1337,1329,1321,1314,1306,1299,1292,1284,1277,1270,1263,1256,1249,1242,1235,1228,1221,1214,1207,1201,1194,1187,1181,1174,1167,1161,1154,1148,1141,1135,1129,1122,1116,1109,1103,1097,1090,1084,1078,1072,1065,1059,1053,1047,1040,1034,1028,1022,1016,1009,1003,997,991,984,978,972,966,960,953,947,941,935,928,922,916,910,903,897,891,884,878,871,865,859,852,846,839,833,826,819,813,806,799,793,786,779,772,765,758,751,744,737,730,723,716,708,701,694,686,679,671,663,655,648,640,632,623,615,607,598,590,581,572,564,554,545,536,527,517,507,497,487,477,466,455,444,433,421,410,397,385,372,359,346,332,317,302,287,270,254,236,218,199,178,157,134,110,84,56,25,-8,-45,-87,-136,-193,-263,-354,-486,-754]}