{"borders":[52.659951096386784,49.403477753872934,40.2803986766373,26.501188280744103,13.470828791870359,5.079583284795616,1.5738281394566744],"perfs":[2983,2716,2580,2483,2406,2340,2282,2230,2181,2137,2095,2055,2017,1981,1946,1912,1880,1848,1817,1787,1757,1728,1699,1670,1642,1614,1586,1558,1531,1503,1475,1447,1419,1390,1362,1332,1303,1272,1241,1209,1176,1142,1106,1068,1028,985,938,886,827,756,667,539,279]}