{"borders":[27.25625814382096,20.511955383411607,11.48804461658839,4.743741856179043,1.686961488685292,0.7433960561191033,0.542523615902009],"perfs":[2226,1934,1779,1668,1579,1504,1438,1378,1323,1272,1223,1176,1131,1087,1043,1000,957,913,869,824,777,728,677,622,562,496,421,332,221,66,-226]}