{"borders":[24.67117394931823,18.576239155375056,10.423760844624942,4.328826050681769,1.562902135450992,0.7156865700083761,0.5375519159592803],"perfs":[2197,1902,1745,1632,1541,1464,1395,1334,1276,1222,1171,1121,1072,1024,976,928,879,829,778,724,666,605,536,459,368,255,98,-197]}