{"borders":[706.8546130213011,529.1075348000226,290.89246519997766,113.14538697869843,33.66545022825488,8.66840476555795,2.2488285622390105],"perfs":[3098,2838,2711,2625,2559,2506,2462,2423,2389,2359,2331,2306,2283,2261,2241,2222,2204,2188,2172,2156,2142,2128,2115,2102,2090,2078,2067,2056,2045,2035,2025,2016,2006,1997,1988,1979,1971,1963,1955,1947,1939,1932,1924,1917,1910,1903,1896,1890,1883,1877,1870,1864,1858,1852,1846,1840,1834,1829,1823,1818,1812,1807,1802,1797,1792,1786,1782,1777,1772,1767,1762,1758,1753,1748,1744,1739,1735,1731,1726,1722,1718,1714,1709,1705,1701,1697,1693,1689,1685,1681,1678,1674,1670,1666,1663,1659,1655,1652,1648,1644,1641,1637,1634,1630,1627,1624,1620,1617,1614,1610,1607,1604,1600,1597,1594,1591,1588,1585,1582,1578,1575,1572,1569,1566,1563,1560,1557,1554,1551,1549,1546,1543,1540,1537,1534,1531,1529,1526,1523,1520,1518,1515,1512,1509,1507,1504,1501,1499,1496,1494,1491,1488,1486,1483,1481,1478,1476,1473,1471,1468,1466,1463,1461,1458,1456,1453,1451,1448,1446,1444,1441,1439,1437,1434,1432,1429,1427,1425,1422,1420,1418,1416,1413,1411,1409,1406,1404,1402,1400,1398,1395,1393,1391,1389,1386,1384,1382,1380,1378,1376,1373,1371,1369,1367,1365,1363,1361,1359,1356,1354,1352,1350,1348,1346,1344,1342,1340,1338,1336,1334,1332,1330,1328,1326,1324,1322,1320,1318,1316,1314,1312,1310,1308,1306,1304,1302,1300,1298,1296,1294,1292,1290,1288,1286,1284,1282,1281,1279,1277,1275,1273,1271,1269,1267,1265,1264,1262,1260,1258,1256,1254,1252,1250,1249,1247,1245,1243,1241,1239,1238,1236,1234,1232,1230,1228,1227,1225,1223,1221,1219,1218,1216,1214,1212,1210,1209,1207,1205,1203,1202,1200,1198,1196,1195,1193,1191,1189,1187,1186,1184,1182,1180,1179,1177,1175,1174,1172,1170,1168,1167,1165,1163,1161,1160,1158,1156,1155,1153,1151,1149,1148,1146,1144,1143,1141,1139,1137,1136,1134,1132,1131,1129,1127,1126,1124,1122,1121,1119,1117,1116,1114,1112,1110,1109,1107,1105,1104,1102,1100,1099,1097,1095,1094,1092,1090,1089,1087,1085,1084,1082,1080,1079,1077,1076,1074,1072,1071,1069,1067,1066,1064,1062,1061,1059,1057,1056,1054,1052,1051,1049,1048,1046,1044,1043,1041,1039,1038,1036,1034,1033,1031,1029,1028,1026,1025,1023,1021,1020,1018,1016,1015,1013,1011,1010,1008,1007,1005,1003,1002,1000,998,997,995,993,992,990,989,987,985,984,982,980,979,977,975,974,972,971,969,967,966,964,962,961,959,957,956,954,952,951,949,948,946,944,943,941,939,938,936,934,933,931,929,928,926,924,923,921,920,918,916,915,913,911,910,908,906,905,903,901,900,898,896,895,893,891,890,888,886,884,883,881,879,878,876,874,873,871,869,868,866,864,863,861,859,857,856,854,852,851,849,847,845,844,842,840,839,837,835,833,832,830,828,826,825,823,821,820,818,816,814,813,811,809,807,805,804,802,800,798,797,795,793,791,790,788,786,784,782,781,779,777,775,773,772,770,768,766,764,762,761,759,757,755,753,751,750,748,746,744,742,740,738,736,735,733,731,729,727,725,723,721,719,718,716,714,712,710,708,706,704,702,700,698,696,694,692,690,688,686,684,682,680,678,676,674,672,670,668,666,664,662,660,658,656,654,652,650,648,646,644,641,639,637,635,633,631,629,627,624,622,620,618,616,614,611,609,607,605,602,600,598,596,594,591,589,587,584,582,580,578,575,573,571,568,566,563,561,559,556,554,552,549,547,544,542,539,537,534,532,529,527,524,522,519,517,514,512,509,506,504,501,499,496,493,491,488,485,482,480,477,474,471,469,466,463,460,457,454,451,449,446,443,440,437,434,431,428,425,422,418,415,412,409,406,403,400,396,393,390,386,383,380,376,373,370,366,363,359,356,352,348,345,341,337,334,330,326,322,319,315,311,307,303,299,295,291,286,282,278,274,269,265,261,256,252,247,242,238,233,228,223,218,214,208,203,198,193,188,182,177,171,166,160,154,148,142,136,130,123,117,110,104,97,90,83,76,68,61,53,45,37,29,21,12,3,-6,-16,-25,-35,-45,-56,-67,-78,-90,-102,-115,-128,-142,-156,-172,-188,-204,-222,-241,-261,-283,-306,-331,-359,-389,-423,-462,-506,-559,-625,-711,-838,-1098]}