{"borders":[127.76615393877168,120.51208435225182,97.39984569211867,63.32204154212813,34.28591676052384,14.918970664827963,5.233331080373872],"perfs":[3413,3134,2993,2893,2816,2752,2696,2647,2603,2562,2525,2490,2457,2427,2398,2370,2344,2318,2294,2271,2248,2227,2205,2185,2165,2146,2127,2108,2090,2072,2055,2038,2021,2005,1988,1973,1957,1941,1926,1911,1896,1881,1867,1853,1838,1824,1810,1797,1783,1769,1756,1743,1730,1717,1704,1691,1678,1666,1653,1641,1628,1616,1604,1592,1580,1568,1556,1544,1532,1521,1509,1497,1486,1474,1463,1451,1440,1428,1417,1405,1394,1382,1371,1359,1348,1336,1325,1313,1301,1290,1278,1266,1254,1242,1230,1217,1205,1192,1180,1167,1154,1140,1127,1113,1099,1084,1070,1054,1039,1023,1006,989,971,952,932,912,890,867,842,815,785,753,716,675,625,565,485,367,117]}