{"borders":[759.747764065293,624.2847101224808,391.75103665210673,195.83023164571534,82.6000209220403,28.192884750722584,7.881142459928541],"perfs":[3483,3221,3092,3004,2937,2882,2836,2795,2760,2728,2699,2672,2648,2625,2604,2583,2564,2546,2529,2513,2497,2482,2467,2454,2440,2427,2414,2402,2390,2379,2368,2357,2346,2336,2326,2316,2307,2297,2288,2279,2270,2261,2253,2245,2236,2228,2220,2213,2205,2197,2190,2183,2176,2169,2162,2155,2148,2141,2135,2128,2122,2115,2109,2103,2097,2091,2085,2079,2073,2068,2062,2056,2051,2045,2040,2034,2029,2024,2018,2013,2008,2003,1998,1993,1988,1983,1978,1973,1969,1964,1959,1955,1950,1945,1941,1936,1932,1927,1923,1919,1914,1910,1906,1902,1897,1893,1889,1885,1881,1877,1873,1869,1865,1861,1857,1853,1849,1845,1841,1838,1834,1830,1826,1823,1819,1815,1812,1808,1804,1801,1797,1794,1790,1787,1783,1780,1776,1773,1769,1766,1763,1759,1756,1753,1749,1746,1743,1739,1736,1733,1730,1727,1723,1720,1717,1714,1711,1708,1705,1702,1699,1696,1693,1690,1687,1684,1681,1678,1675,1672,1669,1666,1663,1660,1657,1654,1652,1649,1646,1643,1640,1637,1635,1632,1629,1626,1624,1621,1618,1616,1613,1610,1608,1605,1602,1600,1597,1594,1592,1589,1586,1584,1581,1579,1576,1574,1571,1569,1566,1564,1561,1559,1556,1554,1551,1549,1546,1544,1541,1539,1537,1534,1532,1529,1527,1525,1522,1520,1517,1515,1513,1510,1508,1506,1503,1501,1499,1497,1494,1492,1490,1487,1485,1483,1481,1478,1476,1474,1472,1470,1467,1465,1463,1461,1459,1456,1454,1452,1450,1448,1446,1443,1441,1439,1437,1435,1433,1431,1429,1427,1424,1422,1420,1418,1416,1414,1412,1410,1408,1406,1404,1402,1400,1398,1396,1394,1392,1390,1388,1386,1384,1382,1380,1378,1376,1374,1372,1370,1368,1366,1364,1362,1360,1358,1356,1354,1352,1350,1348,1346,1345,1343,1341,1339,1337,1335,1333,1331,1329,1327,1326,1324,1322,1320,1318,1316,1314,1313,1311,1309,1307,1305,1303,1302,1300,1298,1296,1294,1292,1291,1289,1287,1285,1283,1282,1280,1278,1276,1274,1273,1271,1269,1267,1265,1264,1262,1260,1258,1257,1255,1253,1251,1250,1248,1246,1244,1243,1241,1239,1237,1236,1234,1232,1230,1229,1227,1225,1223,1222,1220,1218,1217,1215,1213,1211,1210,1208,1206,1205,1203,1201,1200,1198,1196,1194,1193,1191,1189,1188,1186,1184,1183,1181,1179,1178,1176,1174,1173,1171,1169,1168,1166,1164,1163,1161,1159,1158,1156,1154,1153,1151,1149,1148,1146,1144,1143,1141,1139,1138,1136,1134,1133,1131,1130,1128,1126,1125,1123,1121,1120,1118,1116,1115,1113,1111,1110,1108,1107,1105,1103,1102,1100,1098,1097,1095,1093,1092,1090,1089,1087,1085,1084,1082,1080,1079,1077,1075,1074,1072,1071,1069,1067,1066,1064,1062,1061,1059,1058,1056,1054,1053,1051,1049,1048,1046,1044,1043,1041,1040,1038,1036,1035,1033,1031,1030,1028,1026,1025,1023,1021,1020,1018,1016,1015,1013,1012,1010,1008,1007,1005,1003,1002,1000,998,997,995,993,992,990,988,987,985,983,982,980,978,977,975,973,972,970,968,966,965,963,961,960,958,956,955,953,951,949,948,946,944,943,941,939,937,936,934,932,931,929,927,925,924,922,920,918,917,915,913,911,910,908,906,904,902,901,899,897,895,894,892,890,888,886,885,883,881,879,877,875,874,872,870,868,866,864,863,861,859,857,855,853,851,849,848,846,844,842,840,838,836,834,832,830,828,826,824,822,821,819,817,815,813,811,809,807,805,803,801,799,797,794,792,790,788,786,784,782,780,778,776,774,772,769,767,765,763,761,759,757,754,752,750,748,746,743,741,739,737,734,732,730,728,725,723,721,718,716,714,711,709,707,704,702,699,697,694,692,690,687,685,682,680,677,675,672,669,667,664,662,659,656,654,651,648,646,643,640,638,635,632,629,626,624,621,618,615,612,609,606,603,600,597,594,591,588,585,582,579,576,572,569,566,563,559,556,553,549,546,543,539,536,532,529,525,521,518,514,510,507,503,499,495,491,487,483,479,475,471,467,463,459,454,450,446,441,437,432,428,423,418,413,409,404,399,394,389,383,378,373,367,362,356,351,345,339,333,327,321,315,308,302,295,288,281,274,267,260,252,245,237,229,221,212,203,195,185,176,166,157,146,136,125,113,102,90,77,64,50,36,20,5,-12,-30,-49,-69,-91,-114,-140,-168,-199,-235,-275,-324,-384,-463,-581,-830]}