{"borders":[280.0686714438867,248.36640278783858,175.83862544684212,92.69155279312679,40.137326932101075,14.865857326323148,5.258663784239853],"perfs":[3520,3198,3027,2909,2820,2748,2688,2637,2592,2551,2515,2482,2451,2423,2397,2372,2348,2326,2305,2285,2266,2247,2230,2213,2197,2181,2166,2151,2136,2123,2109,2096,2083,2071,2058,2047,2035,2024,2012,2001,1991,1980,1970,1960,1950,1940,1931,1921,1912,1903,1894,1885,1876,1868,1859,1851,1842,1834,1826,1818,1811,1803,1795,1788,1780,1773,1765,1758,1751,1744,1737,1730,1723,1716,1710,1703,1696,1690,1683,1677,1671,1664,1658,1652,1646,1640,1634,1628,1622,1616,1610,1604,1598,1592,1587,1581,1576,1570,1564,1559,1553,1548,1543,1537,1532,1527,1521,1516,1511,1506,1501,1496,1490,1485,1480,1475,1470,1465,1460,1456,1451,1446,1441,1436,1431,1426,1422,1417,1412,1407,1403,1398,1393,1389,1384,1379,1375,1370,1365,1361,1356,1352,1347,1343,1338,1334,1329,1325,1320,1316,1311,1307,1302,1298,1293,1289,1284,1280,1275,1271,1266,1262,1257,1253,1248,1244,1240,1235,1231,1226,1222,1217,1213,1208,1204,1199,1195,1190,1186,1181,1177,1172,1168,1163,1158,1154,1149,1145,1140,1135,1131,1126,1121,1117,1112,1107,1102,1097,1093,1088,1083,1078,1073,1068,1063,1058,1053,1048,1043,1038,1033,1028,1022,1017,1012,1006,1001,996,990,985,979,973,968,962,956,951,945,939,933,927,920,914,908,902,895,889,882,875,869,862,855,848,841,833,826,818,811,803,795,787,779,770,762,753,744,735,726,716,706,696,686,676,665,654,642,630,618,606,592,579,565,550,535,519,502,484,465,445,424,402,377,351,321,289,253,211,161,101,21,-98,-349]}