{"borders":[47.94579527819233,36.00007861423849,19.999921385761517,8.054204721807666,2.6762810747579446,0.9732848413253683,0.5847179248103455],"perfs":[2387,2105,1959,1857,1777,1711,1653,1603,1557,1515,1476,1439,1405,1372,1341,1311,1282,1254,1227,1200,1174,1148,1123,1098,1073,1049,1024,1000,976,951,927,902,877,852,826,800,773,746,718,689,659,628,595,561,524,485,443,397,347,289,223,143,41,-105,-387]}