{"borders":[40.18677781509105,30.1925111704296,16.80748882957041,6.813222184908957,2.306053723329015,0.8858244707997447,0.5684835556589074],"perfs":[2337,2052,1904,1800,1718,1649,1589,1536,1488,1444,1403,1364,1327,1292,1258,1226,1194,1163,1133,1103,1073,1044,1015,985,956,927,897,867,837,806,774,742,708,673,636,597,556,512,464,411,351,282,200,96,-52,-337]}