{"borders":[124.75581940580481,109.60748934742111,78.62709819689883,47.02215216933905,23.016659105754776,8.964521122817638,2.9212436801551287],"perfs":[3215,2934,2791,2691,2613,2548,2492,2443,2398,2358,2321,2286,2253,2222,2193,2166,2139,2114,2089,2066,2043,2022,2000,1980,1960,1940,1921,1902,1884,1866,1849,1832,1815,1798,1782,1765,1749,1734,1718,1703,1688,1673,1658,1643,1629,1615,1600,1586,1572,1558,1545,1531,1518,1504,1491,1478,1465,1452,1439,1426,1413,1401,1388,1376,1363,1351,1339,1327,1315,1302,1290,1278,1267,1255,1243,1231,1219,1207,1196,1184,1172,1160,1149,1137,1125,1113,1102,1090,1078,1066,1054,1042,1029,1017,1005,992,980,967,954,941,927,914,900,886,871,857,841,826,810,793,776,759,740,721,701,680,657,634,608,581,550,517,480,437,387,325,244,125,-126]}