{"borders":[104.33026646128648,87.82899679707438,58.94388614640573,32.453046501822044,15.357577224155953,6.645391509951201,2.617598927433839],"perfs":[3197,2906,2745,2626,2529,2447,2376,2314,2258,2208,2163,2121,2082,2046,2012,1980,1949,1920,1893,1866,1841,1816,1793,1770,1748,1726,1705,1685,1665,1646,1627,1608,1590,1572,1555,1538,1521,1504,1488,1472,1456,1440,1425,1410,1395,1380,1365,1351,1336,1322,1308,1294,1280,1267,1253,1239,1226,1213,1199,1186,1173,1160,1147,1133,1120,1107,1094,1081,1068,1055,1042,1028,1015,1002,988,975,961,947,933,919,905,890,876,860,845,830,814,797,780,763,745,727,708,688,667,646,623,599,574,547,518,486,452,414,371,322,264,193,101,-33,-303]}