{"borders":[628.2828230170562,510.8910989635151,294.59962877368287,133.88715896433325,54.599884255521175,19.021315445345635,5.773162127793886],"perfs":[3451,3167,3022,2923,2848,2787,2736,2692,2653,2618,2586,2557,2530,2505,2482,2460,2439,2419,2400,2382,2365,2349,2333,2318,2303,2288,2275,2261,2248,2236,2223,2211,2200,2188,2177,2166,2156,2146,2135,2126,2116,2106,2097,2088,2079,2070,2061,2053,2044,2036,2028,2020,2012,2005,1997,1989,1982,1975,1968,1961,1954,1947,1940,1933,1927,1920,1914,1907,1901,1895,1889,1883,1877,1871,1865,1859,1853,1848,1842,1836,1831,1825,1820,1815,1809,1804,1799,1794,1789,1784,1779,1774,1769,1764,1759,1755,1750,1745,1741,1736,1731,1727,1723,1718,1714,1709,1705,1701,1696,1692,1688,1684,1680,1676,1672,1668,1664,1660,1656,1652,1648,1644,1640,1636,1632,1629,1625,1621,1618,1614,1610,1607,1603,1600,1596,1593,1589,1586,1582,1579,1575,1572,1569,1565,1562,1559,1555,1552,1549,1546,1542,1539,1536,1533,1530,1527,1524,1520,1517,1514,1511,1508,1505,1502,1499,1496,1493,1490,1488,1485,1482,1479,1476,1473,1470,1468,1465,1462,1459,1457,1454,1451,1448,1446,1443,1440,1438,1435,1432,1430,1427,1424,1422,1419,1417,1414,1412,1409,1406,1404,1401,1399,1396,1394,1392,1389,1387,1384,1382,1379,1377,1374,1372,1370,1367,1365,1363,1360,1358,1356,1353,1351,1349,1346,1344,1342,1339,1337,1335,1333,1330,1328,1326,1324,1322,1319,1317,1315,1313,1311,1308,1306,1304,1302,1300,1298,1295,1293,1291,1289,1287,1285,1283,1281,1279,1277,1274,1272,1270,1268,1266,1264,1262,1260,1258,1256,1254,1252,1250,1248,1246,1244,1242,1240,1238,1236,1234,1232,1230,1228,1226,1224,1222,1220,1218,1216,1215,1213,1211,1209,1207,1205,1203,1201,1199,1197,1195,1194,1192,1190,1188,1186,1184,1182,1180,1179,1177,1175,1173,1171,1169,1167,1166,1164,1162,1160,1158,1156,1155,1153,1151,1149,1147,1145,1144,1142,1140,1138,1136,1135,1133,1131,1129,1127,1126,1124,1122,1120,1118,1117,1115,1113,1111,1110,1108,1106,1104,1102,1101,1099,1097,1095,1094,1092,1090,1088,1086,1085,1083,1081,1079,1078,1076,1074,1072,1071,1069,1067,1065,1064,1062,1060,1058,1057,1055,1053,1051,1050,1048,1046,1044,1043,1041,1039,1037,1036,1034,1032,1030,1029,1027,1025,1023,1022,1020,1018,1016,1015,1013,1011,1009,1008,1006,1004,1002,1000,999,997,995,993,992,990,988,986,985,983,981,979,977,976,974,972,970,969,967,965,963,961,960,958,956,954,952,951,949,947,945,943,941,940,938,936,934,932,931,929,927,925,923,921,919,918,916,914,912,910,908,906,904,903,901,899,897,895,893,891,889,887,885,884,882,880,878,876,874,872,870,868,866,864,862,860,858,856,854,852,850,848,846,844,842,840,838,836,834,832,830,828,825,823,821,819,817,815,813,811,808,806,804,802,800,798,795,793,791,789,786,784,782,780,777,775,773,771,768,766,764,761,759,756,754,752,749,747,744,742,740,737,735,732,730,727,725,722,719,717,714,712,709,706,704,701,698,696,693,690,687,685,682,679,676,673,670,667,664,662,659,656,653,649,646,643,640,637,634,631,627,624,621,618,614,611,607,604,601,597,594,590,586,583,579,575,571,568,564,560,556,552,548,544,540,536,531,527,523,518,514,509,505,500,495,491,486,481,476,471,465,460,455,449,444,438,432,426,420,414,408,402,395,389,382,375,368,361,353,346,338,330,322,313,304,295,286,276,267,256,246,235,223,211,199,186,172,158,143,127,110,92,73,53,31,7,-19,-48,-80,-117,-159,-209,-271,-352,-473,-725]}