{"borders":[115.21317283565095,86.3440393310812,47.6559606689188,18.786827164349116,5.860682128203398,1.755841911758469,0.7374713985013848],"perfs":[2626,2354,2218,2124,2052,1992,1942,1898,1858,1823,1790,1760,1733,1707,1682,1659,1637,1616,1596,1577,1558,1540,1523,1506,1490,1474,1459,1444,1429,1415,1401,1388,1374,1361,1348,1336,1323,1311,1299,1287,1275,1263,1252,1241,1229,1218,1207,1196,1185,1175,1164,1153,1143,1132,1122,1112,1101,1091,1081,1071,1061,1050,1040,1030,1020,1010,1000,990,980,970,960,950,939,929,919,909,899,888,878,868,857,847,836,825,815,804,793,782,771,759,748,737,725,713,701,689,677,664,652,639,626,612,599,585,571,556,541,526,510,494,477,460,442,423,404,384,363,341,318,293,267,240,210,177,142,102,58,8,-52,-124,-218,-354,-626]}