{"borders":[143.04227691122384,116.33946128461903,73.82192011267652,39.03133244961827,18.059071588929463,7.255489696647231,2.574311829947798],"perfs":[3177,2893,2743,2635,2549,2477,2415,2360,2310,2266,2225,2187,2151,2118,2087,2057,2029,2002,1976,1951,1927,1904,1882,1861,1840,1820,1800,1781,1763,1745,1727,1710,1693,1677,1661,1645,1630,1615,1600,1586,1572,1558,1544,1531,1517,1504,1492,1479,1466,1454,1442,1430,1418,1407,1395,1384,1373,1362,1351,1340,1329,1318,1308,1297,1287,1277,1267,1257,1247,1237,1227,1218,1208,1198,1189,1179,1170,1161,1151,1142,1133,1124,1114,1105,1096,1087,1078,1069,1060,1051,1042,1033,1024,1015,1006,997,987,978,969,960,951,941,932,923,913,904,894,885,875,865,855,845,835,825,814,804,793,782,771,760,748,737,725,713,701,688,675,662,648,634,620,605,590,574,558,541,524,505,486,467,446,424,401,377,351,324,295,263,230,193,153,109,58,0,-70,-158,-286,-546]}