{"borders":[132.46336452686134,99.25256679121416,54.74743320878594,21.536635473138706,6.67209113973558,1.9576574690368465,0.7784037507375713],"perfs":[2663,2393,2258,2165,2093,2034,1984,1941,1902,1868,1836,1806,1779,1754,1730,1707,1686,1665,1646,1627,1609,1592,1575,1559,1544,1529,1514,1500,1486,1472,1459,1446,1433,1421,1408,1396,1385,1373,1362,1350,1339,1328,1318,1307,1297,1286,1276,1266,1256,1246,1236,1226,1217,1207,1198,1188,1179,1170,1160,1151,1142,1133,1124,1115,1106,1097,1088,1079,1070,1061,1053,1044,1035,1026,1018,1009,1000,991,982,974,965,956,947,939,930,921,912,903,894,885,876,867,858,849,840,830,821,812,802,793,783,774,764,754,744,734,724,714,703,693,682,672,661,650,638,627,615,604,592,579,567,554,541,528,514,500,486,471,456,441,425,408,391,373,354,335,314,293,270,246,221,194,164,132,98,59,16,-34,-93,-165,-258,-393,-663]}