{"borders":[187.3715010180862,165.52205349030592,114.86940989854813,58.719965170697485,24.68249351444581,8.542248943782118,2.545904918549438],"perfs":[3147,2880,2747,2653,2580,2520,2468,2423,2382,2345,2311,2280,2250,2223,2197,2173,2149,2127,2106,2086,2066,2047,2029,2012,1995,1978,1962,1947,1932,1917,1903,1889,1875,1862,1849,1836,1823,1811,1799,1787,1776,1765,1754,1743,1732,1721,1711,1701,1691,1681,1671,1661,1652,1643,1633,1624,1615,1606,1598,1589,1580,1572,1564,1555,1547,1539,1531,1523,1515,1507,1500,1492,1484,1477,1469,1462,1455,1447,1440,1433,1426,1419,1412,1405,1398,1391,1384,1377,1370,1363,1357,1350,1343,1337,1330,1323,1317,1310,1303,1297,1290,1284,1277,1271,1264,1258,1251,1245,1238,1232,1225,1219,1212,1206,1199,1193,1186,1179,1173,1166,1160,1153,1146,1140,1133,1126,1119,1113,1106,1099,1092,1085,1078,1071,1064,1057,1049,1042,1035,1027,1020,1012,1005,997,989,981,973,965,957,949,940,932,923,914,905,896,887,878,868,858,848,838,827,817,806,795,783,771,759,746,733,720,706,692,677,661,645,628,610,591,571,549,526,502,475,446,413,376,334,284,223,143,23,-228]}