{"borders":[1732.3265342307882,1296.5257537160478,712.4742462839548,276.6734657692051,81.81765555316208,20.57611973431523,4.919330931912672],"perfs":[3325,3067,2943,2859,2795,2744,2701,2663,2631,2601,2575,2551,2528,2508,2488,2470,2453,2437,2422,2408,2394,2381,2369,2357,2345,2334,2323,2313,2303,2294,2284,2275,2266,2258,2250,2242,2234,2226,2219,2211,2204,2197,2190,2184,2177,2171,2165,2158,2152,2147,2141,2135,2129,2124,2119,2113,2108,2103,2098,2093,2088,2083,2078,2074,2069,2065,2060,2056,2051,2047,2043,2039,2034,2030,2026,2022,2018,2014,2011,2007,2003,1999,1996,1992,1988,1985,1981,1978,1974,1971,1968,1964,1961,1958,1954,1951,1948,1945,1942,1938,1935,1932,1929,1926,1923,1920,1917,1915,1912,1909,1906,1903,1900,1898,1895,1892,1889,1887,1884,1881,1879,1876,1874,1871,1868,1866,1863,1861,1858,1856,1854,1851,1849,1846,1844,1842,1839,1837,1835,1832,1830,1828,1825,1823,1821,1819,1816,1814,1812,1810,1808,1806,1803,1801,1799,1797,1795,1793,1791,1789,1787,1785,1783,1781,1779,1777,1775,1773,1771,1769,1767,1765,1763,1761,1759,1757,1755,1753,1752,1750,1748,1746,1744,1742,1740,1739,1737,1735,1733,1731,1730,1728,1726,1724,1723,1721,1719,1717,1716,1714,1712,1711,1709,1707,1706,1704,1702,1701,1699,1697,1696,1694,1692,1691,1689,1688,1686,1684,1683,1681,1680,1678,1677,1675,1674,1672,1670,1669,1667,1666,1664,1663,1661,1660,1658,1657,1655,1654,1652,1651,1649,1648,1647,1645,1644,1642,1641,1639,1638,1636,1635,1634,1632,1631,1629,1628,1627,1625,1624,1622,1621,1620,1618,1617,1616,1614,1613,1612,1610,1609,1608,1606,1605,1604,1602,1601,1600,1598,1597,1596,1594,1593,1592,1590,1589,1588,1587,1585,1584,1583,1582,1580,1579,1578,1577,1575,1574,1573,1572,1570,1569,1568,1567,1565,1564,1563,1562,1561,1559,1558,1557,1556,1554,1553,1552,1551,1550,1549,1547,1546,1545,1544,1543,1542,1540,1539,1538,1537,1536,1535,1533,1532,1531,1530,1529,1528,1527,1525,1524,1523,1522,1521,1520,1519,1518,1516,1515,1514,1513,1512,1511,1510,1509,1508,1507,1505,1504,1503,1502,1501,1500,1499,1498,1497,1496,1495,1494,1493,1492,1490,1489,1488,1487,1486,1485,1484,1483,1482,1481,1480,1479,1478,1477,1476,1475,1474,1473,1472,1471,1470,1469,1468,1467,1466,1465,1464,1463,1462,1461,1460,1459,1458,1457,1456,1455,1454,1453,1452,1451,1450,1449,1448,1447,1446,1445,1444,1443,1442,1441,1440,1439,1438,1437,1436,1435,1434,1433,1432,1431,1430,1429,1428,1427,1426,1425,1424,1424,1423,1422,1421,1420,1419,1418,1417,1416,1415,1414,1413,1412,1411,1410,1410,1409,1408,1407,1406,1405,1404,1403,1402,1401,1400,1399,1399,1398,1397,1396,1395,1394,1393,1392,1391,1390,1389,1389,1388,1387,1386,1385,1384,1383,1382,1381,1381,1380,1379,1378,1377,1376,1375,1374,1374,1373,1372,1371,1370,1369,1368,1367,1367,1366,1365,1364,1363,1362,1361,1361,1360,1359,1358,1357,1356,1355,1355,1354,1353,1352,1351,1350,1349,1349,1348,1347,1346,1345,1344,1344,1343,1342,1341,1340,1339,1338,1338,1337,1336,1335,1334,1333,1333,1332,1331,1330,1329,1329,1328,1327,1326,1325,1324,1324,1323,1322,1321,1320,1319,1319,1318,1317,1316,1315,1315,1314,1313,1312,1311,1311,1310,1309,1308,1307,1307,1306,1305,1304,1303,1303,1302,1301,1300,1299,1299,1298,1297,1296,1295,1295,1294,1293,1292,1291,1291,1290,1289,1288,1287,1287,1286,1285,1284,1284,1283,1282,1281,1280,1280,1279,1278,1277,1277,1276,1275,1274,1273,1273,1272,1271,1270,1270,1269,1268,1267,1267,1266,1265,1264,1263,1263,1262,1261,1260,1260,1259,1258,1257,1257,1256,1255,1254,1254,1253,1252,1251,1251,1250,1249,1248,1248,1247,1246,1245,1245,1244,1243,1242,1242,1241,1240,1239,1239,1238,1237,1236,1236,1235,1234,1233,1233,1232,1231,1230,1230,1229,1228,1227,1227,1226,1225,1224,1224,1223,1222,1221,1221,1220,1219,1219,1218,1217,1216,1216,1215,1214,1213,1213,1212,1211,1210,1210,1209,1208,1208,1207,1206,1205,1205,1204,1203,1203,1202,1201,1200,1200,1199,1198,1197,1197,1196,1195,1195,1194,1193,1192,1192,1191,1190,1190,1189,1188,1187,1187,1186,1185,1185,1184,1183,1182,1182,1181,1180,1180,1179,1178,1177,1177,1176,1175,1175,1174,1173,1172,1172,1171,1170,1170,1169,1168,1168,1167,1166,1165,1165,1164,1163,1163,1162,1161,1160,1160,1159,1158,1158,1157,1156,1156,1155,1154,1153,1153,1152,1151,1151,1150,1149,1149,1148,1147,1146,1146,1145,1144,1144,1143,1142,1142,1141,1140,1140,1139,1138,1137,1137,1136,1135,1135,1134,1133,1133,1132,1131,1131,1130,1129,1128,1128,1127,1126,1126,1125,1124,1124,1123,1122,1122,1121,1120,1120,1119,1118,1117,1117,1116,1115,1115,1114,1113,1113,1112,1111,1111,1110,1109,1109,1108,1107,1107,1106,1105,1104,1104,1103,1102,1102,1101,1100,1100,1099,1098,1098,1097,1096,1096,1095,1094,1094,1093,1092,1092,1091,1090,1090,1089,1088,1087,1087,1086,1085,1085,1084,1083,1083,1082,1081,1081,1080,1079,1079,1078,1077,1077,1076,1075,1075,1074,1073,1073,1072,1071,1071,1070,1069,1069,1068,1067,1067,1066,1065,1065,1064,1063,1063,1062,1061,1061,1060,1059,1059,1058,1057,1056,1056,1055,1054,1054,1053,1052,1052,1051,1050,1050,1049,1048,1048,1047,1046,1046,1045,1044,1044,1043,1042,1042,1041,1040,1040,1039,1038,1038,1037,1036,1036,1035,1034,1034,1033,1032,1032,1031,1030,1030,1029,1028,1028,1027,1026,1026,1025,1024,1024,1023,1022,1022,1021,1020,1020,1019,1018,1018,1017,1016,1016,1015,1014,1014,1013,1012,1012,1011,1010,1010,1009,1008,1008,1007,1006,1006,1005,1004,1004,1003,1002,1002,1001,1000,1000,999,998,998,997,996,996,995,994,994,993,992,992,991,990,990,989,988,988,987,986,986,985,984,984,983,982,982,981,980,980,979,978,978,977,976,976,975,974,974,973,972,972,971,970,970,969,968,968,967,966,966,965,964,964,963,962,962,961,960,960,959,958,958,957,956,956,955,954,954,953,952,952,951,950,950,949,948,948,947,946,946,945,944,944,943,942,941,941,940,939,939,938,937,937,936,935,935,934,933,933,932,931,931,930,929,929,928,927,927,926,925,925,924,923,923,922,921,921,920,919,919,918,917,917,916,915,915,914,913,913,912,911,910,910,909,908,908,907,906,906,905,904,904,903,902,902,901,900,900,899,898,898,897,896,896,895,894,893,893,892,891,891,890,889,889,888,887,887,886,885,885,884,883,883,882,881,880,880,879,878,878,877,876,876,875,874,874,873,872,872,871,870,869,869,868,867,867,866,865,865,864,863,863,862,861,860,860,859,858,858,857,856,856,855,854,854,853,852,851,851,850,849,849,848,847,847,846,845,844,844,843,842,842,841,840,840,839,838,837,837,836,835,835,834,833,832,832,831,830,830,829,828,828,827,826,825,825,824,823,823,822,821,820,820,819,818,818,817,816,815,815,814,813,813,812,811,810,810,809,808,808,807,806,805,805,804,803,803,802,801,800,800,799,798,797,797,796,795,795,794,793,792,792,791,790,790,789,788,787,787,786,785,784,784,783,782,781,781,780,779,779,778,777,776,776,775,774,773,773,772,771,770,770,769,768,767,767,766,765,764,764,763,762,761,761,760,759,758,758,757,756,755,755,754,753,752,752,751,750,749,749,748,747,746,746,745,744,743,743,742,741,740,740,739,738,737,737,736,735,734,733,733,732,731,730,730,729,728,727,727,726,725,724,723,723,722,721,720,720,719,718,717,716,716,715,714,713,713,712,711,710,709,709,708,707,706,705,705,704,703,702,701,701,700,699,698,697,697,696,695,694,693,693,692,691,690,689,689,688,687,686,685,685,684,683,682,681,681,680,679,678,677,676,676,675,674,673,672,671,671,670,669,668,667,667,666,665,664,663,662,662,661,660,659,658,657,656,656,655,654,653,652,651,651,650,649,648,647,646,645,645,644,643,642,641,640,639,639,638,637,636,635,634,633,633,632,631,630,629,628,627,626,626,625,624,623,622,621,620,619,619,618,617,616,615,614,613,612,611,611,610,609,608,607,606,605,604,603,602,601,601,600,599,598,597,596,595,594,593,592,591,590,590,589,588,587,586,585,584,583,582,581,580,579,578,577,576,576,575,574,573,572,571,570,569,568,567,566,565,564,563,562,561,560,559,558,557,556,555,554,553,552,551,550,549,548,547,546,545,544,543,542,541,540,539,538,537,536,535,534,533,532,531,530,529,528,527,526,525,524,523,522,521,520,519,518,517,516,515,514,513,512,511,510,508,507,506,505,504,503,502,501,500,499,498,497,496,495,493,492,491,490,489,488,487,486,485,484,482,481,480,479,478,477,476,475,473,472,471,470,469,468,467,465,464,463,462,461,460,458,457,456,455,454,453,451,450,449,448,447,446,444,443,442,441,439,438,437,436,435,433,432,431,430,428,427,