{"borders":[25.845260768516244,23.59965044847819,18.10436612858938,11.248945620126221,5.730587826001968,2.434049266157239,0.9732580421891093],"perfs":[2786,2483,2309,2178,2069,1976,1893,1817,1746,1679,1616,1554,1494,1436,1378,1321,1264,1206,1147,1084,1017,944,859,755,611,335]}