{"borders":[287.9820484794215,267.12958210997937,217.0362789163172,144.6198490749857,73.5612598626889,28.195253400942036,8.290788428767382],"perfs":[3486,3228,3102,3017,2951,2897,2851,2811,2775,2743,2713,2686,2661,2638,2615,2594,2575,2556,2538,2520,2504,2488,2472,2458,2443,2429,2416,2403,2390,2377,2365,2353,2342,2330,2319,2308,2298,2287,2277,2267,2257,2248,2238,2229,2220,2211,2202,2193,2184,2176,2167,2159,2151,2142,2134,2127,2119,2111,2103,2096,2088,2081,2073,2066,2059,2052,2045,2038,2031,2024,2017,2010,2004,1997,1990,1984,1977,1971,1965,1958,1952,1946,1939,1933,1927,1921,1915,1909,1903,1897,1891,1885,1879,1873,1867,1862,1856,1850,1844,1839,1833,1827,1822,1816,1810,1805,1799,1794,1788,1783,1777,1772,1767,1761,1756,1750,1745,1740,1734,1729,1724,1718,1713,1708,1702,1697,1692,1687,1681,1676,1671,1666,1660,1655,1650,1645,1640,1634,1629,1624,1619,1614,1608,1603,1598,1593,1588,1582,1577,1572,1567,1562,1557,1551,1546,1541,1536,1531,1525,1520,1515,1510,1504,1499,1494,1489,1483,1478,1473,1468,1462,1457,1452,1446,1441,1436,1430,1425,1419,1414,1409,1403,1398,1392,1387,1381,1376,1370,1365,1359,1354,1348,1342,1337,1331,1325,1320,1314,1308,1302,1297,1291,1285,1279,1273,1267,1261,1255,1249,1243,1237,1231,1225,1219,1213,1206,1200,1194,1188,1181,1175,1168,1162,1155,1149,1142,1136,1129,1122,1115,1108,1102,1095,1088,1080,1073,1066,1059,1052,1044,1037,1029,1021,1014,1006,998,990,982,974,966,957,949,940,931,922,913,904,895,885,876,866,856,845,835,824,813,801,790,778,766,753,740,726,712,697,682,666,649,631,613,593,572,549,525,498,469,436,399,357,306,243,161,38,-217]}