{"borders":[48.80572423495539,43.2777969974688,31.31247359327912,18.403208747078992,9.097003279470828,3.883078905581045,1.4693343914411212],"perfs":[2973,2674,2510,2387,2287,2203,2130,2064,2005,1951,1901,1854,1810,1767,1727,1688,1650,1614,1579,1545,1512,1480,1448,1417,1386,1356,1326,1297,1267,1238,1209,1180,1151,1121,1091,1060,1029,997,964,929,893,854,812,767,716,657,587,498,370,110]}