{"borders":[358.6987390848626,318.592735653425,234.91337725094195,141.20789094220214,69.09387170849459,27.51994115359843,9.06452100038448],"perfs":[3565,3295,3160,3067,2995,2936,2886,2842,2802,2767,2735,2705,2677,2651,2627,2604,2582,2561,2541,2522,2504,2486,2470,2453,2438,2422,2408,2393,2379,2366,2353,2340,2327,2315,2303,2291,2280,2269,2258,2247,2237,2226,2216,2206,2197,2187,2178,2168,2159,2150,2141,2133,2124,2116,2107,2099,2091,2083,2075,2067,2059,2052,2044,2037,2029,2022,2015,2008,2001,1994,1987,1980,1973,1966,1960,1953,1946,1940,1933,1927,1921,1914,1908,1902,1896,1890,1884,1878,1872,1866,1860,1854,1848,1842,1837,1831,1825,1820,1814,1808,1803,1797,1792,1786,1781,1775,1770,1765,1759,1754,1749,1744,1738,1733,1728,1723,1718,1713,1708,1703,1698,1693,1688,1683,1678,1673,1668,1663,1658,1653,1648,1644,1639,1634,1629,1624,1620,1615,1610,1606,1601,1596,1592,1587,1582,1578,1573,1569,1564,1560,1555,1551,1546,1542,1537,1533,1528,1524,1519,1515,1510,1506,1502,1497,1493,1488,1484,1480,1475,1471,1467,1462,1458,1454,1450,1445,1441,1437,1432,1428,1424,1420,1415,1411,1407,1403,1399,1394,1390,1386,1382,1378,1373,1369,1365,1361,1357,1353,1348,1344,1340,1336,1332,1328,1324,1319,1315,1311,1307,1303,1299,1295,1291,1286,1282,1278,1274,1270,1266,1262,1258,1253,1249,1245,1241,1237,1233,1229,1224,1220,1216,1212,1208,1204,1200,1195,1191,1187,1183,1179,1175,1170,1166,1162,1158,1154,1149,1145,1141,1137,1133,1128,1124,1120,1116,1111,1107,1103,1098,1094,1090,1085,1081,1077,1072,1068,1063,1059,1055,1050,1046,1041,1037,1032,1028,1023,1018,1014,1009,1005,1000,995,991,986,981,976,972,967,962,957,952,947,942,937,932,927,922,917,912,906,901,896,890,885,880,874,869,863,857,852,846,840,834,828,822,816,810,804,797,791,785,778,771,765,758,751,744,736,729,722,714,706,699,691,682,674,666,657,648,639,629,620,610,600,589,579,568,556,544,532,519,506,492,478,463,447,430,413,394,374,353,331,306,279,250,217,180,137,87,25,-56,-177,-429]}