{"borders":[321.94842454548785,292.27391351875514,227.46399412517533,144.9747593581156,72.57589341420082,28.192350957692984,8.332626041606622],"perfs":[3482,3225,3101,3016,2951,2897,2852,2812,2777,2745,2716,2688,2663,2640,2617,2596,2576,2557,2539,2522,2505,2489,2473,2458,2444,2430,2416,2403,2390,2377,2365,2353,2341,2329,2318,2307,2296,2286,2275,2265,2255,2245,2235,2226,2216,2207,2198,2189,2180,2172,2163,2154,2146,2138,2130,2122,2114,2106,2098,2090,2083,2075,2068,2060,2053,2046,2039,2032,2025,2018,2011,2004,1997,1990,1984,1977,1971,1964,1958,1951,1945,1939,1932,1926,1920,1914,1908,1902,1896,1890,1884,1878,1872,1866,1861,1855,1849,1843,1838,1832,1827,1821,1815,1810,1804,1799,1794,1788,1783,1777,1772,1767,1761,1756,1751,1746,1740,1735,1730,1725,1720,1714,1709,1704,1699,1694,1689,1684,1679,1674,1669,1664,1659,1654,1649,1644,1639,1634,1629,1624,1619,1615,1610,1605,1600,1595,1590,1585,1580,1576,1571,1566,1561,1556,1552,1547,1542,1537,1532,1528,1523,1518,1513,1508,1504,1499,1494,1489,1485,1480,1475,1470,1466,1461,1456,1451,1446,1442,1437,1432,1427,1423,1418,1413,1408,1404,1399,1394,1389,1384,1380,1375,1370,1365,1360,1356,1351,1346,1341,1336,1331,1326,1322,1317,1312,1307,1302,1297,1292,1287,1282,1278,1273,1268,1263,1258,1253,1248,1243,1238,1233,1228,1223,1218,1213,1207,1202,1197,1192,1187,1182,1177,1171,1166,1161,1156,1151,1145,1140,1135,1129,1124,1119,1113,1108,1102,1097,1091,1086,1080,1075,1069,1063,1058,1052,1046,1040,1035,1029,1023,1017,1011,1005,999,993,987,980,974,968,961,955,949,942,935,929,922,915,908,901,894,887,880,873,865,858,850,843,835,827,819,811,802,794,785,776,767,758,749,739,730,720,709,699,688,677,665,654,641,629,616,602,588,573,558,542,525,507,488,468,447,424,399,371,341,308,270,226,174,110,25,-100,-359]}