{"borders":[164.74429801450313,140.32134439736993,96.22114991884096,54.44485457876448,25.631048654845372,9.38694908961263,2.7901031372617937],"perfs":[3173,2909,2777,2685,2613,2553,2501,2456,2415,2377,2343,2311,2281,2253,2226,2200,2176,2153,2130,2109,2088,2068,2049,2030,2011,1993,1976,1959,1942,1926,1910,1894,1879,1864,1849,1835,1820,1806,1792,1779,1765,1752,1739,1726,1713,1701,1688,1676,1664,1652,1640,1628,1617,1605,1594,1582,1571,1560,1550,1539,1528,1518,1507,1497,1486,1476,1466,1456,1446,1436,1427,1417,1407,1398,1388,1379,1370,1360,1351,1342,1333,1324,1315,1306,1297,1288,1280,1271,1262,1253,1245,1236,1228,1219,1210,1202,1193,1185,1176,1168,1159,1151,1143,1134,1126,1117,1109,1100,1092,1083,1075,1066,1058,1049,1041,1032,1023,1015,1006,997,988,979,970,961,952,943,934,925,915,906,896,886,876,866,856,846,836,825,814,804,792,781,770,758,746,734,721,708,695,681,667,653,638,622,606,589,572,554,534,514,493,470,446,421,393,362,329,292,251,203,147,79,-9,-137,-398]}