{"borders":[505.41949233017056,461.9862385142636,352.5438474089501,210.0360386060017,102.66935030514318,40.763705612950424,13.112196483655477],"perfs":[3655,3393,3263,3174,3105,3048,3000,2958,2921,2888,2857,2829,2803,2778,2756,2734,2714,2695,2676,2659,2642,2626,2610,2595,2581,2567,2553,2540,2527,2515,2503,2491,2480,2469,2458,2447,2437,2427,2417,2407,2398,2388,2379,2370,2361,2353,2344,2336,2327,2319,2311,2303,2296,2288,2280,2273,2266,2258,2251,2244,2237,2230,2223,2217,2210,2203,2197,2190,2184,2178,2171,2165,2159,2153,2147,2141,2135,2129,2124,2118,2112,2107,2101,2096,2090,2085,2079,2074,2069,2063,2058,2053,2048,2043,2038,2033,2028,2023,2018,2013,2008,2003,1998,1994,1989,1984,1980,1975,1970,1966,1961,1957,1952,1948,1943,1939,1934,1930,1926,1921,1917,1913,1909,1904,1900,1896,1892,1888,1884,1879,1875,1871,1867,1863,1859,1855,1851,1847,1843,1840,1836,1832,1828,1824,1820,1817,1813,1809,1805,1801,1798,1794,1790,1787,1783,1779,1776,1772,1769,1765,1761,1758,1754,1751,1747,1744,1740,1737,1733,1730,1726,1723,1719,1716,1713,1709,1706,1703,1699,1696,1693,1689,1686,1683,1679,1676,1673,1670,1666,1663,1660,1657,1653,1650,1647,1644,1641,1637,1634,1631,1628,1625,1622,1619,1616,1612,1609,1606,1603,1600,1597,1594,1591,1588,1585,1582,1579,1576,1573,1570,1567,1564,1561,1558,1555,1552,1549,1546,1543,1540,1537,1534,1531,1529,1526,1523,1520,1517,1514,1511,1508,1505,1503,1500,1497,1494,1491,1488,1486,1483,1480,1477,1474,1471,1469,1466,1463,1460,1457,1455,1452,1449,1446,1443,1441,1438,1435,1432,1430,1427,1424,1421,1419,1416,1413,1410,1408,1405,1402,1399,1397,1394,1391,1388,1386,1383,1380,1377,1375,1372,1369,1367,1364,1361,1358,1356,1353,1350,1347,1345,1342,1339,1337,1334,1331,1328,1326,1323,1320,1318,1315,1312,1309,1307,1304,1301,1298,1296,1293,1290,1288,1285,1282,1279,1277,1274,1271,1268,1266,1263,1260,1257,1255,1252,1249,1246,1244,1241,1238,1235,1232,1230,1227,1224,1221,1218,1216,1213,1210,1207,1204,1202,1199,1196,1193,1190,1187,1184,1182,1179,1176,1173,1170,1167,1164,1161,1158,1155,1152,1149,1147,1144,1141,1138,1135,1132,1129,1126,1123,1119,1116,1113,1110,1107,1104,1101,1098,1095,1092,1088,1085,1082,1079,1076,1072,1069,1066,1063,1059,1056,1053,1049,1046,1043,1039,1036,1033,1029,1026,1022,1019,1015,1012,1008,1005,1001,997,994,990,986,983,979,975,971,968,964,960,956,952,948,944,940,936,932,928,924,920,915,911,907,902,898,894,889,885,880,876,871,866,861,857,852,847,842,837,832,827,821,816,811,805,800,794,789,783,777,771,765,759,753,747,740,734,727,720,714,707,699,692,685,677,669,661,653,645,636,628,619,610,600,590,580,570,559,548,537,525,512,499,486,472,457,441,425,408,389,369,348,325,300,272,242,207,167,119,60,-19,-136,-384]}