{"borders":[66.05538299980937,49.554555616399945,27.445444383600066,10.94461700019063,3.5370377869324874,1.1812206149759332,0.6241211183591376],"perfs":[2475,2198,2056,1958,1881,1818,1764,1716,1673,1634,1598,1565,1533,1504,1476,1449,1424,1399,1376,1353,1331,1309,1288,1268,1248,1228,1209,1189,1171,1152,1134,1116,1098,1080,1062,1044,1026,1009,991,974,956,938,920,902,884,866,848,829,811,791,772,752,732,712,691,669,647,624,601,576,551,524,496,467,435,402,366,327,284,236,182,119,42,-56,-198,-475]}