{"borders":[472.50136090610783,434.7822788363396,336.7025580586575,203.95582376561887,99.26100323071273,38.471187633640994,12.278705634506812],"perfs":[3672,3399,3262,3167,3094,3035,2985,2941,2902,2868,2836,2808,2781,2756,2733,2711,2691,2671,2653,2635,2618,2602,2587,2572,2557,2543,2530,2517,2504,2492,2480,2468,2457,2446,2435,2425,2415,2405,2395,2385,2376,2367,2358,2349,2340,2331,2323,2315,2306,2298,2291,2283,2275,2268,2260,2253,2246,2238,2231,2224,2217,2211,2204,2197,2191,2184,2178,2172,2165,2159,2153,2147,2141,2135,2129,2123,2117,2112,2106,2100,2095,2089,2084,2078,2073,2067,2062,2057,2052,2046,2041,2036,2031,2026,2021,2016,2011,2006,2001,1996,1992,1987,1982,1977,1973,1968,1963,1959,1954,1950,1945,1941,1936,1932,1927,1923,1919,1914,1910,1906,1901,1897,1893,1889,1884,1880,1876,1872,1868,1864,1860,1856,1852,1848,1844,1840,1836,1832,1828,1824,1820,1816,1812,1808,1805,1801,1797,1793,1789,1786,1782,1778,1774,1771,1767,1763,1760,1756,1752,1749,1745,1742,1738,1734,1731,1727,1724,1720,1717,1713,1710,1706,1703,1699,1696,1692,1689,1686,1682,1679,1675,1672,1669,1665,1662,1659,1655,1652,1649,1645,1642,1639,1635,1632,1629,1626,1622,1619,1616,1613,1609,1606,1603,1600,1597,1593,1590,1587,1584,1581,1578,1574,1571,1568,1565,1562,1559,1556,1553,1550,1546,1543,1540,1537,1534,1531,1528,1525,1522,1519,1516,1513,1510,1507,1504,1501,1497,1494,1491,1488,1485,1482,1479,1476,1473,1470,1467,1464,1461,1458,1456,1453,1450,1447,1444,1441,1438,1435,1432,1429,1426,1423,1420,1417,1414,1411,1408,1405,1402,1399,1396,1393,1390,1388,1385,1382,1379,1376,1373,1370,1367,1364,1361,1358,1355,1352,1349,1346,1343,1341,1338,1335,1332,1329,1326,1323,1320,1317,1314,1311,1308,1305,1302,1299,1296,1293,1290,1287,1284,1281,1278,1275,1272,1269,1266,1263,1260,1257,1254,1251,1248,1245,1242,1239,1236,1233,1230,1227,1224,1221,1218,1215,1212,1208,1205,1202,1199,1196,1193,1190,1187,1183,1180,1177,1174,1171,1167,1164,1161,1158,1154,1151,1148,1145,1141,1138,1135,1131,1128,1125,1121,1118,1115,1111,1108,1104,1101,1097,1094,1091,1087,1083,1080,1076,1073,1069,1066,1062,1058,1055,1051,1047,1043,1040,1036,1032,1028,1024,1021,1017,1013,1009,1005,1001,997,993,989,984,980,976,972,968,963,959,955,950,946,941,937,932,927,923,918,913,908,904,899,894,889,884,878,873,868,863,857,852,846,840,835,829,823,817,811,805,799,792,786,779,773,766,759,752,745,737,730,722,714,706,698,690,681,672,663,654,644,634,624,614,603,591,580,568,555,542,529,514,499,484,467,449,431,411,389,366,340,313,281,246,206,157,98,19,-99,-348]}