{"borders":[484.78516934040874,411.123862755194,275.66877349740975,148.40424536179475,66.07427602473577,23.709746298817556,7.046820274624477],"perfs":[3457,3195,3065,2976,2907,2850,2802,2760,2723,2689,2659,2630,2604,2580,2557,2535,2515,2496,2477,2459,2443,2426,2411,2396,2381,2367,2354,2340,2328,2315,2303,2291,2280,2269,2258,2247,2237,2226,2216,2207,2197,2188,2178,2169,2160,2151,2143,2134,2126,2118,2110,2102,2094,2086,2078,2071,2063,2056,2049,2042,2035,2028,2021,2014,2007,2000,1994,1987,1981,1975,1968,1962,1956,1950,1944,1938,1932,1926,1920,1914,1908,1903,1897,1891,1886,1880,1875,1870,1864,1859,1854,1848,1843,1838,1833,1828,1823,1818,1813,1808,1803,1798,1793,1788,1784,1779,1774,1769,1765,1760,1755,1751,1746,1742,1737,1733,1728,1724,1720,1715,1711,1707,1702,1698,1694,1690,1685,1681,1677,1673,1669,1665,1661,1656,1652,1648,1644,1640,1636,1632,1629,1625,1621,1617,1613,1609,1605,1602,1598,1594,1590,1586,1583,1579,1575,1572,1568,1564,1561,1557,1553,1550,1546,1543,1539,1536,1532,1529,1525,1522,1518,1515,1511,1508,1504,1501,1497,1494,1491,1487,1484,1481,1477,1474,1471,1467,1464,1461,1457,1454,1451,1448,1444,1441,1438,1435,1432,1428,1425,1422,1419,1416,1412,1409,1406,1403,1400,1397,1394,1391,1388,1384,1381,1378,1375,1372,1369,1366,1363,1360,1357,1354,1351,1348,1345,1342,1339,1336,1333,1330,1327,1324,1321,1318,1316,1313,1310,1307,1304,1301,1298,1295,1292,1289,1286,1284,1281,1278,1275,1272,1269,1266,1264,1261,1258,1255,1252,1249,1247,1244,1241,1238,1235,1233,1230,1227,1224,1221,1219,1216,1213,1210,1207,1205,1202,1199,1196,1194,1191,1188,1185,1182,1180,1177,1174,1171,1169,1166,1163,1160,1158,1155,1152,1149,1147,1144,1141,1138,1136,1133,1130,1127,1125,1122,1119,1116,1114,1111,1108,1105,1103,1100,1097,1094,1092,1089,1086,1083,1081,1078,1075,1072,1070,1067,1064,1061,1058,1056,1053,1050,1047,1045,1042,1039,1036,1033,1031,1028,1025,1022,1019,1016,1014,1011,1008,1005,1002,999,996,994,991,988,985,982,979,976,973,970,967,965,962,959,956,953,950,947,944,941,938,935,932,929,926,923,920,916,913,910,907,904,901,898,895,892,888,885,882,879,876,872,869,866,862,859,856,853,849,846,842,839,836,832,829,825,822,818,815,811,808,804,800,797,793,789,786,782,778,775,771,767,763,759,755,751,747,743,739,735,731,727,723,719,714,710,706,701,697,692,688,683,679,674,670,665,660,655,650,645,640,635,630,625,620,614,609,604,598,592,587,581,575,569,563,557,551,544,538,531,525,518,511,504,497,490,482,475,467,459,451,443,434,425,416,407,398,388,378,368,358,347,336,325,313,300,288,275,261,247,232,216,200,183,165,146,126,105,82,57,31,2,-29,-64,-103,-148,-200,-265,-349,-472,-726]}