{"borders":[285.1147045584364,213.4918311123131,117.50816888768675,45.88529544156373,13.852853580184723,3.7499706619137334,1.1579303116343],"perfs":[2865,2600,2469,2380,2312,2257,2210,2169,2133,2101,2072,2045,2020,1997,1975,1955,1936,1917,1900,1884,1868,1853,1838,1824,1811,1798,1785,1773,1761,1750,1738,1728,1717,1707,1697,1687,1677,1668,1659,1650,1641,1632,1624,1615,1607,1599,1591,1583,1576,1568,1561,1553,1546,1539,1532,1525,1518,1512,1505,1498,1492,1485,1479,1473,1467,1460,1454,1448,1442,1437,1431,1425,1419,1413,1408,1402,1397,1391,1386,1380,1375,1370,1364,1359,1354,1349,1344,1339,1333,1328,1323,1318,1314,1309,1304,1299,1294,1289,1284,1280,1275,1270,1266,1261,1256,1252,1247,1243,1238,1233,1229,1224,1220,1216,1211,1207,1202,1198,1193,1189,1185,1180,1176,1172,1167,1163,1159,1155,1150,1146,1142,1138,1133,1129,1125,1121,1117,1113,1108,1104,1100,1096,1092,1088,1084,1079,1075,1071,1067,1063,1059,1055,1051,1047,1043,1039,1035,1030,1026,1022,1018,1014,1010,1006,1002,998,994,990,986,982,978,974,970,965,961,957,953,949,945,941,937,933,929,925,921,916,912,908,904,900,896,892,887,883,879,875,871,867,862,858,854,850,845,841,837,833,828,824,820,815,811,807,802,798,793,789,784,780,776,771,767,762,757,753,748,744,739,734,730,725,720,716,711,706,701,696,691,686,682,677,672,667,661,656,651,646,641,636,630,625,620,614,609,603,598,592,587,581,575,569,563,558,552,546,540,533,527,521,515,508,502,495,488,482,475,468,461,454,447,439,432,424,417,409,401,393,385,376,368,359,350,341,332,323,313,303,293,283,272,262,250,239,227,215,202,189,176,162,147,132,116,100,83,64,45,25,3,-20,-45,-72,-101,-133,-169,-210,-257,-312,-380,-469,-600,-865]}