{"borders":[41.91122952100149,31.48347575103992,17.516524248960092,7.088770478998507,2.3889086647542954,0.9054403738524107,0.5721159795134856],"perfs":[2349,2065,1918,1814,1732,1664,1605,1552,1505,1461,1421,1383,1346,1312,1279,1247,1216,1185,1156,1127,1098,1070,1042,1014,986,958,930,902,873,844,815,784,753,721,688,654,617,579,539,495,448,395,336,268,186,82,-65,-349]}