{"borders":[45.358888278972,34.06380581246902,18.936194187531,7.641111721027994,2.5536125993452155,0.9443387221119652,0.5793341491430164],"perfs":[2371,2088,1942,1840,1759,1692,1634,1582,1536,1493,1453,1416,1381,1348,1316,1285,1255,1226,1198,1171,1144,1117,1091,1065,1039,1013,987,961,935,909,883,856,829,802,774,745,715,684,652,619,584,547,507,464,418,366,308,241,160,58,-88,-371]}