{"borders":[43.63514313183419,32.7729358774974,18.2270641225026,7.3648568681658055,2.4706475591858013,0.9246317364296621,0.5756685371749455],"perfs":[2360,2077,1930,1827,1746,1678,1620,1568,1521,1478,1437,1400,1364,1330,1298,1266,1236,1207,1178,1150,1122,1094,1067,1040,1013,987,960,933,906,878,850,822,793,764,734,702,670,636,600,563,522,479,432,380,322,254,173,70,-77,-360]}