{"borders":[358.4226086846983,268.3523086242253,147.64769137577434,57.577391315301504,17.29680898065443,4.60680964477525,1.3449178056322302],"perfs":[2924,2660,2531,2443,2375,2321,2274,2234,2199,2167,2139,2112,2088,2065,2044,2024,2005,1988,1971,1955,1939,1925,1911,1897,1884,1871,1859,1847,1836,1825,1814,1804,1793,1783,1774,1764,1755,1746,1737,1729,1720,1712,1704,1696,1688,1680,1673,1665,1658,1651,1644,1637,1630,1623,1617,1610,1604,1597,1591,1585,1579,1573,1567,1561,1555,1549,1544,1538,1532,1527,1521,1516,1511,1505,1500,1495,1490,1485,1480,1475,1470,1465,1460,1455,1450,1445,1441,1436,1431,1427,1422,1418,1413,1409,1404,1400,1395,1391,1387,1382,1378,1374,1370,1365,1361,1357,1353,1349,1345,1341,1337,1333,1329,1325,1321,1317,1313,1309,1305,1301,1297,1294,1290,1286,1282,1278,1275,1271,1267,1263,1260,1256,1252,1249,1245,1241,1238,1234,1231,1227,1223,1220,1216,1213,1209,1206,1202,1199,1195,1192,1188,1185,1181,1178,1175,1171,1168,1164,1161,1157,1154,1151,1147,1144,1141,1137,1134,1131,1127,1124,1121,1117,1114,1111,1107,1104,1101,1097,1094,1091,1088,1084,1081,1078,1075,1071,1068,1065,1061,1058,1055,1052,1048,1045,1042,1039,1036,1032,1029,1026,1023,1019,1016,1013,1010,1006,1003,1000,997,994,990,987,984,981,977,974,971,968,964,961,958,955,952,948,945,942,939,935,932,929,925,922,919,916,912,909,906,903,899,896,893,889,886,883,879,876,873,869,866,863,859,856,853,849,846,843,839,836,832,829,825,822,819,815,812,808,805,801,798,794,791,787,784,780,777,773,769,766,762,759,755,751,748,744,740,737,733,729,725,722,718,714,710,706,703,699,695,691,687,683,679,675,671,667,663,659,655,651,647,643,639,635,630,626,622,618,613,609,605,600,596,591,587,582,578,573,569,564,559,555,550,545,540,535,530,525,520,515,510,505,500,495,489,484,479,473,468,462,456,451,445,439,433,427,421,415,409,403,396,390,383,377,370,363,356,349,342,335,327,320,312,304,296,288,280,271,263,254,245,236,226,217,207,196,186,175,164,153,141,129,116,103,89,75,61,45,29,12,-5,-24,-44,-65,-88,-112,-139,-167,-199,-234,-274,-321,-375,-443,-531,-660,-924]}