{"borders":[106.06458415364268,91.81765461892792,57.465949385791724,21.671781784563976,5.905037190005784,1.607289849276084,0.6967760836583237],"perfs":[2587,2327,2200,2114,2049,1995,1950,1911,1876,1844,1816,1789,1764,1741,1720,1699,1680,1662,1644,1627,1611,1595,1580,1565,1551,1537,1524,1510,1498,1485,1473,1461,1449,1438,1426,1415,1404,1393,1382,1372,1362,1351,1341,1331,1321,1311,1301,1291,1281,1272,1262,1252,1243,1233,1224,1214,1204,1195,1185,1176,1166,1156,1147,1137,1127,1117,1107,1097,1087,1077,1067,1056,1046,1035,1024,1013,1002,990,979,967,955,942,930,917,903,890,875,861,846,830,814,797,779,761,741,721,699,676,651,625,597,566,532,494,452,403,347,278,190,63,-197]}