{"borders":[746.3619919501525,624.7901159287952,408.1668204859405,211.10211917968934,90.67371633600744,32.01828384452543,8.8728506898556],"perfs":[3482,3229,3108,3025,2963,2911,2868,2830,2796,2765,2738,2712,2688,2666,2645,2625,2607,2589,2572,2556,2540,2525,2511,2497,2483,2470,2458,2446,2434,2422,2411,2400,2390,2379,2369,2359,2349,2340,2331,2321,2313,2304,2295,2287,2278,2270,2262,2254,2247,2239,2232,2224,2217,2210,2203,2196,2189,2182,2176,2169,2162,2156,2150,2143,2137,2131,2125,2119,2113,2108,2102,2096,2091,2085,2079,2074,2069,2063,2058,2053,2048,2042,2037,2032,2027,2022,2018,2013,2008,2003,1998,1994,1989,1985,1980,1975,1971,1967,1962,1958,1953,1949,1945,1941,1936,1932,1928,1924,1920,1916,1912,1908,1904,1900,1896,1892,1888,1884,1880,1877,1873,1869,1865,1862,1858,1854,1851,1847,1843,1840,1836,1833,1829,1826,1822,1819,1815,1812,1808,1805,1802,1798,1795,1792,1788,1785,1782,1779,1775,1772,1769,1766,1763,1760,1756,1753,1750,1747,1744,1741,1738,1735,1732,1729,1726,1723,1720,1717,1714,1711,1708,1705,1702,1699,1697,1694,1691,1688,1685,1682,1680,1677,1674,1671,1669,1666,1663,1660,1658,1655,1652,1650,1647,1644,1642,1639,1636,1634,1631,1628,1626,1623,1621,1618,1615,1613,1610,1608,1605,1603,1600,1598,1595,1593,1590,1588,1585,1583,1580,1578,1576,1573,1571,1568,1566,1563,1561,1559,1556,1554,1552,1549,1547,1544,1542,1540,1537,1535,1533,1531,1528,1526,1524,1521,1519,1517,1515,1512,1510,1508,1506,1503,1501,1499,1497,1494,1492,1490,1488,1486,1483,1481,1479,1477,1475,1473,1470,1468,1466,1464,1462,1460,1458,1455,1453,1451,1449,1447,1445,1443,1441,1439,1437,1434,1432,1430,1428,1426,1424,1422,1420,1418,1416,1414,1412,1410,1408,1406,1404,1402,1400,1398,1396,1394,1392,1390,1388,1386,1384,1382,1380,1378,1376,1374,1372,1370,1368,1366,1364,1362,1360,1358,1356,1354,1352,1351,1349,1347,1345,1343,1341,1339,1337,1335,1333,1331,1329,1328,1326,1324,1322,1320,1318,1316,1314,1313,1311,1309,1307,1305,1303,1301,1299,1298,1296,1294,1292,1290,1288,1287,1285,1283,1281,1279,1277,1276,1274,1272,1270,1268,1266,1265,1263,1261,1259,1257,1256,1254,1252,1250,1248,1247,1245,1243,1241,1239,1238,1236,1234,1232,1230,1229,1227,1225,1223,1222,1220,1218,1216,1214,1213,1211,1209,1207,1206,1204,1202,1200,1199,1197,1195,1193,1191,1190,1188,1186,1184,1183,1181,1179,1177,1176,1174,1172,1170,1169,1167,1165,1163,1162,1160,1158,1157,1155,1153,1151,1150,1148,1146,1144,1143,1141,1139,1137,1136,1134,1132,1130,1129,1127,1125,1124,1122,1120,1118,1117,1115,1113,1111,1110,1108,1106,1104,1103,1101,1099,1097,1096,1094,1092,1091,1089,1087,1085,1084,1082,1080,1078,1077,1075,1073,1071,1070,1068,1066,1064,1063,1061,1059,1057,1056,1054,1052,1050,1049,1047,1045,1043,1042,1040,1038,1036,1035,1033,1031,1029,1028,1026,1024,1022,1021,1019,1017,1015,1013,1012,1010,1008,1006,1005,1003,1001,999,997,996,994,992,990,988,987,985,983,981,979,978,976,974,972,970,968,967,965,963,961,959,957,956,954,952,950,948,946,945,943,941,939,937,935,933,931,930,928,926,924,922,920,918,916,914,912,911,909,907,905,903,901,899,897,895,893,891,889,887,885,883,881,879,877,875,873,871,869,867,865,863,861,859,857,855,853,851,849,847,845,843,841,838,836,834,832,830,828,826,824,821,819,817,815,813,811,808,806,804,802,800,797,795,793,791,788,786,784,781,779,777,775,772,770,768,765,763,760,758,756,753,751,748,746,744,741,739,736,734,731,729,726,724,721,718,716,713,711,708,705,703,700,697,695,692,689,686,684,681,678,675,673,670,667,664,661,658,655,652,649,646,643,640,637,634,631,628,625,622,618,615,612,609,605,602,599,595,592,589,585,582,578,575,571,567,564,560,556,553,549,545,541,537,533,529,525,521,517,513,509,505,500,496,492,487,483,478,474,469,464,459,455,450,445,440,435,429,424,419,413,408,402,396,391,385,379,372,366,360,353,347,340,333,326,319,312,304,297,289,281,272,264,255,246,237,228,218,208,198,187,176,164,152,140,127,113,99,84,68,52,34,15,-5,-26,-50,-75,-103,-134,-170,-210,-259,-319,-398,-516,-766]}