{"borders":[988.4748377150745,817.3961605372723,519.5470569201359,254.3371450065335,98.7860552898672,29.63429468859348,6.885833680015265],"perfs":[3387,3139,3021,2943,2884,2836,2796,2761,2730,2702,2677,2654,2632,2612,2593,2576,2559,2543,2528,2514,2500,2487,2474,2462,2450,2439,2428,2417,2406,2396,2387,2377,2368,2359,2350,2341,2333,2324,2316,2308,2301,2293,2286,2278,2271,2264,2257,2251,2244,2237,2231,2224,2218,2212,2206,2200,2194,2188,2183,2177,2171,2166,2160,2155,2150,2144,2139,2134,2129,2124,2119,2114,2110,2105,2100,2095,2091,2086,2082,2077,2073,2068,2064,2060,2055,2051,2047,2043,2039,2034,2030,2026,2022,2018,2015,2011,2007,2003,1999,1995,1992,1988,1984,1981,1977,1973,1970,1966,1963,1959,1956,1952,1949,1946,1942,1939,1935,1932,1929,1926,1922,1919,1916,1913,1909,1906,1903,1900,1897,1894,1891,1888,1885,1882,1879,1876,1873,1870,1867,1864,1861,1858,1855,1853,1850,1847,1844,1841,1838,1836,1833,1830,1827,1825,1822,1819,1817,1814,1811,1809,1806,1804,1801,1798,1796,1793,1791,1788,1786,1783,1780,1778,1775,1773,1771,1768,1766,1763,1761,1758,1756,1754,1751,1749,1746,1744,1742,1739,1737,1735,1732,1730,1728,1725,1723,1721,1719,1716,1714,1712,1710,1707,1705,1703,1701,1698,1696,1694,1692,1690,1688,1685,1683,1681,1679,1677,1675,1673,1671,1668,1666,1664,1662,1660,1658,1656,1654,1652,1650,1648,1646,1644,1642,1640,1638,1636,1634,1632,1630,1628,1626,1624,1622,1620,1618,1616,1614,1612,1610,1608,1606,1604,1603,1601,1599,1597,1595,1593,1591,1589,1587,1586,1584,1582,1580,1578,1576,1575,1573,1571,1569,1567,1565,1564,1562,1560,1558,1556,1555,1553,1551,1549,1547,1546,1544,1542,1540,1539,1537,1535,1533,1532,1530,1528,1527,1525,1523,1521,1520,1518,1516,1515,1513,1511,1509,1508,1506,1504,1503,1501,1499,1498,1496,1494,1493,1491,1489,1488,1486,1485,1483,1481,1480,1478,1476,1475,1473,1472,1470,1468,1467,1465,1464,1462,1460,1459,1457,1456,1454,1452,1451,1449,1448,1446,1445,1443,1441,1440,1438,1437,1435,1434,1432,1431,1429,1428,1426,1424,1423,1421,1420,1418,1417,1415,1414,1412,1411,1409,1408,1406,1405,1403,1402,1400,1399,1397,1396,1394,1393,1391,1390,1388,1387,1385,1384,1382,1381,1380,1378,1377,1375,1374,1372,1371,1369,1368,1366,1365,1364,1362,1361,1359,1358,1356,1355,1353,1352,1351,1349,1348,1346,1345,1344,1342,1341,1339,1338,1336,1335,1334,1332,1331,1329,1328,1327,1325,1324,1322,1321,1320,1318,1317,1315,1314,1313,1311,1310,1309,1307,1306,1304,1303,1302,1300,1299,1298,1296,1295,1293,1292,1291,1289,1288,1287,1285,1284,1283,1281,1280,1279,1277,1276,1275,1273,1272,1270,1269,1268,1266,1265,1264,1262,1261,1260,1258,1257,1256,1254,1253,1252,1250,1249,1248,1246,1245,1244,1243,1241,1240,1239,1237,1236,1235,1233,1232,1231,1229,1228,1227,1225,1224,1223,1222,1220,1219,1218,1216,1215,1214,1212,1211,1210,1208,1207,1206,1205,1203,1202,1201,1199,1198,1197,1196,1194,1193,1192,1190,1189,1188,1187,1185,1184,1183,1181,1180,1179,1178,1176,1175,1174,1172,1171,1170,1169,1167,1166,1165,1163,1162,1161,1160,1158,1157,1156,1154,1153,1152,1151,1149,1148,1147,1146,1144,1143,1142,1140,1139,1138,1137,1135,1134,1133,1132,1130,1129,1128,1126,1125,1124,1123,1121,1120,1119,1118,1116,1115,1114,1113,1111,1110,1109,1107,1106,1105,1104,1102,1101,1100,1099,1097,1096,1095,1094,1092,1091,1090,1088,1087,1086,1085,1083,1082,1081,1080,1078,1077,1076,1074,1073,1072,1071,1069,1068,1067,1066,1064,1063,1062,1060,1059,1058,1057,1055,1054,1053,1052,1050,1049,1048,1046,1045,1044,1043,1041,1040,1039,1037,1036,1035,1034,1032,1031,1030,1029,1027,1026,1025,1023,1022,1021,1020,1018,1017,1016,1014,1013,1012,1010,1009,1008,1007,1005,1004,1003,1001,1000,999,997,996,995,994,992,991,990,988,987,986,984,983,982,980,979,978,977,975,974,973,971,970,969,967,966,965,963,962,961,959,958,957,955,954,953,951,950,949,947,946,945,943,942,940,939,938,936,935,934,932,931,930,928,927,925,924,923,921,920,919,917,916,914,913,912,910,909,908,906,905,903,902,901,899,898,896,895,893,892,891,889,888,886,885,883,882,881,879,878,876,875,873,872,871,869,868,866,865,863,862,860,859,857,856,854,853,851,850,848,847,845,844,842,841,839,838,836,835,833,832,830,829,827,826,824,823,821,820,818,816,815,813,812,810,809,807,805,804,802,801,799,797,796,794,793,791,789,788,786,784,783,781,780,778,776,775,773,771,770,768,766,764,763,761,759,758,756,754,752,751,749,747,746,744,742,740,738,737,735,733,731,730,728,726,724,722,720,719,717,715,713,711,709,707,706,704,702,700,698,696,694,692,690,688,686,684,682,680,678,676,674,672,670,668,666,664,662,660,658,656,654,652,650,648,645,643,641,639,637,635,632,630,628,626,623,621,619,617,614,612,610,607,605,603,600,598,596,593,591,588,586,584,581,579,576,574,571,568,566,563,561,558,555,553,550,547,545,542,539,537,534,531,528,525,522,520,517,514,511,508,505,502,499,496,493,490,486,483,480,477,474,470,467,464,460,457,454,450,447,443,440,436,432,429,425,421,417,414,410,406,402,398,394,390,386,381,377,373,369,364,360,355,351,346,341,337,332,327,322,317,312,306,301,296,290,285,279,273,267,261,255,249,243,236,230,223,216,209,202,194,187,179,171,163,155,146,137,128,118,109,99,88,77,66,54,42,29,16,2,-13,-29,-45,-63,-82,-102,-125,-149,-176,-206,-239,-279,-326,-384,-461,-578,-825]}