{"borders":[1032.614564711351,910.37528990666,633.1314121648583,326.03278882218586,141.00119640796467,52.284854312411554,16.649832231850297],"perfs":[3712,3454,3327,3241,3174,3119,3073,3032,2996,2963,2933,2906,2880,2856,2834,2813,2793,2774,2756,2739,2723,2707,2692,2678,2664,2650,2637,2625,2613,2601,2589,2578,2567,2557,2546,2536,2526,2517,2508,2498,2490,2481,2472,2464,2456,2447,2440,2432,2424,2417,2409,2402,2395,2388,2381,2374,2368,2361,2354,2348,2342,2336,2329,2323,2317,2312,2306,2300,2294,2289,2283,2278,2272,2267,2262,2256,2251,2246,2241,2236,2231,2226,2222,2217,2212,2207,2203,2198,2193,2189,2184,2180,2176,2171,2167,2163,2158,2154,2150,2146,2142,2138,2134,2130,2126,2122,2118,2114,2110,2106,2103,2099,2095,2091,2088,2084,2080,2077,2073,2070,2066,2063,2059,2056,2052,2049,2045,2042,2039,2035,2032,2029,2025,2022,2019,2016,2013,2009,2006,2003,2000,1997,1994,1991,1988,1985,1982,1979,1976,1973,1970,1967,1964,1961,1958,1955,1952,1950,1947,1944,1941,1938,1936,1933,1930,1927,1925,1922,1919,1917,1914,1911,1909,1906,1903,1901,1898,1896,1893,1890,1888,1885,1883,1880,1878,1875,1873,1870,1868,1866,1863,1861,1858,1856,1853,1851,1849,1846,1844,1842,1839,1837,1835,1832,1830,1828,1825,1823,1821,1819,1816,1814,1812,1810,1807,1805,1803,1801,1799,1796,1794,1792,1790,1788,1786,1784,1781,1779,1777,1775,1773,1771,1769,1767,1765,1763,1761,1759,1757,1754,1752,1750,1748,1746,1744,1742,1740,1738,1736,1735,1733,1731,1729,1727,1725,1723,1721,1719,1717,1715,1713,1711,1709,1708,1706,1704,1702,1700,1698,1696,1695,1693,1691,1689,1687,1685,1684,1682,1680,1678,1676,1675,1673,1671,1669,1667,1666,1664,1662,1660,1659,1657,1655,1653,1652,1650,1648,1647,1645,1643,1641,1640,1638,1636,1635,1633,1631,1630,1628,1626,1625,1623,1621,1620,1618,1616,1615,1613,1611,1610,1608,1607,1605,1603,1602,1600,1598,1597,1595,1594,1592,1590,1589,1587,1586,1584,1583,1581,1579,1578,1576,1575,1573,1572,1570,1569,1567,1566,1564,1563,1561,1559,1558,1556,1555,1553,1552,1550,1549,1547,1546,1544,1543,1541,1540,1539,1537,1536,1534,1533,1531,1530,1528,1527,1525,1524,1522,1521,1520,1518,1517,1515,1514,1512,1511,1510,1508,1507,1505,1504,1502,1501,1500,1498,1497,1495,1494,1493,1491,1490,1488,1487,1486,1484,1483,1481,1480,1479,1477,1476,1475,1473,1472,1471,1469,1468,1466,1465,1464,1462,1461,1460,1458,1457,1456,1454,1453,1452,1450,1449,1448,1446,1445,1444,1442,1441,1440,1438,1437,1436,1434,1433,1432,1431,1429,1428,1427,1425,1424,1423,1421,1420,1419,1418,1416,1415,1414,1412,1411,1410,1409,1407,1406,1405,1403,1402,1401,1400,1398,1397,1396,1395,1393,1392,1391,1389,1388,1387,1386,1384,1383,1382,1381,1379,1378,1377,1376,1374,1373,1372,1371,1369,1368,1367,1366,1364,1363,1362,1361,1360,1358,1357,1356,1355,1353,1352,1351,1350,1348,1347,1346,1345,1344,1342,1341,1340,1339,1337,1336,1335,1334,1333,1331,1330,1329,1328,1327,1325,1324,1323,1322,1320,1319,1318,1317,1316,1314,1313,1312,1311,1310,1308,1307,1306,1305,1304,1302,1301,1300,1299,1298,1296,1295,1294,1293,1292,1290,1289,1288,1287,1286,1284,1283,1282,1281,1280,1279,1277,1276,1275,1274,1273,1271,1270,1269,1268,1267,1265,1264,1263,1262,1261,1260,1258,1257,1256,1255,1254,1252,1251,1250,1249,1248,1246,1245,1244,1243,1242,1241,1239,1238,1237,1236,1235,1233,1232,1231,1230,1229,1227,1226,1225,1224,1223,1222,1220,1219,1218,1217,1216,1214,1213,1212,1211,1210,1208,1207,1206,1205,1204,1203,1201,1200,1199,1198,1197,1195,1194,1193,1192,1191,1189,1188,1187,1186,1185,1183,1182,1181,1180,1179,1177,1176,1175,1174,1173,1171,1170,1169,1168,1167,1165,1164,1163,1162,1161,1159,1158,1157,1156,1155,1153,1152,1151,1150,1148,1147,1146,1145,1144,1142,1141,1140,1139,1137,1136,1135,1134,1133,1131,1130,1129,1128,1126,1125,1124,1123,1121,1120,1119,1118,1117,1115,1114,1113,1112,1110,1109,1108,1107,1105,1104,1103,1102,1100,1099,1098,1096,1095,1094,1093,1091,1090,1089,1088,1086,1085,1084,1082,1081,1080,1079,1077,1076,1075,1073,1072,1071,1070,1068,1067,1066,1064,1063,1062,1060,1059,1058,1057,1055,1054,1053,1051,1050,1049,1047,1046,1045,1043,1042,1041,1039,1038,1037,1035,1034,1033,1031,1030,1028,1027,1026,1024,1023,1022,1020,1019,1018,1016,1015,1013,1012,1011,1009,1008,1006,1005,1004,1002,1001,999,998,997,995,994,992,991,989,988,987,985,984,982,981,979,978,976,975,973,972,970,969,968,966,965,963,962,960,959,957,956,954,952,951,949,948,946,945,943,942,940,939,937,936,934,932,931,929,928,926,924,923,921,920,918,916,915,913,912,910,908,907,905,903,902,900,898,897,895,893,892,890,888,887,885,883,881,880,878,876,874,873,871,869,867,866,864,862,860,858,857,855,853,851,849,847,846,844,842,840,838,836,834,832,830,829,827,825,823,821,819,817,815,813,811,809,807,805,803,801,799,797,795,793,790,788,786,784,782,780,778,776,773,771,769,767,765,762,760,758,756,753,751,749,746,744,742,739,737,735,732,730,727,725,723,720,718,715,713,710,708,705,702,700,697,695,692,689,687,684,681,678,676,673,670,667,664,662,659,656,653,650,647,644,641,638,635,632,629,626,622,619,616,613,609,606,603,599,596,593,589,586,582,578,575,571,567,564,560,556,552,548,545,541,536,532,528,524,520,516,511,507,502,498,493,489,484,479,474,469,464,459,454,449,444,438,433,427,422,416,410,404,398,391,385,378,372,365,358,351,343,336,328,320,312,304,295,286,277,268,258,248,237,226,215,203,191,178,164,149,134,118,101,82,62,41,17,-9,-38,-72,-110,-157,-214,-291,-406,-653]}