{"borders":[978.84974587388,785.4885957902135,464.2325396437928,215.82691591877864,86.11429623651584,29.334143034900894,8.651237091750387],"perfs":[3507,3248,3121,3034,2967,2912,2865,2824,2788,2755,2725,2697,2672,2648,2625,2604,2584,2566,2548,2531,2514,2499,2483,2469,2455,2442,2429,2416,2404,2392,2381,2370,2359,2348,2338,2328,2318,2309,2299,2290,2281,2273,2264,2256,2248,2240,2232,2224,2216,2209,2202,2194,2187,2180,2174,2167,2160,2154,2147,2141,2134,2128,2122,2116,2110,2104,2099,2093,2087,2082,2076,2071,2065,2060,2055,2050,2044,2039,2034,2029,2024,2020,2015,2010,2005,2001,1996,1991,1987,1982,1978,1973,1969,1965,1960,1956,1952,1948,1943,1939,1935,1931,1927,1923,1919,1915,1911,1908,1904,1900,1896,1892,1889,1885,1881,1878,1874,1870,1867,1863,1860,1856,1853,1849,1846,1842,1839,1836,1832,1829,1826,1822,1819,1816,1813,1810,1806,1803,1800,1797,1794,1791,1788,1785,1782,1779,1776,1773,1770,1767,1764,1761,1758,1755,1752,1749,1746,1744,1741,1738,1735,1732,1730,1727,1724,1721,1719,1716,1713,1711,1708,1705,1703,1700,1697,1695,1692,1690,1687,1685,1682,1680,1677,1675,1672,1670,1667,1665,1662,1660,1657,1655,1652,1650,1648,1645,1643,1641,1638,1636,1634,1631,1629,1627,1624,1622,1620,1617,1615,1613,1611,1608,1606,1604,1602,1600,1597,1595,1593,1591,1589,1587,1584,1582,1580,1578,1576,1574,1572,1570,1568,1565,1563,1561,1559,1557,1555,1553,1551,1549,1547,1545,1543,1541,1539,1537,1535,1533,1531,1529,1527,1525,1523,1521,1519,1517,1516,1514,1512,1510,1508,1506,1504,1502,1500,1499,1497,1495,1493,1491,1489,1487,1486,1484,1482,1480,1478,1477,1475,1473,1471,1469,1468,1466,1464,1462,1460,1459,1457,1455,1453,1452,1450,1448,1447,1445,1443,1441,1440,1438,1436,1435,1433,1431,1430,1428,1426,1425,1423,1421,1420,1418,1416,1415,1413,1411,1410,1408,1406,1405,1403,1402,1400,1398,1397,1395,1394,1392,1390,1389,1387,1386,1384,1382,1381,1379,1378,1376,1375,1373,1372,1370,1368,1367,1365,1364,1362,1361,1359,1358,1356,1355,1353,1352,1350,1349,1347,1346,1344,1343,1341,1340,1338,1337,1335,1334,1332,1331,1329,1328,1326,1325,1324,1322,1321,1319,1318,1316,1315,1313,1312,1311,1309,1308,1306,1305,1303,1302,1301,1299,1298,1296,1295,1294,1292,1291,1289,1288,1287,1285,1284,1282,1281,1280,1278,1277,1276,1274,1273,1271,1270,1269,1267,1266,1265,1263,1262,1261,1259,1258,1257,1255,1254,1253,1251,1250,1249,1247,1246,1245,1243,1242,1241,1239,1238,1237,1235,1234,1233,1231,1230,1229,1227,1226,1225,1223,1222,1221,1220,1218,1217,1216,1214,1213,1212,1211,1209,1208,1207,1205,1204,1203,1202,1200,1199,1198,1196,1195,1194,1193,1191,1190,1189,1188,1186,1185,1184,1183,1181,1180,1179,1178,1176,1175,1174,1173,1171,1170,1169,1168,1166,1165,1164,1163,1161,1160,1159,1158,1156,1155,1154,1153,1151,1150,1149,1148,1147,1145,1144,1143,1142,1140,1139,1138,1137,1136,1134,1133,1132,1131,1129,1128,1127,1126,1125,1123,1122,1121,1120,1119,1117,1116,1115,1114,1113,1111,1110,1109,1108,1106,1105,1104,1103,1102,1100,1099,1098,1097,1096,1094,1093,1092,1091,1090,1088,1087,1086,1085,1084,1083,1081,1080,1079,1078,1077,1075,1074,1073,1072,1071,1069,1068,1067,1066,1065,1063,1062,1061,1060,1059,1057,1056,1055,1054,1053,1052,1050,1049,1048,1047,1046,1044,1043,1042,1041,1040,1038,1037,1036,1035,1034,1032,1031,1030,1029,1028,1027,1025,1024,1023,1022,1021,1019,1018,1017,1016,1015,1013,1012,1011,1010,1009,1007,1006,1005,1004,1003,1001,1000,999,998,997,996,994,993,992,991,990,988,987,986,985,984,982,981,980,979,977,976,975,974,973,971,970,969,968,967,965,964,963,962,961,959,958,957,956,954,953,952,951,950,948,947,946,945,943,942,941,940,939,937,936,935,934,932,931,930,929,927,926,925,924,922,921,920,919,917,916,915,914,912,911,910,909,907,906,905,904,902,901,900,899,897,896,895,893,892,891,890,888,887,886,884,883,882,881,879,878,877,875,874,873,872,870,869,868,866,865,864,862,861,860,858,857,856,854,853,852,850,849,848,846,845,844,842,841,840,838,837,836,834,833,831,830,829,827,826,825,823,822,820,819,818,816,815,813,812,811,809,808,806,805,804,802,801,799,798,796,795,794,792,791,789,788,786,785,783,782,780,779,777,776,774,773,771,770,768,767,765,764,762,761,759,758,756,755,753,752,750,749,747,746,744,742,741,739,738,736,734,733,731,730,728,726,725,723,722,720,718,717,715,713,712,710,708,707,705,703,702,700,698,697,695,693,691,690,688,686,684,683,681,679,677,676,674,672,670,668,667,665,663,661,659,657,656,654,652,650,648,646,644,642,640,639,637,635,633,631,629,627,625,623,621,619,617,615,613,611,609,607,605,603,600,598,596,594,592,590,588,586,583,581,579,577,575,572,570,568,566,563,561,559,556,554,552,549,547,545,542,540,537,535,532,530,528,525,523,520,517,515,512,510,507,505,502,499,497,494,491,488,486,483,480,477,474,472,469,466,463,460,457,454,451,448,445,442,439,436,433,429,426,423,420,416,413,410,406,403,399,396,393,389,385,382,378,374,371,367,363,359,356,352,348,344,340,336,331,327,323,319,314,310,306,301,297,292,287,283,278,273,268,263,258,253,248,242,237,232,226,220,215,209,203,197,191,185,178,172,165,159,152,145,138,130,123,115,108,100,92,83,75,66,57,48,39,29,19,9,-2,-13,-24,-36,-48,-61,-74,-87,-102,-116,-132,-148,-166,-184,-203,-224,-246,-269,-295,-324,-355,-391,-432,-480,-540,-619,-737,-986]}