{"borders":[759.4607559028531,638.5854328920566,415.1439041724638,212.2023612250956,90.24324789767053,32.015555419793465,9.240727129050047],"perfs":[3506,3251,3127,3044,2979,2927,2882,2843,2808,2776,2748,2721,2697,2674,2652,2632,2612,2594,2576,2560,2544,2528,2513,2499,2485,2472,2459,2447,2435,2423,2411,2400,2389,2379,2368,2358,2348,2339,2329,2320,2311,2302,2294,2285,2277,2268,2260,2252,2245,2237,2229,2222,2215,2208,2200,2193,2187,2180,2173,2167,2160,2154,2147,2141,2135,2129,2123,2117,2111,2105,2099,2094,2088,2083,2077,2072,2066,2061,2056,2051,2045,2040,2035,2030,2025,2020,2015,2011,2006,2001,1996,1992,1987,1983,1978,1974,1969,1965,1960,1956,1952,1947,1943,1939,1935,1931,1926,1922,1918,1914,1910,1906,1902,1898,1895,1891,1887,1883,1879,1875,1872,1868,1864,1861,1857,1853,1850,1846,1843,1839,1836,1832,1829,1825,1822,1818,1815,1812,1808,1805,1801,1798,1795,1792,1788,1785,1782,1779,1776,1772,1769,1766,1763,1760,1757,1754,1751,1748,1745,1741,1738,1735,1733,1730,1727,1724,1721,1718,1715,1712,1709,1706,1703,1701,1698,1695,1692,1689,1687,1684,1681,1678,1676,1673,1670,1667,1665,1662,1659,1657,1654,1651,1649,1646,1644,1641,1638,1636,1633,1631,1628,1626,1623,1620,1618,1615,1613,1610,1608,1605,1603,1600,1598,1596,1593,1591,1588,1586,1583,1581,1579,1576,1574,1572,1569,1567,1564,1562,1560,1557,1555,1553,1550,1548,1546,1544,1541,1539,1537,1534,1532,1530,1528,1526,1523,1521,1519,1517,1514,1512,1510,1508,1506,1503,1501,1499,1497,1495,1493,1490,1488,1486,1484,1482,1480,1478,1476,1473,1471,1469,1467,1465,1463,1461,1459,1457,1455,1453,1451,1448,1446,1444,1442,1440,1438,1436,1434,1432,1430,1428,1426,1424,1422,1420,1418,1416,1414,1412,1410,1408,1406,1404,1402,1400,1399,1397,1395,1393,1391,1389,1387,1385,1383,1381,1379,1377,1375,1373,1372,1370,1368,1366,1364,1362,1360,1358,1356,1355,1353,1351,1349,1347,1345,1343,1342,1340,1338,1336,1334,1332,1330,1329,1327,1325,1323,1321,1319,1318,1316,1314,1312,1310,1309,1307,1305,1303,1301,1300,1298,1296,1294,1292,1291,1289,1287,1285,1284,1282,1280,1278,1276,1275,1273,1271,1269,1268,1266,1264,1262,1261,1259,1257,1255,1254,1252,1250,1248,1247,1245,1243,1241,1240,1238,1236,1235,1233,1231,1229,1228,1226,1224,1222,1221,1219,1217,1216,1214,1212,1210,1209,1207,1205,1204,1202,1200,1199,1197,1195,1193,1192,1190,1188,1187,1185,1183,1182,1180,1178,1177,1175,1173,1171,1170,1168,1166,1165,1163,1161,1160,1158,1156,1155,1153,1151,1150,1148,1146,1145,1143,1141,1140,1138,1136,1135,1133,1131,1129,1128,1126,1124,1123,1121,1119,1118,1116,1114,1113,1111,1109,1108,1106,1104,1103,1101,1099,1098,1096,1094,1093,1091,1089,1088,1086,1084,1083,1081,1079,1078,1076,1074,1072,1071,1069,1067,1066,1064,1062,1061,1059,1057,1056,1054,1052,1051,1049,1047,1045,1044,1042,1040,1039,1037,1035,1034,1032,1030,1028,1027,1025,1023,1022,1020,1018,1017,1015,1013,1011,1010,1008,1006,1004,1003,1001,999,998,996,994,992,991,989,987,985,984,982,980,978,977,975,973,971,970,968,966,964,962,961,959,957,955,954,952,950,948,946,945,943,941,939,937,935,934,932,930,928,926,924,923,921,919,917,915,913,912,910,908,906,904,902,900,898,896,895,893,891,889,887,885,883,881,879,877,875,873,871,869,867,865,863,862,860,858,856,854,851,849,847,845,843,841,839,837,835,833,831,829,827,825,823,821,818,816,814,812,810,808,806,803,801,799,797,795,792,790,788,786,784,781,779,777,775,772,770,768,765,763,761,758,756,754,751,749,746,744,741,739,737,734,732,729,727,724,722,719,717,714,711,709,706,704,701,698,696,693,690,687,685,682,679,676,674,671,668,665,662,659,656,653,650,647,644,641,638,635,632,629,626,623,620,616,613,610,606,603,600,596,593,590,586,583,579,575,572,568,564,561,557,553,549,545,542,538,534,530,525,521,517,513,509,504,500,495,491,486,482,477,472,467,462,457,452,447,442,437,431,426,420,414,409,403,397,391,384,378,372,365,358,351,344,337,330,322,314,306,298,290,281,272,263,253,244,233,223,212,201,189,177,164,151,137,122,106,90,72,54,34,12,-11,-37,-65,-96,-132,-173,-222,-282,-362,-481,-731]}