{"borders":[689.4783114114672,604.6341753472741,434.5295665845941,242.28749231373018,100.79057769758013,32.20565186087687,8.560053661745245],"perfs":[3474,3220,3098,3016,2953,2901,2857,2819,2786,2755,2728,2702,2679,2657,2636,2617,2599,2581,2565,2549,2534,2520,2506,2493,2480,2468,2456,2445,2433,2423,2412,2402,2392,2383,2373,2364,2355,2346,2338,2329,2321,2313,2306,2298,2290,2283,2276,2269,2262,2255,2248,2241,2235,2228,2222,2216,2210,2204,2198,2192,2186,2180,2175,2169,2163,2158,2153,2147,2142,2137,2132,2127,2122,2117,2112,2107,2102,2097,2093,2088,2083,2079,2074,2070,2065,2061,2057,2052,2048,2044,2040,2035,2031,2027,2023,2019,2015,2011,2007,2003,1999,1995,1991,1988,1984,1980,1976,1973,1969,1965,1962,1958,1955,1951,1947,1944,1940,1937,1933,1930,1927,1923,1920,1917,1913,1910,1907,1903,1900,1897,1894,1890,1887,1884,1881,1878,1874,1871,1868,1865,1862,1859,1856,1853,1850,1847,1844,1841,1838,1835,1832,1829,1826,1823,1820,1818,1815,1812,1809,1806,1803,1801,1798,1795,1792,1789,1787,1784,1781,1778,1776,1773,1770,1768,1765,1762,1760,1757,1754,1752,1749,1746,1744,1741,1738,1736,1733,1731,1728,1726,1723,1720,1718,1715,1713,1710,1708,1705,1703,1700,1698,1695,1693,1690,1688,1685,1683,1681,1678,1676,1673,1671,1668,1666,1664,1661,1659,1656,1654,1652,1649,1647,1645,1642,1640,1638,1635,1633,1631,1628,1626,1624,1621,1619,1617,1614,1612,1610,1607,1605,1603,1601,1598,1596,1594,1592,1589,1587,1585,1583,1580,1578,1576,1574,1571,1569,1567,1565,1563,1560,1558,1556,1554,1552,1549,1547,1545,1543,1541,1538,1536,1534,1532,1530,1528,1525,1523,1521,1519,1517,1515,1512,1510,1508,1506,1504,1502,1500,1498,1495,1493,1491,1489,1487,1485,1483,1481,1478,1476,1474,1472,1470,1468,1466,1464,1462,1460,1457,1455,1453,1451,1449,1447,1445,1443,1441,1439,1437,1435,1433,1430,1428,1426,1424,1422,1420,1418,1416,1414,1412,1410,1408,1406,1404,1402,1400,1398,1395,1393,1391,1389,1387,1385,1383,1381,1379,1377,1375,1373,1371,1369,1367,1365,1363,1361,1359,1357,1355,1353,1351,1349,1347,1345,1343,1341,1339,1337,1334,1332,1330,1328,1326,1324,1322,1320,1318,1316,1314,1312,1310,1308,1306,1304,1302,1300,1298,1296,1294,1292,1290,1288,1286,1284,1282,1280,1278,1276,1274,1272,1270,1268,1266,1264,1262,1260,1258,1256,1254,1252,1250,1248,1246,1244,1242,1240,1238,1236,1234,1232,1230,1227,1225,1223,1221,1219,1217,1215,1213,1211,1209,1207,1205,1203,1201,1199,1197,1195,1193,1191,1189,1187,1185,1183,1181,1179,1177,1175,1172,1170,1168,1166,1164,1162,1160,1158,1156,1154,1152,1150,1148,1146,1144,1141,1139,1137,1135,1133,1131,1129,1127,1125,1123,1121,1118,1116,1114,1112,1110,1108,1106,1104,1102,1099,1097,1095,1093,1091,1089,1087,1085,1082,1080,1078,1076,1074,1072,1069,1067,1065,1063,1061,1059,1056,1054,1052,1050,1048,1045,1043,1041,1039,1037,1034,1032,1030,1028,1025,1023,1021,1019,1016,1014,1012,1009,1007,1005,1003,1000,998,996,993,991,989,986,984,982,979,977,975,972,970,968,965,963,960,958,956,953,951,948,946,943,941,938,936,934,931,929,926,923,921,918,916,913,911,908,906,903,900,898,895,893,890,887,885,882,879,877,874,871,868,866,863,860,857,855,852,849,846,843,840,838,835,832,829,826,823,820,817,814,811,808,805,802,799,796,793,790,786,783,780,777,774,770,767,764,760,757,754,750,747,743,740,737,733,729,726,722,719,715,711,708,704,700,696,692,689,685,681,677,673,669,665,660,656,652,648,643,639,635,630,626,621,617,612,607,602,598,593,588,583,578,572,567,562,557,551,546,540,534,528,523,517,510,504,498,492,485,478,472,465,458,451,443,436,428,420,412,404,396,387,378,369,360,350,340,330,320,309,298,286,274,261,249,235,221,206,191,175,158,140,121,101,79,56,31,4,-26,-59,-96,-139,-189,-251,-332,-452,-704]}