{"borders":[927.4040581665962,764.0981704856007,484.0849318448001,242.56864293112983,102.76901671079858,36.07680755916536,9.975781937465081],"perfs":[3508,3257,3136,3055,2993,2943,2900,2863,2829,2799,2772,2747,2723,2701,2681,2661,2643,2626,2609,2593,2578,2563,2549,2535,2522,2510,2497,2485,2474,2462,2451,2441,2430,2420,2410,2401,2391,2382,2373,2364,2355,2347,2339,2330,2322,2314,2307,2299,2292,2284,2277,2270,2263,2256,2249,2242,2235,2229,2222,2216,2210,2204,2197,2191,2185,2180,2174,2168,2162,2157,2151,2146,2140,2135,2129,2124,2119,2114,2109,2104,2099,2094,2089,2084,2079,2074,2069,2065,2060,2056,2051,2046,2042,2037,2033,2029,2024,2020,2016,2012,2007,2003,1999,1995,1991,1987,1983,1979,1975,1971,1967,1963,1959,1956,1952,1948,1944,1941,1937,1933,1930,1926,1922,1919,1915,1912,1908,1905,1901,1898,1894,1891,1888,1884,1881,1878,1874,1871,1868,1865,1861,1858,1855,1852,1849,1845,1842,1839,1836,1833,1830,1827,1824,1821,1818,1815,1812,1809,1806,1803,1800,1797,1795,1792,1789,1786,1783,1780,1778,1775,1772,1769,1767,1764,1761,1758,1756,1753,1750,1748,1745,1742,1740,1737,1735,1732,1729,1727,1724,1722,1719,1717,1714,1712,1709,1707,1704,1702,1699,1697,1694,1692,1689,1687,1685,1682,1680,1677,1675,1673,1670,1668,1666,1663,1661,1659,1656,1654,1652,1650,1647,1645,1643,1640,1638,1636,1634,1632,1629,1627,1625,1623,1621,1618,1616,1614,1612,1610,1608,1605,1603,1601,1599,1597,1595,1593,1591,1589,1587,1584,1582,1580,1578,1576,1574,1572,1570,1568,1566,1564,1562,1560,1558,1556,1554,1552,1550,1548,1546,1544,1542,1540,1538,1536,1534,1532,1531,1529,1527,1525,1523,1521,1519,1517,1515,1513,1512,1510,1508,1506,1504,1502,1500,1499,1497,1495,1493,1491,1489,1488,1486,1484,1482,1480,1478,1477,1475,1473,1471,1470,1468,1466,1464,1462,1461,1459,1457,1455,1454,1452,1450,1448,1447,1445,1443,1441,1440,1438,1436,1435,1433,1431,1430,1428,1426,1424,1423,1421,1419,1418,1416,1414,1413,1411,1409,1408,1406,1404,1403,1401,1399,1398,1396,1395,1393,1391,1390,1388,1386,1385,1383,1382,1380,1378,1377,1375,1374,1372,1370,1369,1367,1366,1364,1362,1361,1359,1358,1356,1355,1353,1351,1350,1348,1347,1345,1344,1342,1341,1339,1337,1336,1334,1333,1331,1330,1328,1327,1325,1324,1322,1321,1319,1318,1316,1314,1313,1311,1310,1308,1307,1305,1304,1302,1301,1299,1298,1296,1295,1294,1292,1291,1289,1288,1286,1285,1283,1282,1280,1279,1277,1276,1274,1273,1271,1270,1269,1267,1266,1264,1263,1261,1260,1258,1257,1255,1254,1253,1251,1250,1248,1247,1245,1244,1243,1241,1240,1238,1237,1235,1234,1233,1231,1230,1228,1227,1225,1224,1223,1221,1220,1218,1217,1216,1214,1213,1211,1210,1209,1207,1206,1204,1203,1202,1200,1199,1197,1196,1195,1193,1192,1190,1189,1188,1186,1185,1183,1182,1181,1179,1178,1177,1175,1174,1172,1171,1170,1168,1167,1165,1164,1163,1161,1160,1159,1157,1156,1154,1153,1152,1150,1149,1148,1146,1145,1144,1142,1141,1139,1138,1137,1135,1134,1133,1131,1130,1129,1127,1126,1124,1123,1122,1120,1119,1118,1116,1115,1114,1112,1111,1109,1108,1107,1105,1104,1103,1101,1100,1099,1097,1096,1095,1093,1092,1090,1089,1088,1086,1085,1084,1082,1081,1080,1078,1077,1076,1074,1073,1071,1070,1069,1067,1066,1065,1063,1062,1061,1059,1058,1057,1055,1054,1052,1051,1050,1048,1047,1046,1044,1043,1042,1040,1039,1037,1036,1035,1033,1032,1031,1029,1028,1027,1025,1024,1022,1021,1020,1018,1017,1016,1014,1013,1011,1010,1009,1007,1006,1005,1003,1002,1000,999,998,996,995,994,992,991,989,988,987,985,984,982,981,980,978,977,975,974,973,971,970,968,967,966,964,963,961,960,959,957,956,954,953,951,950,949,947,946,944,943,941,940,939,937,936,934,933,931,930,929,927,926,924,923,921,920,918,917,915,914,913,911,910,908,907,905,904,902,901,899,898,896,895,893,892,890,889,887,886,884,883,881,880,878,877,875,874,872,871,869,868,866,864,863,861,860,858,857,855,854,852,850,849,847,846,844,843,841,839,838,836,835,833,831,830,828,827,825,823,822,820,818,817,815,813,812,810,809,807,805,804,802,800,798,797,795,793,792,790,788,787,785,783,781,780,778,776,774,773,771,769,767,766,764,762,760,758,757,755,753,751,749,748,746,744,742,740,738,736,735,733,731,729,727,725,723,721,719,717,716,714,712,710,708,706,704,702,700,698,696,694,692,690,688,686,683,681,679,677,675,673,671,669,667,664,662,660,658,656,654,651,649,647,645,642,640,638,636,633,631,629,626,624,622,619,617,615,612,610,607,605,602,600,597,595,592,590,587,585,582,580,577,574,572,569,566,564,561,558,555,553,550,547,544,541,539,536,533,530,527,524,521,518,515,512,509,506,502,499,496,493,490,486,483,480,476,473,469,466,463,459,455,452,448,445,441,437,433,430,426,422,418,414,410,406,402,398,393,389,385,380,376,371,367,362,358,353,348,343,338,333,328,323,318,313,307,302,296,291,285,279,273,267,261,254,248,242,235,228,221,214,207,199,192,184,176,168,159,151,142,133,123,114,104,94,83,72,60,49,36,23,10,-4,-19,-34,-51,-68,-87,-107,-128,-151,-176,-203,-234,-269,-309,-357,-416,-495,-612,-860]}