{"borders":[960.4059280311321,824.5707949570774,562.2708509553947,291.77616453833457,116.73579666588348,37.307674467283604,9.391754336975481],"perfs":[3475,3226,3107,3028,2968,2920,2879,2843,2811,2783,2757,2733,2711,2691,2671,2653,2636,2620,2604,2589,2575,2561,2548,2536,2524,2512,2500,2489,2479,2468,2458,2448,2439,2429,2420,2411,2403,2394,2386,2378,2370,2362,2354,2347,2339,2332,2325,2318,2311,2305,2298,2291,2285,2279,2273,2266,2260,2254,2249,2243,2237,2232,2226,2221,2215,2210,2205,2199,2194,2189,2184,2179,2174,2169,2165,2160,2155,2151,2146,2141,2137,2132,2128,2124,2119,2115,2111,2107,2103,2098,2094,2090,2086,2082,2078,2074,2071,2067,2063,2059,2055,2052,2048,2044,2041,2037,2033,2030,2026,2023,2019,2016,2013,2009,2006,2002,1999,1996,1993,1989,1986,1983,1980,1976,1973,1970,1967,1964,1961,1958,1955,1952,1949,1946,1943,1940,1937,1934,1931,1928,1925,1922,1920,1917,1914,1911,1908,1906,1903,1900,1897,1895,1892,1889,1887,1884,1881,1879,1876,1873,1871,1868,1866,1863,1861,1858,1856,1853,1851,1848,1846,1843,1841,1838,1836,1833,1831,1829,1826,1824,1821,1819,1817,1814,1812,1810,1807,1805,1803,1800,1798,1796,1794,1791,1789,1787,1785,1782,1780,1778,1776,1774,1771,1769,1767,1765,1763,1760,1758,1756,1754,1752,1750,1748,1746,1744,1741,1739,1737,1735,1733,1731,1729,1727,1725,1723,1721,1719,1717,1715,1713,1711,1709,1707,1705,1703,1701,1699,1697,1695,1693,1691,1689,1687,1685,1683,1681,1680,1678,1676,1674,1672,1670,1668,1666,1664,1663,1661,1659,1657,1655,1653,1651,1650,1648,1646,1644,1642,1640,1639,1637,1635,1633,1631,1630,1628,1626,1624,1622,1621,1619,1617,1615,1614,1612,1610,1608,1607,1605,1603,1601,1600,1598,1596,1594,1593,1591,1589,1588,1586,1584,1582,1581,1579,1577,1576,1574,1572,1571,1569,1567,1566,1564,1562,1561,1559,1557,1556,1554,1552,1551,1549,1547,1546,1544,1543,1541,1539,1538,1536,1534,1533,1531,1530,1528,1526,1525,1523,1522,1520,1518,1517,1515,1514,1512,1510,1509,1507,1506,1504,1503,1501,1499,1498,1496,1495,1493,1492,1490,1488,1487,1485,1484,1482,1481,1479,1478,1476,1475,1473,1472,1470,1468,1467,1465,1464,1462,1461,1459,1458,1456,1455,1453,1452,1450,1449,1447,1446,1444,1443,1441,1440,1438,1437,1435,1434,1432,1431,1429,1428,1426,1425,1423,1422,1421,1419,1418,1416,1415,1413,1412,1410,1409,1407,1406,1404,1403,1401,1400,1399,1397,1396,1394,1393,1391,1390,1388,1387,1386,1384,1383,1381,1380,1378,1377,1375,1374,1373,1371,1370,1368,1367,1365,1364,1363,1361,1360,1358,1357,1355,1354,1353,1351,1350,1348,1347,1346,1344,1343,1341,1340,1338,1337,1336,1334,1333,1331,1330,1329,1327,1326,1324,1323,1322,1320,1319,1317,1316,1315,1313,1312,1310,1309,1308,1306,1305,1303,1302,1301,1299,1298,1297,1295,1294,1292,1291,1290,1288,1287,1285,1284,1283,1281,1280,1279,1277,1276,1274,1273,1272,1270,1269,1268,1266,1265,1263,1262,1261,1259,1258,1257,1255,1254,1252,1251,1250,1248,1247,1246,1244,1243,1241,1240,1239,1237,1236,1235,1233,1232,1230,1229,1228,1226,1225,1224,1222,1221,1220,1218,1217,1215,1214,1213,1211,1210,1209,1207,1206,1204,1203,1202,1200,1199,1198,1196,1195,1194,1192,1191,1189,1188,1187,1185,1184,1183,1181,1180,1178,1177,1176,1174,1173,1172,1170,1169,1168,1166,1165,1163,1162,1161,1159,1158,1157,1155,1154,1152,1151,1150,1148,1147,1146,1144,1143,1141,1140,1139,1137,1136,1135,1133,1132,1130,1129,1128,1126,1125,1123,1122,1121,1119,1118,1117,1115,1114,1112,1111,1110,1108,1107,1105,1104,1103,1101,1100,1098,1097,1096,1094,1093,1091,1090,1089,1087,1086,1084,1083,1082,1080,1079,1077,1076,1075,1073,1072,1070,1069,1068,1066,1065,1063,1062,1060,1059,1058,1056,1055,1053,1052,1050,1049,1048,1046,1045,1043,1042,1040,1039,1038,1036,1035,1033,1032,1030,1029,1027,1026,1024,1023,1022,1020,1019,1017,1016,1014,1013,1011,1010,1008,1007,1005,1004,1002,1001,999,998,996,995,993,992,990,989,987,986,984,983,981,980,978,977,975,974,972,971,969,968,966,965,963,962,960,959,957,955,954,952,951,949,948,946,945,943,941,940,938,937,935,933,932,930,929,927,925,924,922,921,919,917,916,914,913,911,909,908,906,904,903,901,899,898,896,894,893,891,889,888,886,884,883,881,879,877,876,874,872,871,869,867,865,864,862,860,858,857,855,853,851,849,848,846,844,842,840,839,837,835,833,831,829,828,826,824,822,820,818,816,815,813,811,809,807,805,803,801,799,797,795,793,791,789,787,785,783,781,779,777,775,773,771,769,767,765,763,761,759,757,755,752,750,748,746,744,742,739,737,735,733,731,728,726,724,722,719,717,715,713,710,708,706,703,701,698,696,694,691,689,686,684,681,679,676,674,671,669,666,664,661,659,656,653,651,648,645,643,640,637,634,632,629,626,623,620,617,615,612,609,606,603,600,597,594,591,588,584,581,578,575,572,568,565,562,559,555,552,548,545,541,538,534,531,527,523,520,516,512,508,505,501,497,493,489,485,481,476,472,468,464,459,455,450,446,441,437,432,427,422,417,412,407,402,397,392,386,381,375,369,364,358,352,346,340,333,327,320,314,307,300,293,285,278,270,262,254,246,237,229,220,211,201,191,181,171,160,148,137,125,112,99,85,70,55,39,21,3,-16,-37,-60,-85,-113,-143,-178,-218,-265,-324,-402,-519,-768]}