{"borders":[792.0504723513088,697.4253280660553,499.80109212447434,277.6825011517602,118.69594391657942,39.688003937916406,10.691949662147287],"perfs":[3524,3273,3153,3072,3011,2961,2918,2881,2848,2819,2792,2767,2744,2723,2703,2684,2666,2649,2632,2617,2602,2588,2574,2561,2548,2536,2524,2513,2502,2491,2481,2470,2460,2451,2441,2432,2423,2414,2406,2397,2389,2381,2373,2366,2358,2350,2343,2336,2329,2322,2315,2309,2302,2295,2289,2283,2277,2270,2264,2258,2253,2247,2241,2235,2230,2224,2219,2214,2208,2203,2198,2193,2188,2183,2178,2173,2168,2163,2159,2154,2149,2145,2140,2136,2131,2127,2122,2118,2114,2109,2105,2101,2097,2093,2089,2084,2080,2076,2072,2069,2065,2061,2057,2053,2049,2046,2042,2038,2034,2031,2027,2024,2020,2016,2013,2009,2006,2002,1999,1996,1992,1989,1985,1982,1979,1975,1972,1969,1966,1962,1959,1956,1953,1950,1946,1943,1940,1937,1934,1931,1928,1925,1922,1919,1916,1913,1910,1907,1904,1901,1898,1895,1893,1890,1887,1884,1881,1878,1876,1873,1870,1867,1864,1862,1859,1856,1854,1851,1848,1846,1843,1840,1838,1835,1832,1830,1827,1824,1822,1819,1817,1814,1812,1809,1807,1804,1801,1799,1796,1794,1792,1789,1787,1784,1782,1779,1777,1774,1772,1770,1767,1765,1762,1760,1758,1755,1753,1750,1748,1746,1743,1741,1739,1737,1734,1732,1730,1727,1725,1723,1720,1718,1716,1714,1711,1709,1707,1705,1703,1700,1698,1696,1694,1691,1689,1687,1685,1683,1681,1678,1676,1674,1672,1670,1668,1666,1663,1661,1659,1657,1655,1653,1651,1649,1646,1644,1642,1640,1638,1636,1634,1632,1630,1628,1626,1624,1622,1620,1618,1616,1613,1611,1609,1607,1605,1603,1601,1599,1597,1595,1593,1591,1589,1587,1585,1583,1581,1579,1578,1576,1574,1572,1570,1568,1566,1564,1562,1560,1558,1556,1554,1552,1550,1548,1546,1544,1543,1541,1539,1537,1535,1533,1531,1529,1527,1525,1524,1522,1520,1518,1516,1514,1512,1510,1509,1507,1505,1503,1501,1499,1497,1495,1494,1492,1490,1488,1486,1484,1483,1481,1479,1477,1475,1473,1472,1470,1468,1466,1464,1462,1461,1459,1457,1455,1453,1451,1450,1448,1446,1444,1442,1441,1439,1437,1435,1433,1432,1430,1428,1426,1425,1423,1421,1419,1417,1416,1414,1412,1410,1408,1407,1405,1403,1401,1400,1398,1396,1394,1393,1391,1389,1387,1385,1384,1382,1380,1378,1377,1375,1373,1371,1370,1368,1366,1364,1363,1361,1359,1357,1356,1354,1352,1350,1349,1347,1345,1343,1342,1340,1338,1337,1335,1333,1331,1330,1328,1326,1324,1323,1321,1319,1317,1316,1314,1312,1310,1309,1307,1305,1304,1302,1300,1298,1297,1295,1293,1291,1290,1288,1286,1285,1283,1281,1279,1278,1276,1274,1272,1271,1269,1267,1266,1264,1262,1260,1259,1257,1255,1253,1252,1250,1248,1247,1245,1243,1241,1240,1238,1236,1234,1233,1231,1229,1227,1226,1224,1222,1221,1219,1217,1215,1214,1212,1210,1208,1207,1205,1203,1201,1200,1198,1196,1194,1193,1191,1189,1187,1186,1184,1182,1180,1179,1177,1175,1173,1172,1170,1168,1166,1165,1163,1161,1159,1158,1156,1154,1152,1150,1149,1147,1145,1143,1142,1140,1138,1136,1134,1133,1131,1129,1127,1126,1124,1122,1120,1118,1117,1115,1113,1111,1109,1108,1106,1104,1102,1100,1098,1097,1095,1093,1091,1089,1087,1086,1084,1082,1080,1078,1076,1075,1073,1071,1069,1067,1065,1063,1062,1060,1058,1056,1054,1052,1050,1048,1047,1045,1043,1041,1039,1037,1035,1033,1031,1029,1027,1026,1024,1022,1020,1018,1016,1014,1012,1010,1008,1006,1004,1002,1000,998,996,994,992,990,988,986,984,982,980,978,976,974,972,970,968,966,964,962,960,958,955,953,951,949,947,945,943,941,939,936,934,932,930,928,926,924,921,919,917,915,913,910,908,906,904,901,899,897,895,892,890,888,885,883,881,879,876,874,871,869,867,864,862,860,857,855,852,850,847,845,842,840,837,835,832,830,827,825,822,820,817,814,812,809,806,804,801,798,796,793,790,788,785,782,779,776,774,771,768,765,762,759,756,753,750,747,744,741,738,735,732,729,726,722,719,716,713,709,706,703,700,696,693,689,686,682,679,675,672,668,664,661,657,653,649,646,642,638,634,630,626,622,618,613,609,605,601,596,592,587,583,578,574,569,564,559,554,549,544,539,534,529,523,518,512,507,501,495,489,483,477,471,464,458,451,445,438,430,423,416,408,400,392,384,376,367,358,349,340,330,320,309,299,287,276,264,251,238,224,210,195,179,162,144,125,104,82,59,33,4,-28,-64,-105,-155,-215,-295,-414,-665]}