{"borders":[1013.1444434924765,870.6524259833504,589.4322628874345,304.83579051756266,121.41005023020504,37.76491755013404,9.521434915264363],"perfs":[3485,3235,3116,3036,2975,2925,2884,2847,2815,2787,2760,2736,2714,2693,2674,2655,2638,2622,2606,2591,2577,2563,2550,2538,2526,2514,2503,2492,2481,2471,2461,2451,2442,2433,2424,2415,2406,2398,2390,2382,2374,2367,2359,2352,2345,2338,2331,2324,2317,2311,2304,2298,2292,2286,2280,2274,2268,2262,2256,2251,2245,2240,2234,2229,2224,2219,2214,2208,2204,2199,2194,2189,2184,2179,2175,2170,2166,2161,2157,2152,2148,2144,2139,2135,2131,2127,2123,2119,2115,2111,2107,2103,2099,2095,2091,2087,2084,2080,2076,2072,2069,2065,2062,2058,2055,2051,2048,2044,2041,2037,2034,2030,2027,2024,2021,2017,2014,2011,2008,2004,2001,1998,1995,1992,1989,1986,1983,1980,1977,1974,1971,1968,1965,1962,1959,1956,1953,1950,1948,1945,1942,1939,1936,1934,1931,1928,1925,1923,1920,1917,1915,1912,1909,1907,1904,1901,1899,1896,1894,1891,1889,1886,1884,1881,1879,1876,1874,1871,1869,1866,1864,1861,1859,1857,1854,1852,1849,1847,1845,1842,1840,1838,1835,1833,1831,1828,1826,1824,1822,1819,1817,1815,1813,1810,1808,1806,1804,1802,1799,1797,1795,1793,1791,1789,1786,1784,1782,1780,1778,1776,1774,1772,1770,1767,1765,1763,1761,1759,1757,1755,1753,1751,1749,1747,1745,1743,1741,1739,1737,1735,1733,1731,1729,1727,1725,1723,1721,1719,1717,1716,1714,1712,1710,1708,1706,1704,1702,1700,1698,1697,1695,1693,1691,1689,1687,1685,1684,1682,1680,1678,1676,1674,1673,1671,1669,1667,1665,1664,1662,1660,1658,1656,1655,1653,1651,1649,1648,1646,1644,1642,1641,1639,1637,1635,1634,1632,1630,1628,1627,1625,1623,1622,1620,1618,1616,1615,1613,1611,1610,1608,1606,1605,1603,1601,1600,1598,1596,1595,1593,1591,1590,1588,1587,1585,1583,1582,1580,1578,1577,1575,1574,1572,1570,1569,1567,1566,1564,1562,1561,1559,1558,1556,1554,1553,1551,1550,1548,1547,1545,1543,1542,1540,1539,1537,1536,1534,1532,1531,1529,1528,1526,1525,1523,1522,1520,1519,1517,1516,1514,1513,1511,1510,1508,1507,1505,1504,1502,1501,1499,1498,1496,1495,1493,1492,1490,1489,1487,1486,1484,1483,1481,1480,1478,1477,1475,1474,1472,1471,1469,1468,1467,1465,1464,1462,1461,1459,1458,1456,1455,1454,1452,1451,1449,1448,1446,1445,1443,1442,1441,1439,1438,1436,1435,1433,1432,1431,1429,1428,1426,1425,1424,1422,1421,1419,1418,1417,1415,1414,1412,1411,1410,1408,1407,1405,1404,1403,1401,1400,1398,1397,1396,1394,1393,1392,1390,1389,1387,1386,1385,1383,1382,1381,1379,1378,1376,1375,1374,1372,1371,1370,1368,1367,1366,1364,1363,1362,1360,1359,1357,1356,1355,1353,1352,1351,1349,1348,1347,1345,1344,1343,1341,1340,1339,1337,1336,1335,1333,1332,1331,1329,1328,1327,1325,1324,1323,1321,1320,1319,1317,1316,1315,1313,1312,1311,1309,1308,1307,1306,1304,1303,1302,1300,1299,1298,1296,1295,1294,1292,1291,1290,1288,1287,1286,1285,1283,1282,1281,1279,1278,1277,1275,1274,1273,1272,1270,1269,1268,1266,1265,1264,1262,1261,1260,1259,1257,1256,1255,1253,1252,1251,1249,1248,1247,1246,1244,1243,1242,1240,1239,1238,1237,1235,1234,1233,1231,1230,1229,1228,1226,1225,1224,1222,1221,1220,1219,1217,1216,1215,1213,1212,1211,1210,1208,1207,1206,1204,1203,1202,1201,1199,1198,1197,1195,1194,1193,1192,1190,1189,1188,1186,1185,1184,1183,1181,1180,1179,1177,1176,1175,1174,1172,1171,1170,1168,1167,1166,1165,1163,1162,1161,1159,1158,1157,1156,1154,1153,1152,1150,1149,1148,1147,1145,1144,1143,1141,1140,1139,1138,1136,1135,1134,1132,1131,1130,1129,1127,1126,1125,1123,1122,1121,1119,1118,1117,1116,1114,1113,1112,1110,1109,1108,1107,1105,1104,1103,1101,1100,1099,1097,1096,1095,1093,1092,1091,1090,1088,1087,1086,1084,1083,1082,1080,1079,1078,1076,1075,1074,1072,1071,1070,1069,1067,1066,1065,1063,1062,1061,1059,1058,1057,1055,1054,1053,1051,1050,1049,1047,1046,1045,1043,1042,1041,1039,1038,1037,1035,1034,1033,1031,1030,1028,1027,1026,1024,1023,1022,1020,1019,1018,1016,1015,1013,1012,1011,1009,1008,1007,1005,1004,1003,1001,1000,998,997,996,994,993,991,990,989,987,986,984,983,982,980,979,977,976,975,973,972,970,969,967,966,965,963,962,960,959,957,956,955,953,952,950,949,947,946,944,943,941,940,939,937,936,934,933,931,930,928,927,925,924,922,921,919,918,916,915,913,912,910,909,907,905,904,902,901,899,898,896,895,893,892,890,888,887,885,884,882,881,879,877,876,874,873,871,869,868,866,865,863,861,860,858,856,855,853,851,850,848,846,845,843,841,840,838,836,835,833,831,829,828,826,824,822,821,819,817,815,814,812,810,808,807,805,803,801,799,798,796,794,792,790,788,787,785,783,781,779,777,775,773,771,769,768,766,764,762,760,758,756,754,752,750,748,746,744,742,740,738,736,734,731,729,727,725,723,721,719,717,714,712,710,708,706,704,701,699,697,695,692,690,688,685,683,681,678,676,674,671,669,666,664,662,659,657,654,652,649,647,644,642,639,636,634,631,628,626,623,620,618,615,612,609,606,604,601,598,595,592,589,586,583,580,577,574,571,568,565,561,558,555,552,548,545,542,538,535,531,528,524,521,517,514,510,506,502,499,495,491,487,483,479,475,471,466,462,458,453,449,444,440,435,431,426,421,416,411,406,401,396,390,385,379,374,368,362,356,350,344,337,331,324,317,311,303,296,289,281,273,265,257,248,239,230,221,211,201,191,180,169,157,145,132,119,104,90,74,57,39,20,0,-23,-47,-74,-104,-139,-178,-225,-284,-362,-479,-727]}