{"borders":[777.1814167484271,662.3359007006952,449.8429739112737,234.77820704017776,94.15341156780997,28.35324987029639,6.769841299954466],"perfs":[3392,3141,3022,2942,2882,2832,2791,2755,2723,2695,2669,2645,2623,2603,2583,2565,2548,2532,2517,2502,2488,2475,2462,2449,2437,2426,2415,2404,2393,2383,2373,2363,2354,2345,2336,2327,2319,2310,2302,2294,2287,2279,2271,2264,2257,2250,2243,2236,2229,2223,2216,2210,2203,2197,2191,2185,2179,2173,2167,2162,2156,2150,2145,2139,2134,2129,2124,2118,2113,2108,2103,2098,2093,2089,2084,2079,2074,2070,2065,2060,2056,2051,2047,2043,2038,2034,2030,2025,2021,2017,2013,2009,2005,2001,1997,1993,1989,1985,1981,1977,1973,1969,1966,1962,1958,1954,1951,1947,1943,1940,1936,1933,1929,1926,1922,1919,1915,1912,1908,1905,1902,1898,1895,1892,1888,1885,1882,1879,1875,1872,1869,1866,1863,1859,1856,1853,1850,1847,1844,1841,1838,1835,1832,1829,1826,1823,1820,1817,1814,1811,1808,1805,1803,1800,1797,1794,1791,1788,1786,1783,1780,1777,1775,1772,1769,1766,1764,1761,1758,1756,1753,1750,1748,1745,1742,1740,1737,1735,1732,1729,1727,1724,1722,1719,1717,1714,1712,1709,1707,1704,1702,1699,1697,1694,1692,1689,1687,1685,1682,1680,1677,1675,1673,1670,1668,1665,1663,1661,1658,1656,1654,1651,1649,1647,1644,1642,1640,1638,1635,1633,1631,1628,1626,1624,1622,1619,1617,1615,1613,1611,1608,1606,1604,1602,1600,1597,1595,1593,1591,1589,1586,1584,1582,1580,1578,1576,1574,1572,1569,1567,1565,1563,1561,1559,1557,1555,1553,1551,1548,1546,1544,1542,1540,1538,1536,1534,1532,1530,1528,1526,1524,1522,1520,1518,1516,1514,1512,1510,1508,1506,1504,1502,1500,1498,1496,1494,1492,1490,1488,1486,1484,1482,1480,1478,1476,1474,1473,1471,1469,1467,1465,1463,1461,1459,1457,1455,1453,1451,1450,1448,1446,1444,1442,1440,1438,1436,1434,1433,1431,1429,1427,1425,1423,1421,1420,1418,1416,1414,1412,1410,1408,1407,1405,1403,1401,1399,1397,1396,1394,1392,1390,1388,1387,1385,1383,1381,1379,1377,1376,1374,1372,1370,1368,1367,1365,1363,1361,1359,1358,1356,1354,1352,1351,1349,1347,1345,1343,1342,1340,1338,1336,1335,1333,1331,1329,1328,1326,1324,1322,1321,1319,1317,1315,1313,1312,1310,1308,1307,1305,1303,1301,1300,1298,1296,1294,1293,1291,1289,1287,1286,1284,1282,1280,1279,1277,1275,1274,1272,1270,1268,1267,1265,1263,1261,1260,1258,1256,1255,1253,1251,1249,1248,1246,1244,1243,1241,1239,1237,1236,1234,1232,1231,1229,1227,1225,1224,1222,1220,1219,1217,1215,1213,1212,1210,1208,1207,1205,1203,1201,1200,1198,1196,1195,1193,1191,1189,1188,1186,1184,1183,1181,1179,1178,1176,1174,1172,1171,1169,1167,1166,1164,1162,1160,1159,1157,1155,1154,1152,1150,1148,1147,1145,1143,1142,1140,1138,1136,1135,1133,1131,1130,1128,1126,1124,1123,1121,1119,1117,1116,1114,1112,1111,1109,1107,1105,1104,1102,1100,1098,1097,1095,1093,1091,1090,1088,1086,1084,1083,1081,1079,1077,1076,1074,1072,1070,1069,1067,1065,1063,1062,1060,1058,1056,1055,1053,1051,1049,1047,1046,1044,1042,1040,1039,1037,1035,1033,1031,1030,1028,1026,1024,1022,1021,1019,1017,1015,1013,1012,1010,1008,1006,1004,1002,1001,999,997,995,993,991,990,988,986,984,982,980,978,976,975,973,971,969,967,965,963,961,959,958,956,954,952,950,948,946,944,942,940,938,936,934,932,931,929,927,925,923,921,919,917,915,913,911,909,907,905,903,901,899,897,895,892,890,888,886,884,882,880,878,876,874,872,870,868,865,863,861,859,857,855,853,850,848,846,844,842,839,837,835,833,831,828,826,824,822,819,817,815,812,810,808,805,803,801,798,796,794,791,789,787,784,782,779,777,774,772,769,767,765,762,759,757,754,752,749,747,744,742,739,736,734,731,728,726,723,720,718,715,712,709,706,704,701,698,695,692,689,687,684,681,678,675,672,669,666,663,660,656,653,650,647,644,641,637,634,631,628,624,621,617,614,611,607,604,600,597,593,589,586,582,578,575,571,567,563,559,555,551,547,543,539,535,531,527,522,518,514,509,505,500,495,491,486,481,477,472,467,462,457,451,446,441,435,430,424,419,413,407,401,395,389,383,376,370,363,356,349,342,335,328,320,313,305,297,289,280,271,262,253,244,234,224,214,203,192,181,169,157,144,130,117,102,87,71,54,36,17,-4,-26,-49,-75,-104,-135,-171,-212,-261,-321,-400,-518,-768]}