{"borders":[657.7974245826584,583.380696565392,424.4012908681677,238.36126835406233,102.68630702904679,34.87532107213327,9.766099035500103],"perfs":[3511,3258,3137,3054,2991,2940,2896,2858,2824,2793,2765,2739,2715,2693,2672,2652,2633,2615,2598,2582,2567,2552,2537,2524,2511,2498,2485,2473,2462,2451,2440,2429,2419,2409,2399,2389,2380,2371,2362,2353,2345,2336,2328,2320,2312,2304,2297,2289,2282,2275,2268,2261,2254,2247,2241,2234,2228,2221,2215,2209,2203,2197,2191,2185,2179,2173,2168,2162,2157,2151,2146,2141,2135,2130,2125,2120,2115,2110,2105,2100,2095,2090,2086,2081,2076,2072,2067,2063,2058,2054,2049,2045,2040,2036,2032,2028,2023,2019,2015,2011,2007,2003,1999,1995,1991,1987,1983,1979,1975,1971,1968,1964,1960,1956,1953,1949,1945,1942,1938,1934,1931,1927,1924,1920,1917,1913,1910,1906,1903,1899,1896,1893,1889,1886,1883,1879,1876,1873,1870,1866,1863,1860,1857,1854,1850,1847,1844,1841,1838,1835,1832,1829,1826,1823,1820,1817,1814,1811,1808,1805,1802,1799,1796,1793,1790,1787,1784,1781,1779,1776,1773,1770,1767,1764,1762,1759,1756,1753,1750,1748,1745,1742,1740,1737,1734,1731,1729,1726,1723,1721,1718,1715,1713,1710,1708,1705,1702,1700,1697,1695,1692,1689,1687,1684,1682,1679,1677,1674,1672,1669,1667,1664,1662,1659,1657,1654,1652,1649,1647,1644,1642,1639,1637,1634,1632,1630,1627,1625,1622,1620,1618,1615,1613,1610,1608,1606,1603,1601,1598,1596,1594,1591,1589,1587,1584,1582,1580,1577,1575,1573,1571,1568,1566,1564,1561,1559,1557,1554,1552,1550,1548,1545,1543,1541,1539,1536,1534,1532,1530,1527,1525,1523,1521,1518,1516,1514,1512,1510,1507,1505,1503,1501,1499,1496,1494,1492,1490,1488,1485,1483,1481,1479,1477,1474,1472,1470,1468,1466,1464,1462,1459,1457,1455,1453,1451,1449,1446,1444,1442,1440,1438,1436,1434,1431,1429,1427,1425,1423,1421,1419,1417,1414,1412,1410,1408,1406,1404,1402,1400,1398,1395,1393,1391,1389,1387,1385,1383,1381,1379,1377,1374,1372,1370,1368,1366,1364,1362,1360,1358,1356,1354,1351,1349,1347,1345,1343,1341,1339,1337,1335,1333,1331,1328,1326,1324,1322,1320,1318,1316,1314,1312,1310,1308,1306,1304,1301,1299,1297,1295,1293,1291,1289,1287,1285,1283,1281,1279,1276,1274,1272,1270,1268,1266,1264,1262,1260,1258,1256,1253,1251,1249,1247,1245,1243,1241,1239,1237,1235,1233,1230,1228,1226,1224,1222,1220,1218,1216,1214,1211,1209,1207,1205,1203,1201,1199,1197,1194,1192,1190,1188,1186,1184,1182,1180,1177,1175,1173,1171,1169,1167,1165,1162,1160,1158,1156,1154,1152,1149,1147,1145,1143,1141,1138,1136,1134,1132,1130,1128,1125,1123,1121,1119,1116,1114,1112,1110,1108,1105,1103,1101,1099,1096,1094,1092,1090,1087,1085,1083,1081,1078,1076,1074,1071,1069,1067,1065,1062,1060,1058,1055,1053,1051,1048,1046,1044,1041,1039,1036,1034,1032,1029,1027,1025,1022,1020,1017,1015,1012,1010,1008,1005,1003,1000,998,995,993,990,988,985,983,980,978,975,973,970,967,965,962,960,957,955,952,949,947,944,941,939,936,933,931,928,925,922,920,917,914,911,909,906,903,900,897,894,892,889,886,883,880,877,874,871,868,865,862,859,856,853,850,847,844,840,837,834,831,828,825,821,818,815,811,808,805,801,798,794,791,788,784,780,777,773,770,766,762,759,755,751,747,744,740,736,732,728,724,720,716,712,708,703,699,695,690,686,682,677,673,668,663,659,654,649,644,639,634,629,624,619,614,608,603,597,592,586,580,574,568,562,556,550,543,537,530,523,516,509,502,494,487,479,471,463,454,445,436,427,418,408,398,387,377,365,354,342,329,316,302,287,272,255,238,219,199,178,155,129,101,70,34,-7,-57,-118,-198,-318,-571]}