{"borders":[905.6211379360013,814.0165133400143,577.5403744901922,295.9204393273381,122.82780926978079,43.51826640533956,13.369358523280505],"perfs":[3664,3400,3270,3180,3110,3054,3005,2964,2926,2893,2863,2835,2809,2785,2763,2742,2722,2703,2685,2668,2652,2636,2621,2607,2593,2580,2567,2555,2543,2531,2520,2509,2498,2487,2477,2467,2458,2448,2439,2430,2421,2413,2404,2396,2388,2380,2372,2365,2357,2350,2342,2335,2328,2321,2315,2308,2301,2295,2289,2282,2276,2270,2264,2258,2252,2246,2241,2235,2229,2224,2219,2213,2208,2203,2197,2192,2187,2182,2177,2172,2168,2163,2158,2153,2149,2144,2140,2135,2131,2126,2122,2117,2113,2109,2105,2101,2096,2092,2088,2084,2080,2076,2072,2068,2064,2061,2057,2053,2049,2045,2042,2038,2034,2031,2027,2024,2020,2017,2013,2010,2006,2003,1999,1996,1993,1989,1986,1983,1980,1976,1973,1970,1967,1963,1960,1957,1954,1951,1948,1945,1942,1939,1936,1933,1930,1927,1924,1921,1918,1915,1912,1910,1907,1904,1901,1898,1896,1893,1890,1887,1885,1882,1879,1877,1874,1871,1869,1866,1863,1861,1858,1856,1853,1850,1848,1845,1843,1840,1838,1835,1833,1830,1828,1826,1823,1821,1818,1816,1813,1811,1809,1806,1804,1802,1799,1797,1795,1792,1790,1788,1785,1783,1781,1779,1776,1774,1772,1770,1768,1765,1763,1761,1759,1757,1754,1752,1750,1748,1746,1744,1742,1740,1737,1735,1733,1731,1729,1727,1725,1723,1721,1719,1717,1715,1713,1711,1709,1707,1705,1703,1701,1699,1697,1695,1693,1691,1689,1687,1685,1683,1681,1679,1677,1675,1674,1672,1670,1668,1666,1664,1662,1660,1659,1657,1655,1653,1651,1649,1648,1646,1644,1642,1640,1638,1637,1635,1633,1631,1629,1628,1626,1624,1622,1621,1619,1617,1615,1614,1612,1610,1608,1607,1605,1603,1602,1600,1598,1596,1595,1593,1591,1590,1588,1586,1585,1583,1581,1580,1578,1576,1575,1573,1571,1570,1568,1566,1565,1563,1562,1560,1558,1557,1555,1553,1552,1550,1549,1547,1545,1544,1542,1541,1539,1538,1536,1534,1533,1531,1530,1528,1527,1525,1523,1522,1520,1519,1517,1516,1514,1513,1511,1510,1508,1507,1505,1504,1502,1501,1499,1497,1496,1494,1493,1491,1490,1488,1487,1486,1484,1483,1481,1480,1478,1477,1475,1474,1472,1471,1469,1468,1466,1465,1463,1462,1461,1459,1458,1456,1455,1453,1452,1450,1449,1448,1446,1445,1443,1442,1440,1439,1438,1436,1435,1433,1432,1430,1429,1428,1426,1425,1423,1422,1421,1419,1418,1416,1415,1414,1412,1411,1409,1408,1407,1405,1404,1402,1401,1400,1398,1397,1396,1394,1393,1391,1390,1389,1387,1386,1385,1383,1382,1380,1379,1378,1376,1375,1374,1372,1371,1370,1368,1367,1365,1364,1363,1361,1360,1359,1357,1356,1355,1353,1352,1351,1349,1348,1347,1345,1344,1343,1341,1340,1339,1337,1336,1335,1333,1332,1331,1329,1328,1327,1325,1324,1323,1321,1320,1319,1317,1316,1315,1313,1312,1311,1309,1308,1307,1305,1304,1303,1301,1300,1299,1297,1296,1295,1293,1292,1291,1289,1288,1287,1286,1284,1283,1282,1280,1279,1278,1276,1275,1274,1272,1271,1270,1268,1267,1266,1264,1263,1262,1260,1259,1258,1256,1255,1254,1253,1251,1250,1249,1247,1246,1245,1243,1242,1241,1239,1238,1237,1235,1234,1233,1231,1230,1229,1227,1226,1225,1223,1222,1221,1219,1218,1217,1215,1214,1213,1211,1210,1209,1207,1206,1205,1203,1202,1201,1199,1198,1197,1195,1194,1193,1191,1190,1189,1187,1186,1185,1183,1182,1181,1179,1178,1176,1175,1174,1172,1171,1170,1168,1167,1166,1164,1163,1161,1160,1159,1157,1156,1155,1153,1152,1151,1149,1148,1146,1145,1144,1142,1141,1139,1138,1137,1135,1134,1132,1131,1130,1128,1127,1125,1124,1123,1121,1120,1118,1117,1116,1114,1113,1111,1110,1108,1107,1105,1104,1103,1101,1100,1098,1097,1095,1094,1092,1091,1090,1088,1087,1085,1084,1082,1081,1079,1078,1076,1075,1073,1072,1070,1069,1067,1066,1064,1063,1061,1060,1058,1057,1055,1054,1052,1051,1049,1048,1046,1044,1043,1041,1040,1038,1037,1035,1034,1032,1030,1029,1027,1026,1024,1022,1021,1019,1018,1016,1014,1013,1011,1009,1008,1006,1005,1003,1001,1000,998,996,995,993,991,990,988,986,984,983,981,979,978,976,974,972,971,969,967,965,964,962,960,958,956,955,953,951,949,947,946,944,942,940,938,936,934,933,931,929,927,925,923,921,919,917,915,913,911,909,908,906,904,902,900,897,895,893,891,889,887,885,883,881,879,877,875,872,870,868,866,864,862,859,857,855,853,850,848,846,844,841,839,837,834,832,830,827,825,822,820,818,815,813,810,808,805,803,800,797,795,792,790,787,784,782,779,776,774,771,768,765,762,760,757,754,751,748,745,742,739,736,733,730,727,724,720,717,714,711,707,704,701,697,694,690,687,683,680,676,673,669,665,661,658,654,650,646,642,638,634,630,625,621,617,612,608,604,599,594,590,585,580,575,570,565,560,554,549,544,538,532,527,521,515,509,502,496,489,483,476,469,462,454,447,439,431,423,414,406,397,387,378,368,357,346,335,323,311,298,285,270,255,239,222,203,184,162,138,112,83,50,11,-35,-93,-169,-285,-531]}