{"borders":[994.6288959792116,811.2464293935599,504.216032247857,243.77611363626244,96.3412806595457,30.635858501892525,7.620578669458366],"perfs":[3421,3171,3053,2973,2913,2864,2823,2787,2755,2726,2700,2676,2654,2633,2613,2595,2577,2561,2545,2530,2516,2502,2488,2475,2463,2451,2439,2428,2417,2407,2396,2386,2376,2367,2358,2348,2340,2331,2322,2314,2306,2298,2290,2282,2275,2267,2260,2253,2246,2239,2232,2226,2219,2212,2206,2200,2194,2187,2181,2176,2170,2164,2158,2152,2147,2141,2136,2131,2125,2120,2115,2110,2105,2100,2095,2090,2085,2080,2075,2071,2066,2062,2057,2052,2048,2044,2039,2035,2031,2026,2022,2018,2014,2010,2005,2001,1997,1993,1989,1985,1982,1978,1974,1970,1966,1963,1959,1955,1952,1948,1944,1941,1937,1934,1930,1927,1923,1920,1916,1913,1910,1906,1903,1900,1896,1893,1890,1886,1883,1880,1877,1874,1871,1868,1864,1861,1858,1855,1852,1849,1846,1843,1840,1837,1834,1832,1829,1826,1823,1820,1817,1814,1812,1809,1806,1803,1800,1798,1795,1792,1790,1787,1784,1782,1779,1776,1774,1771,1768,1766,1763,1761,1758,1756,1753,1751,1748,1746,1743,1741,1738,1736,1733,1731,1728,1726,1724,1721,1719,1716,1714,1712,1709,1707,1705,1702,1700,1698,1695,1693,1691,1688,1686,1684,1682,1679,1677,1675,1673,1671,1668,1666,1664,1662,1660,1657,1655,1653,1651,1649,1647,1645,1642,1640,1638,1636,1634,1632,1630,1628,1626,1624,1622,1620,1618,1616,1614,1612,1610,1608,1606,1604,1602,1600,1598,1596,1594,1592,1590,1588,1586,1584,1582,1580,1578,1576,1574,1572,1570,1569,1567,1565,1563,1561,1559,1557,1555,1554,1552,1550,1548,1546,1544,1543,1541,1539,1537,1535,1533,1532,1530,1528,1526,1525,1523,1521,1519,1517,1516,1514,1512,1510,1509,1507,1505,1503,1502,1500,1498,1497,1495,1493,1491,1490,1488,1486,1485,1483,1481,1480,1478,1476,1475,1473,1471,1470,1468,1466,1465,1463,1461,1460,1458,1456,1455,1453,1452,1450,1448,1447,1445,1443,1442,1440,1439,1437,1435,1434,1432,1431,1429,1428,1426,1424,1423,1421,1420,1418,1417,1415,1413,1412,1410,1409,1407,1406,1404,1403,1401,1400,1398,1397,1395,1394,1392,1391,1389,1388,1386,1385,1383,1382,1380,1379,1377,1376,1374,1373,1371,1370,1368,1367,1365,1364,1362,1361,1359,1358,1356,1355,1354,1352,1351,1349,1348,1346,1345,1343,1342,1341,1339,1338,1336,1335,1333,1332,1331,1329,1328,1326,1325,1324,1322,1321,1319,1318,1316,1315,1314,1312,1311,1309,1308,1307,1305,1304,1303,1301,1300,1298,1297,1296,1294,1293,1292,1290,1289,1287,1286,1285,1283,1282,1281,1279,1278,1277,1275,1274,1273,1271,1270,1268,1267,1266,1264,1263,1262,1260,1259,1258,1256,1255,1254,1252,1251,1250,1248,1247,1246,1245,1243,1242,1241,1239,1238,1237,1235,1234,1233,1231,1230,1229,1227,1226,1225,1224,1222,1221,1220,1218,1217,1216,1214,1213,1212,1211,1209,1208,1207,1205,1204,1203,1202,1200,1199,1198,1196,1195,1194,1193,1191,1190,1189,1187,1186,1185,1184,1182,1181,1180,1179,1177,1176,1175,1173,1172,1171,1170,1168,1167,1166,1165,1163,1162,1161,1160,1158,1157,1156,1155,1153,1152,1151,1150,1148,1147,1146,1145,1143,1142,1141,1140,1138,1137,1136,1135,1133,1132,1131,1130,1128,1127,1126,1125,1123,1122,1121,1120,1118,1117,1116,1115,1113,1112,1111,1110,1108,1107,1106,1105,1103,1102,1101,1100,1098,1097,1096,1095,1093,1092,1091,1090,1089,1087,1086,1085,1084,1082,1081,1080,1079,1077,1076,1075,1074,1072,1071,1070,1069,1067,1066,1065,1064,1062,1061,1060,1059,1057,1056,1055,1054,1053,1051,1050,1049,1048,1046,1045,1044,1043,1041,1040,1039,1038,1036,1035,1034,1033,1031,1030,1029,1028,1026,1025,1024,1023,1021,1020,1019,1018,1016,1015,1014,1013,1011,1010,1009,1008,1006,1005,1004,1003,1001,1000,999,998,996,995,994,993,991,990,989,987,986,985,984,982,981,980,979,977,976,975,973,972,971,970,968,967,966,965,963,962,961,959,958,957,956,954,953,952,950,949,948,946,945,944,943,941,940,939,937,936,935,933,932,931,929,928,927,926,924,923,922,920,919,918,916,915,914,912,911,910,908,907,906,904,903,902,900,899,897,896,895,893,892,891,889,888,887,885,884,883,881,880,878,877,876,874,873,871,870,869,867,866,864,863,862,860,859,857,856,855,853,852,850,849,848,846,845,843,842,840,839,837,836,835,833,832,830,829,827,826,824,823,821,820,818,817,815,814,812,811,809,808,806,805,803,802,800,799,797,796,794,793,791,790,788,787,785,783,782,780,779,777,776,774,772,771,769,768,766,764,763,761,760,758,756,755,753,751,750,748,746,745,743,741,740,738,736,735,733,731,730,728,726,724,723,721,719,718,716,714,712,711,709,707,705,703,702,700,698,696,694,693,691,689,687,685,683,682,680,678,676,674,672,670,668,666,664,663,661,659,657,655,653,651,649,647,645,643,641,639,637,635,633,630,628,626,624,622,620,618,616,614,612,609,607,605,603,601,598,596,594,592,589,587,585,583,580,578,576,573,571,569,566,564,561,559,557,554,552,549,547,544,542,539,537,534,532,529,526,524,521,518,516,513,510,508,505,502,499,497,494,491,488,485,482,479,477,474,471,468,465,462,458,455,452,449,446,443,440,436,433,430,426,423,420,416,413,409,406,402,399,395,391,388,384,380,377,373,369,365,361,357,353,349,345,341,336,332,328,323,319,315,310,305,301,296,291,287,282,277,272,267,261,256,251,245,240,234,229,223,217,211,205,199,193,186,180,173,166,159,152,145,137,130,122,114,106,98,89,80,71,62,52,42,32,21,10,-2,-14,-26,-39,-53,-67,-82,-98,-115,-133,-152,-173,-196,-220,-247,-278,-312,-352,-399,-458,-536,-653,-901]}