{"borders":[1091.2213814902773,902.0997967131635,573.9157376461294,277.3192789813373,106.67148920356944,33.90230870288491,8.679875325129947],"perfs":[3459,3209,3090,3010,2949,2900,2858,2822,2790,2761,2735,2710,2688,2667,2647,2629,2611,2594,2578,2563,2549,2535,2521,2508,2496,2484,2472,2461,2450,2439,2429,2418,2409,2399,2390,2381,2372,2363,2355,2346,2338,2330,2322,2315,2307,2300,2293,2286,2279,2272,2265,2258,2252,2246,2239,2233,2227,2221,2215,2209,2203,2198,2192,2187,2181,2176,2170,2165,2160,2155,2150,2145,2140,2135,2130,2125,2121,2116,2111,2107,2102,2098,2093,2089,2085,2080,2076,2072,2068,2064,2060,2056,2051,2048,2044,2040,2036,2032,2028,2024,2021,2017,2013,2010,2006,2002,1999,1995,1992,1988,1985,1981,1978,1975,1971,1968,1965,1961,1958,1955,1952,1948,1945,1942,1939,1936,1933,1930,1927,1924,1921,1918,1915,1912,1909,1906,1903,1900,1897,1894,1892,1889,1886,1883,1880,1878,1875,1872,1869,1867,1864,1861,1859,1856,1853,1851,1848,1846,1843,1840,1838,1835,1833,1830,1828,1825,1823,1820,1818,1816,1813,1811,1808,1806,1803,1801,1799,1796,1794,1792,1789,1787,1785,1782,1780,1778,1776,1773,1771,1769,1767,1764,1762,1760,1758,1756,1753,1751,1749,1747,1745,1743,1741,1738,1736,1734,1732,1730,1728,1726,1724,1722,1720,1718,1716,1714,1711,1709,1707,1705,1703,1701,1699,1697,1696,1694,1692,1690,1688,1686,1684,1682,1680,1678,1676,1674,1672,1670,1669,1667,1665,1663,1661,1659,1657,1655,1654,1652,1650,1648,1646,1644,1643,1641,1639,1637,1635,1634,1632,1630,1628,1627,1625,1623,1621,1620,1618,1616,1614,1613,1611,1609,1607,1606,1604,1602,1601,1599,1597,1595,1594,1592,1590,1589,1587,1585,1584,1582,1580,1579,1577,1575,1574,1572,1571,1569,1567,1566,1564,1562,1561,1559,1558,1556,1554,1553,1551,1550,1548,1547,1545,1543,1542,1540,1539,1537,1536,1534,1532,1531,1529,1528,1526,1525,1523,1522,1520,1519,1517,1516,1514,1513,1511,1510,1508,1507,1505,1504,1502,1501,1499,1498,1496,1495,1493,1492,1490,1489,1487,1486,1484,1483,1481,1480,1479,1477,1476,1474,1473,1471,1470,1468,1467,1466,1464,1463,1461,1460,1458,1457,1456,1454,1453,1451,1450,1449,1447,1446,1444,1443,1442,1440,1439,1437,1436,1435,1433,1432,1431,1429,1428,1426,1425,1424,1422,1421,1420,1418,1417,1416,1414,1413,1412,1410,1409,1407,1406,1405,1403,1402,1401,1399,1398,1397,1395,1394,1393,1391,1390,1389,1388,1386,1385,1384,1382,1381,1380,1378,1377,1376,1374,1373,1372,1371,1369,1368,1367,1365,1364,1363,1362,1360,1359,1358,1356,1355,1354,1353,1351,1350,1349,1347,1346,1345,1344,1342,1341,1340,1339,1337,1336,1335,1334,1332,1331,1330,1329,1327,1326,1325,1324,1322,1321,1320,1319,1317,1316,1315,1314,1312,1311,1310,1309,1307,1306,1305,1304,1302,1301,1300,1299,1298,1296,1295,1294,1293,1291,1290,1289,1288,1287,1285,1284,1283,1282,1281,1279,1278,1277,1276,1274,1273,1272,1271,1270,1268,1267,1266,1265,1264,1262,1261,1260,1259,1258,1256,1255,1254,1253,1252,1250,1249,1248,1247,1246,1245,1243,1242,1241,1240,1239,1237,1236,1235,1234,1233,1232,1230,1229,1228,1227,1226,1224,1223,1222,1221,1220,1219,1217,1216,1215,1214,1213,1212,1210,1209,1208,1207,1206,1205,1203,1202,1201,1200,1199,1198,1196,1195,1194,1193,1192,1191,1189,1188,1187,1186,1185,1184,1182,1181,1180,1179,1178,1177,1176,1174,1173,1172,1171,1170,1169,1167,1166,1165,1164,1163,1162,1161,1159,1158,1157,1156,1155,1154,1152,1151,1150,1149,1148,1147,1146,1144,1143,1142,1141,1140,1139,1138,1136,1135,1134,1133,1132,1131,1129,1128,1127,1126,1125,1124,1123,1121,1120,1119,1118,1117,1116,1115,1113,1112,1111,1110,1109,1108,1107,1105,1104,1103,1102,1101,1100,1099,1097,1096,1095,1094,1093,1092,1090,1089,1088,1087,1086,1085,1084,1082,1081,1080,1079,1078,1077,1076,1074,1073,1072,1071,1070,1069,1067,1066,1065,1064,1063,1062,1061,1059,1058,1057,1056,1055,1054,1052,1051,1050,1049,1048,1047,1046,1044,1043,1042,1041,1040,1039,1037,1036,1035,1034,1033,1032,1030,1029,1028,1027,1026,1025,1023,1022,1021,1020,1019,1018,1016,1015,1014,1013,1012,1010,1009,1008,1007,1006,1005,1003,1002,1001,1000,999,997,996,995,994,993,992,990,989,988,987,986,984,983,982,981,980,978,977,976,975,974,972,971,970,969,968,966,965,964,963,962,960,959,958,957,956,954,953,952,951,949,948,947,946,944,943,942,941,940,938,937,936,935,933,932,931,930,928,927,926,925,923,922,921,920,918,917,916,915,913,912,911,910,908,907,906,904,903,902,901,899,898,897,896,894,893,892,890,889,888,886,885,884,883,881,880,879,877,876,875,873,872,871,869,868,867,865,864,863,861,860,859,857,856,855,853,852,851,849,848,847,845,844,842,841,840,838,837,836,834,833,831,830,829,827,826,824,823,822,820,819,817,816,815,813,812,810,809,807,806,804,803,802,800,799,797,796,794,793,791,790,788,787,785,784,782,781,779,778,776,775,773,772,770,769,767,766,764,763,761,760,758,756,755,753,752,750,749,747,745,744,742,741,739,737,736,734,733,731,729,728,726,724,723,721,719,718,716,714,713,711,709,707,706,704,702,701,699,697,695,694,692,690,688,687,685,683,681,679,678,676,674,672,670,668,667,665,663,661,659,657,655,653,652,650,648,646,644,642,640,638,636,634,632,630,628,626,624,622,620,618,616,614,612,610,607,605,603,601,599,597,595,592,590,588,586,584,581,579,577,575,572,570,568,565,563,561,558,556,554,551,549,546,544,542,539,537,534,532,529,526,524,521,519,516,514,511,508,506,503,500,497,495,492,489,486,483,480,478,475,472,469,466,463,460,457,454,451,447,444,441,438,435,431,428,425,422,418,415,411,408,404,401,397,394,390,386,383,379,375,371,367,363,359,355,351,347,343,339,334,330,326,321,317,312,308,303,298,293,289,284,279,273,268,263,258,252,247,241,235,230,224,218,211,205,199,192,186,179,172,165,158,150,142,135,127,118,110,101,92,83,74,64,54,43,32,21,9,-3,-16,-30,-44,-59,-74,-91,-109,-128,-148,-170,-195,-221,-251,-285,-324,-371,-429,-507,-623,-870]}