{"borders":[965.6730104403908,829.2927840267995,567.2855532151759,297.14918420197586,119.87823267349494,37.32566789192348,9.226042959144687],"perfs":[3471,3221,3103,3024,2964,2915,2874,2838,2807,2778,2752,2729,2707,2686,2667,2649,2632,2616,2601,2586,2572,2558,2546,2533,2521,2510,2498,2488,2477,2467,2457,2447,2438,2429,2420,2411,2403,2394,2386,2378,2371,2363,2356,2348,2341,2334,2327,2320,2314,2307,2301,2295,2288,2282,2276,2270,2264,2259,2253,2247,2242,2236,2231,2226,2220,2215,2210,2205,2200,2195,2190,2185,2181,2176,2171,2167,2162,2158,2153,2149,2144,2140,2136,2131,2127,2123,2119,2115,2111,2107,2103,2099,2095,2091,2087,2083,2079,2076,2072,2068,2065,2061,2057,2054,2050,2047,2043,2040,2036,2033,2029,2026,2023,2019,2016,2013,2009,2006,2003,2000,1996,1993,1990,1987,1984,1981,1978,1975,1972,1968,1965,1962,1960,1957,1954,1951,1948,1945,1942,1939,1936,1933,1931,1928,1925,1922,1919,1917,1914,1911,1909,1906,1903,1900,1898,1895,1893,1890,1887,1885,1882,1880,1877,1874,1872,1869,1867,1864,1862,1859,1857,1854,1852,1849,1847,1845,1842,1840,1837,1835,1833,1830,1828,1825,1823,1821,1818,1816,1814,1811,1809,1807,1805,1802,1800,1798,1796,1793,1791,1789,1787,1784,1782,1780,1778,1776,1773,1771,1769,1767,1765,1763,1761,1758,1756,1754,1752,1750,1748,1746,1744,1742,1740,1738,1735,1733,1731,1729,1727,1725,1723,1721,1719,1717,1715,1713,1711,1709,1707,1705,1703,1701,1699,1697,1696,1694,1692,1690,1688,1686,1684,1682,1680,1678,1676,1674,1673,1671,1669,1667,1665,1663,1661,1659,1658,1656,1654,1652,1650,1648,1647,1645,1643,1641,1639,1637,1636,1634,1632,1630,1628,1627,1625,1623,1621,1620,1618,1616,1614,1612,1611,1609,1607,1605,1604,1602,1600,1599,1597,1595,1593,1592,1590,1588,1587,1585,1583,1581,1580,1578,1576,1575,1573,1571,1570,1568,1566,1565,1563,1561,1560,1558,1556,1555,1553,1551,1550,1548,1546,1545,1543,1541,1540,1538,1537,1535,1533,1532,1530,1529,1527,1525,1524,1522,1521,1519,1517,1516,1514,1513,1511,1509,1508,1506,1505,1503,1502,1500,1498,1497,1495,1494,1492,1491,1489,1487,1486,1484,1483,1481,1480,1478,1477,1475,1474,1472,1470,1469,1467,1466,1464,1463,1461,1460,1458,1457,1455,1454,1452,1451,1449,1448,1446,1445,1443,1442,1440,1439,1437,1436,1434,1433,1431,1430,1428,1427,1425,1424,1422,1421,1419,1418,1416,1415,1414,1412,1411,1409,1408,1406,1405,1403,1402,1400,1399,1397,1396,1395,1393,1392,1390,1389,1387,1386,1384,1383,1382,1380,1379,1377,1376,1374,1373,1371,1370,1369,1367,1366,1364,1363,1361,1360,1359,1357,1356,1354,1353,1351,1350,1349,1347,1346,1344,1343,1342,1340,1339,1337,1336,1335,1333,1332,1330,1329,1327,1326,1325,1323,1322,1320,1319,1318,1316,1315,1313,1312,1311,1309,1308,1306,1305,1304,1302,1301,1300,1298,1297,1295,1294,1293,1291,1290,1288,1287,1286,1284,1283,1281,1280,1279,1277,1276,1275,1273,1272,1270,1269,1268,1266,1265,1264,1262,1261,1259,1258,1257,1255,1254,1253,1251,1250,1248,1247,1246,1244,1243,1242,1240,1239,1237,1236,1235,1233,1232,1231,1229,1228,1226,1225,1224,1222,1221,1220,1218,1217,1215,1214,1213,1211,1210,1209,1207,1206,1205,1203,1202,1200,1199,1198,1196,1195,1194,1192,1191,1189,1188,1187,1185,1184,1183,1181,1180,1178,1177,1176,1174,1173,1172,1170,1169,1167,1166,1165,1163,1162,1161,1159,1158,1156,1155,1154,1152,1151,1150,1148,1147,1145,1144,1143,1141,1140,1139,1137,1136,1134,1133,1132,1130,1129,1128,1126,1125,1123,1122,1121,1119,1118,1116,1115,1114,1112,1111,1109,1108,1107,1105,1104,1102,1101,1100,1098,1097,1095,1094,1093,1091,1090,1088,1087,1086,1084,1083,1081,1080,1079,1077,1076,1074,1073,1072,1070,1069,1067,1066,1064,1063,1062,1060,1059,1057,1056,1054,1053,1052,1050,1049,1047,1046,1044,1043,1042,1040,1039,1037,1036,1034,1033,1031,1030,1029,1027,1026,1024,1023,1021,1020,1018,1017,1015,1014,1012,1011,1009,1008,1006,1005,1004,1002,1001,999,998,996,995,993,992,990,989,987,986,984,983,981,980,978,977,975,973,972,970,969,967,966,964,963,961,960,958,957,955,953,952,950,949,947,946,944,942,941,939,938,936,935,933,931,930,928,927,925,923,922,920,919,917,915,914,912,910,909,907,905,904,902,900,899,897,895,894,892,890,889,887,885,884,882,880,879,877,875,873,872,870,868,867,865,863,861,860,858,856,854,852,851,849,847,845,844,842,840,838,836,834,833,831,829,827,825,823,821,820,818,816,814,812,810,808,806,804,803,801,799,797,795,793,791,789,787,785,783,781,779,777,775,773,771,769,767,765,762,760,758,756,754,752,750,748,746,743,741,739,737,735,732,730,728,726,724,721,719,717,714,712,710,707,705,703,700,698,696,693,691,688,686,684,681,679,676,674,671,669,666,663,661,658,656,653,650,648,645,642,640,637,634,631,629,626,623,620,617,614,612,609,606,603,600,597,594,591,588,584,581,578,575,572,569,565,562,559,555,552,549,545,542,538,535,531,527,524,520,516,513,509,505,501,497,493,489,485,481,477,473,469,464,460,456,451,447,442,438,433,428,423,419,414,409,403,398,393,388,382,377,371,365,360,354,348,342,335,329,323,316,309,302,295,288,281,273,266,258,250,241,233,224,215,206,196,186,176,165,154,143,131,119,106,93,79,64,49,32,15,-3,-23,-44,-67,-93,-120,-151,-186,-226,-274,-334,-412,-530,-779]}