{"borders":[1059.4326627087444,913.2497084409414,623.7288121724591,321.6801199107555,128.97515963637082,42.66222598923526,11.390040432825494],"perfs":[3534,3284,3165,3085,3025,2975,2934,2897,2865,2836,2810,2785,2763,2742,2722,2704,2686,2669,2653,2638,2624,2610,2596,2583,2571,2559,2547,2536,2525,2514,2504,2494,2484,2474,2465,2456,2447,2438,2430,2421,2413,2405,2397,2390,2382,2375,2368,2360,2353,2347,2340,2333,2327,2320,2314,2308,2302,2295,2290,2284,2278,2272,2266,2261,2255,2250,2245,2239,2234,2229,2224,2219,2214,2209,2204,2199,2195,2190,2185,2181,2176,2172,2167,2163,2159,2154,2150,2146,2142,2137,2133,2129,2125,2121,2117,2113,2109,2106,2102,2098,2094,2091,2087,2083,2080,2076,2072,2069,2065,2062,2058,2055,2051,2048,2045,2041,2038,2035,2031,2028,2025,2022,2019,2015,2012,2009,2006,2003,2000,1997,1994,1991,1988,1985,1982,1979,1976,1973,1970,1967,1965,1962,1959,1956,1953,1951,1948,1945,1942,1940,1937,1934,1932,1929,1926,1924,1921,1919,1916,1914,1911,1908,1906,1903,1901,1898,1896,1893,1891,1889,1886,1884,1881,1879,1876,1874,1872,1869,1867,1865,1862,1860,1858,1855,1853,1851,1849,1846,1844,1842,1840,1837,1835,1833,1831,1829,1826,1824,1822,1820,1818,1816,1813,1811,1809,1807,1805,1803,1801,1799,1797,1795,1792,1790,1788,1786,1784,1782,1780,1778,1776,1774,1772,1770,1768,1766,1764,1762,1760,1758,1757,1755,1753,1751,1749,1747,1745,1743,1741,1739,1737,1736,1734,1732,1730,1728,1726,1724,1723,1721,1719,1717,1715,1713,1712,1710,1708,1706,1704,1703,1701,1699,1697,1696,1694,1692,1690,1688,1687,1685,1683,1682,1680,1678,1676,1675,1673,1671,1669,1668,1666,1664,1663,1661,1659,1658,1656,1654,1653,1651,1649,1648,1646,1644,1643,1641,1639,1638,1636,1635,1633,1631,1630,1628,1626,1625,1623,1622,1620,1618,1617,1615,1614,1612,1610,1609,1607,1606,1604,1603,1601,1600,1598,1596,1595,1593,1592,1590,1589,1587,1586,1584,1583,1581,1579,1578,1576,1575,1573,1572,1570,1569,1567,1566,1564,1563,1561,1560,1558,1557,1555,1554,1552,1551,1550,1548,1547,1545,1544,1542,1541,1539,1538,1536,1535,1533,1532,1531,1529,1528,1526,1525,1523,1522,1520,1519,1518,1516,1515,1513,1512,1510,1509,1508,1506,1505,1503,1502,1501,1499,1498,1496,1495,1494,1492,1491,1489,1488,1487,1485,1484,1482,1481,1480,1478,1477,1476,1474,1473,1471,1470,1469,1467,1466,1465,1463,1462,1461,1459,1458,1456,1455,1454,1452,1451,1450,1448,1447,1446,1444,1443,1442,1440,1439,1438,1436,1435,1434,1432,1431,1430,1428,1427,1426,1424,1423,1422,1420,1419,1418,1416,1415,1414,1413,1411,1410,1409,1407,1406,1405,1403,1402,1401,1399,1398,1397,1396,1394,1393,1392,1390,1389,1388,1386,1385,1384,1383,1381,1380,1379,1377,1376,1375,1374,1372,1371,1370,1369,1367,1366,1365,1363,1362,1361,1360,1358,1357,1356,1354,1353,1352,1351,1349,1348,1347,1346,1344,1343,1342,1341,1339,1338,1337,1336,1334,1333,1332,1331,1329,1328,1327,1325,1324,1323,1322,1320,1319,1318,1317,1315,1314,1313,1312,1311,1309,1308,1307,1306,1304,1303,1302,1301,1299,1298,1297,1296,1294,1293,1292,1291,1289,1288,1287,1286,1284,1283,1282,1281,1279,1278,1277,1276,1275,1273,1272,1271,1270,1268,1267,1266,1265,1263,1262,1261,1260,1259,1257,1256,1255,1254,1252,1251,1250,1249,1247,1246,1245,1244,1243,1241,1240,1239,1238,1236,1235,1234,1233,1232,1230,1229,1228,1227,1225,1224,1223,1222,1220,1219,1218,1217,1216,1214,1213,1212,1211,1209,1208,1207,1206,1205,1203,1202,1201,1200,1198,1197,1196,1195,1194,1192,1191,1190,1189,1187,1186,1185,1184,1182,1181,1180,1179,1178,1176,1175,1174,1173,1171,1170,1169,1168,1167,1165,1164,1163,1162,1160,1159,1158,1157,1155,1154,1153,1152,1151,1149,1148,1147,1146,1144,1143,1142,1141,1139,1138,1137,1136,1134,1133,1132,1131,1129,1128,1127,1126,1124,1123,1122,1121,1120,1118,1117,1116,1115,1113,1112,1111,1110,1108,1107,1106,1105,1103,1102,1101,1099,1098,1097,1096,1094,1093,1092,1091,1089,1088,1087,1086,1084,1083,1082,1081,1079,1078,1077,1075,1074,1073,1072,1070,1069,1068,1067,1065,1064,1063,1061,1060,1059,1058,1056,1055,1054,1052,1051,1050,1049,1047,1046,1045,1043,1042,1041,1039,1038,1037,1035,1034,1033,1032,1030,1029,1028,1026,1025,1024,1022,1021,1020,1018,1017,1016,1014,1013,1012,1010,1009,1008,1006,1005,1004,1002,1001,1000,998,997,996,994,993,992,990,989,987,986,985,983,982,981,979,978,977,975,974,972,971,970,968,967,965,964,963,961,960,958,957,956,954,953,951,950,949,947,946,944,943,941,940,939,937,936,934,933,931,930,928,927,925,924,923,921,920,918,917,915,914,912,911,909,908,906,905,903,902,900,899,897,896,894,893,891,890,888,886,885,883,882,880,879,877,876,874,872,871,869,868,866,864,863,861,860,858,856,855,853,852,850,848,847,845,843,842,840,838,837,835,833,832,830,828,827,825,823,821,820,818,816,815,813,811,809,808,806,804,802,800,799,797,795,793,791,790,788,786,784,782,780,779,777,775,773,771,769,767,765,763,762,760,758,756,754,752,750,748,746,744,742,740,738,736,734,732,730,728,726,724,721,719,717,715,713,711,709,707,704,702,700,698,696,693,691,689,687,684,682,680,677,675,673,670,668,666,663,661,658,656,654,651,649,646,644,641,639,636,633,631,628,626,623,620,618,615,612,610,607,604,601,599,596,593,590,587,584,581,578,575,572,569,566,563,560,557,554,551,547,544,541,538,534,531,527,524,521,517,514,510,506,503,499,495,492,488,484,480,476,472,468,464,460,456,452,448,443,439,435,430,426,421,416,412,407,402,397,392,387,382,377,371,366,361,355,349,344,338,332,326,320,313,307,300,293,287,280,272,265,258,250,242,234,226,217,209,200,190,181,171,161,150,140,128,117,104,92,78,65,50,35,19,1,-17,-36,-57,-80,-105,-132,-163,-197,-237,-284,-343,-421,-538,-786]}