{"borders":[886.7790924595519,723.3652763999339,441.3568299681555,209.8752295198806,83.94920282984714,28.244283936399007,8.14724095679751],"perfs":[3485,3227,3101,3014,2947,2893,2846,2806,2769,2737,2707,2680,2655,2631,2609,2588,2569,2550,2532,2516,2500,2484,2469,2455,2441,2428,2415,2403,2391,2379,2368,2357,2346,2336,2326,2316,2306,2297,2288,2279,2270,2261,2253,2245,2236,2228,2221,2213,2205,2198,2191,2184,2177,2170,2163,2156,2149,2143,2137,2130,2124,2118,2112,2106,2100,2094,2088,2083,2077,2071,2066,2060,2055,2050,2045,2039,2034,2029,2024,2019,2014,2009,2005,2000,1995,1990,1986,1981,1977,1972,1968,1963,1959,1954,1950,1946,1942,1937,1933,1929,1925,1921,1917,1913,1909,1905,1901,1897,1893,1890,1886,1882,1878,1874,1871,1867,1863,1860,1856,1853,1849,1846,1842,1839,1835,1832,1828,1825,1822,1818,1815,1812,1808,1805,1802,1799,1795,1792,1789,1786,1783,1780,1777,1774,1770,1767,1764,1761,1758,1755,1752,1750,1747,1744,1741,1738,1735,1732,1729,1726,1724,1721,1718,1715,1712,1710,1707,1704,1702,1699,1696,1693,1691,1688,1686,1683,1680,1678,1675,1672,1670,1667,1665,1662,1660,1657,1655,1652,1650,1647,1645,1642,1640,1637,1635,1633,1630,1628,1625,1623,1621,1618,1616,1614,1611,1609,1607,1604,1602,1600,1597,1595,1593,1591,1588,1586,1584,1582,1579,1577,1575,1573,1571,1568,1566,1564,1562,1560,1558,1555,1553,1551,1549,1547,1545,1543,1541,1539,1537,1534,1532,1530,1528,1526,1524,1522,1520,1518,1516,1514,1512,1510,1508,1506,1504,1502,1500,1498,1496,1494,1492,1490,1488,1487,1485,1483,1481,1479,1477,1475,1473,1471,1469,1467,1466,1464,1462,1460,1458,1456,1454,1453,1451,1449,1447,1445,1443,1442,1440,1438,1436,1434,1433,1431,1429,1427,1425,1424,1422,1420,1418,1417,1415,1413,1411,1410,1408,1406,1404,1403,1401,1399,1398,1396,1394,1392,1391,1389,1387,1386,1384,1382,1381,1379,1377,1376,1374,1372,1371,1369,1367,1366,1364,1362,1361,1359,1357,1356,1354,1352,1351,1349,1348,1346,1344,1343,1341,1340,1338,1336,1335,1333,1332,1330,1328,1327,1325,1324,1322,1321,1319,1317,1316,1314,1313,1311,1310,1308,1307,1305,1303,1302,1300,1299,1297,1296,1294,1293,1291,1290,1288,1287,1285,1284,1282,1281,1279,1278,1276,1275,1273,1272,1270,1269,1267,1266,1264,1263,1261,1260,1258,1257,1255,1254,1252,1251,1249,1248,1246,1245,1244,1242,1241,1239,1238,1236,1235,1233,1232,1230,1229,1228,1226,1225,1223,1222,1220,1219,1218,1216,1215,1213,1212,1210,1209,1208,1206,1205,1203,1202,1201,1199,1198,1196,1195,1193,1192,1191,1189,1188,1186,1185,1184,1182,1181,1179,1178,1177,1175,1174,1172,1171,1170,1168,1167,1166,1164,1163,1161,1160,1159,1157,1156,1155,1153,1152,1150,1149,1148,1146,1145,1144,1142,1141,1139,1138,1137,1135,1134,1133,1131,1130,1128,1127,1126,1124,1123,1122,1120,1119,1118,1116,1115,1114,1112,1111,1109,1108,1107,1105,1104,1103,1101,1100,1099,1097,1096,1095,1093,1092,1090,1089,1088,1086,1085,1084,1082,1081,1080,1078,1077,1076,1074,1073,1072,1070,1069,1068,1066,1065,1063,1062,1061,1059,1058,1057,1055,1054,1053,1051,1050,1049,1047,1046,1045,1043,1042,1041,1039,1038,1036,1035,1034,1032,1031,1030,1028,1027,1026,1024,1023,1022,1020,1019,1018,1016,1015,1013,1012,1011,1009,1008,1007,1005,1004,1003,1001,1000,998,997,996,994,993,992,990,989,987,986,985,983,982,981,979,978,976,975,974,972,971,970,968,967,965,964,963,961,960,958,957,956,954,953,951,950,949,947,946,944,943,942,940,939,937,936,934,933,932,930,929,927,926,924,923,922,920,919,917,916,914,913,912,910,909,907,906,904,903,901,900,898,897,895,894,893,891,890,888,887,885,884,882,881,879,878,876,875,873,872,870,869,867,866,864,863,861,860,858,856,855,853,852,850,849,847,846,844,842,841,839,838,836,835,833,831,830,828,827,825,823,822,820,819,817,815,814,812,810,809,807,806,804,802,801,799,797,796,794,792,791,789,787,785,784,782,780,779,777,775,773,772,770,768,766,765,763,761,759,758,756,754,752,750,749,747,745,743,741,739,738,736,734,732,730,728,726,725,723,721,719,717,715,713,711,709,707,705,703,701,699,697,695,693,691,689,687,685,683,681,679,677,675,673,670,668,666,664,662,660,658,655,653,651,649,647,644,642,640,638,635,633,631,628,626,624,621,619,617,614,612,609,607,604,602,600,597,595,592,589,587,584,582,579,577,574,571,569,566,563,560,558,555,552,549,546,544,541,538,535,532,529,526,523,520,517,514,511,508,505,501,498,495,492,488,485,482,478,475,472,468,465,461,457,454,450,447,443,439,435,431,428,424,420,416,412,407,403,399,395,391,386,382,377,373,368,363,359,354,349,344,339,334,329,324,318,313,308,302,296,291,285,279,273,266,260,254,247,240,234,227,219,212,205,197,189,181,173,164,156,147,137,128,118,108,98,87,76,64,52,39,26,13,-2,-17,-33,-49,-67,-86,-106,-128,-152,-177,-206,-237,-273,-314,-363,-423,-502,-621,-871]}