{"borders":[527.7064593825344,448.8487011950382,304.5946413989981,166.48901339796026,75.07430852014832,27.661173994827976,8.67708943492308],"perfs":[3578,3304,3164,3065,2989,2926,2874,2828,2788,2752,2719,2690,2662,2637,2614,2592,2571,2551,2532,2515,2498,2481,2466,2451,2436,2422,2409,2396,2383,2370,2358,2347,2335,2324,2313,2303,2292,2282,2272,2262,2253,2243,2234,2225,2216,2207,2199,2190,2182,2174,2166,2158,2150,2142,2134,2127,2120,2112,2105,2098,2091,2084,2077,2070,2064,2057,2050,2044,2037,2031,2025,2019,2013,2006,2000,1994,1989,1983,1977,1971,1966,1960,1954,1949,1943,1938,1933,1927,1922,1917,1912,1906,1901,1896,1891,1886,1881,1876,1871,1867,1862,1857,1852,1848,1843,1838,1834,1829,1824,1820,1815,1811,1807,1802,1798,1793,1789,1785,1780,1776,1772,1768,1764,1759,1755,1751,1747,1743,1739,1735,1731,1727,1723,1719,1715,1711,1707,1703,1700,1696,1692,1688,1684,1681,1677,1673,1669,1666,1662,1658,1655,1651,1647,1644,1640,1637,1633,1630,1626,1623,1619,1616,1612,1609,1605,1602,1598,1595,1591,1588,1585,1581,1578,1575,1571,1568,1565,1561,1558,1555,1551,1548,1545,1542,1539,1535,1532,1529,1526,1523,1519,1516,1513,1510,1507,1504,1501,1497,1494,1491,1488,1485,1482,1479,1476,1473,1470,1467,1464,1461,1458,1455,1452,1449,1446,1443,1440,1437,1434,1431,1428,1425,1422,1419,1416,1414,1411,1408,1405,1402,1399,1396,1393,1391,1388,1385,1382,1379,1376,1374,1371,1368,1365,1362,1360,1357,1354,1351,1348,1346,1343,1340,1337,1335,1332,1329,1326,1324,1321,1318,1316,1313,1310,1307,1305,1302,1299,1297,1294,1291,1288,1286,1283,1280,1278,1275,1272,1270,1267,1264,1262,1259,1257,1254,1251,1249,1246,1243,1241,1238,1235,1233,1230,1228,1225,1222,1220,1217,1215,1212,1209,1207,1204,1202,1199,1196,1194,1191,1189,1186,1183,1181,1178,1176,1173,1170,1168,1165,1163,1160,1158,1155,1152,1150,1147,1145,1142,1140,1137,1134,1132,1129,1127,1124,1121,1119,1116,1114,1111,1109,1106,1103,1101,1098,1096,1093,1090,1088,1085,1083,1080,1077,1075,1072,1070,1067,1064,1062,1059,1057,1054,1051,1049,1046,1044,1041,1038,1036,1033,1030,1028,1025,1022,1020,1017,1014,1012,1009,1006,1004,1001,998,996,993,990,988,985,982,979,977,974,971,968,966,963,960,957,955,952,949,946,943,941,938,935,932,929,926,923,921,918,915,912,909,906,903,900,897,894,891,888,885,882,879,876,873,870,867,864,861,858,855,852,849,845,842,839,836,833,829,826,823,820,816,813,810,806,803,799,796,793,789,786,782,779,775,772,768,764,761,757,753,750,746,742,738,735,731,727,723,719,715,711,707,703,699,695,691,686,682,678,674,669,665,660,656,651,647,642,637,633,628,623,618,613,608,603,598,592,587,582,576,571,565,560,554,548,542,536,530,524,517,511,504,498,491,484,477,470,462,455,447,439,431,423,415,406,397,388,379,369,360,349,339,328,317,306,294,281,268,255,240,226,210,194,177,158,139,118,96,71,45,16,-17,-54,-96,-146,-208,-290,-410,-663]}