{"borders":[772.7309284655223,673.5110030197251,474.8981458238114,255.86268118137966,105.02541848854982,34.180805146543356,9.26727704258705],"perfs":[3539,3271,3139,3050,2983,2929,2883,2843,2809,2778,2749,2723,2700,2677,2657,2637,2619,2602,2585,2569,2554,2540,2526,2513,2500,2488,2476,2464,2453,2442,2432,2421,2411,2402,2392,2383,2374,2365,2357,2348,2340,2332,2324,2316,2309,2301,2294,2287,2280,2273,2266,2259,2253,2246,2240,2233,2227,2221,2215,2209,2203,2197,2192,2186,2180,2175,2170,2164,2159,2154,2149,2143,2138,2133,2128,2124,2119,2114,2109,2104,2100,2095,2091,2086,2082,2077,2073,2069,2064,2060,2056,2052,2047,2043,2039,2035,2031,2027,2023,2019,2015,2012,2008,2004,2000,1996,1993,1989,1985,1982,1978,1974,1971,1967,1964,1960,1957,1953,1950,1947,1943,1940,1936,1933,1930,1927,1923,1920,1917,1914,1910,1907,1904,1901,1898,1895,1892,1889,1886,1883,1880,1877,1874,1871,1868,1865,1862,1859,1856,1853,1850,1847,1844,1842,1839,1836,1833,1830,1828,1825,1822,1819,1817,1814,1811,1809,1806,1803,1801,1798,1795,1793,1790,1787,1785,1782,1780,1777,1775,1772,1770,1767,1764,1762,1759,1757,1754,1752,1750,1747,1745,1742,1740,1737,1735,1733,1730,1728,1725,1723,1721,1718,1716,1714,1711,1709,1707,1704,1702,1700,1697,1695,1693,1690,1688,1686,1684,1681,1679,1677,1675,1672,1670,1668,1666,1664,1661,1659,1657,1655,1653,1650,1648,1646,1644,1642,1640,1638,1635,1633,1631,1629,1627,1625,1623,1621,1618,1616,1614,1612,1610,1608,1606,1604,1602,1600,1598,1596,1594,1592,1589,1587,1585,1583,1581,1579,1577,1575,1573,1571,1569,1567,1565,1563,1561,1559,1557,1555,1553,1551,1549,1547,1545,1544,1542,1540,1538,1536,1534,1532,1530,1528,1526,1524,1522,1520,1518,1516,1514,1513,1511,1509,1507,1505,1503,1501,1499,1497,1495,1494,1492,1490,1488,1486,1484,1482,1480,1479,1477,1475,1473,1471,1469,1467,1466,1464,1462,1460,1458,1456,1454,1453,1451,1449,1447,1445,1443,1442,1440,1438,1436,1434,1432,1431,1429,1427,1425,1423,1422,1420,1418,1416,1414,1413,1411,1409,1407,1405,1404,1402,1400,1398,1396,1395,1393,1391,1389,1387,1386,1384,1382,1380,1379,1377,1375,1373,1371,1370,1368,1366,1364,1363,1361,1359,1357,1356,1354,1352,1350,1348,1347,1345,1343,1341,1340,1338,1336,1334,1333,1331,1329,1327,1326,1324,1322,1320,1319,1317,1315,1313,1312,1310,1308,1306,1305,1303,1301,1299,1298,1296,1294,1292,1291,1289,1287,1285,1284,1282,1280,1278,1277,1275,1273,1271,1270,1268,1266,1264,1263,1261,1259,1257,1256,1254,1252,1251,1249,1247,1245,1244,1242,1240,1238,1237,1235,1233,1231,1230,1228,1226,1224,1223,1221,1219,1217,1216,1214,1212,1210,1209,1207,1205,1203,1202,1200,1198,1196,1195,1193,1191,1189,1188,1186,1184,1182,1180,1179,1177,1175,1173,1172,1170,1168,1166,1165,1163,1161,1159,1157,1156,1154,1152,1150,1149,1147,1145,1143,1141,1140,1138,1136,1134,1133,1131,1129,1127,1125,1124,1122,1120,1118,1116,1114,1113,1111,1109,1107,1105,1104,1102,1100,1098,1096,1094,1093,1091,1089,1087,1085,1083,1082,1080,1078,1076,1074,1072,1071,1069,1067,1065,1063,1061,1059,1057,1056,1054,1052,1050,1048,1046,1044,1042,1040,1039,1037,1035,1033,1031,1029,1027,1025,1023,1021,1019,1017,1016,1014,1012,1010,1008,1006,1004,1002,1000,998,996,994,992,990,988,986,984,982,980,978,976,974,972,970,968,966,964,962,960,958,955,953,951,949,947,945,943,941,939,937,935,932,930,928,926,924,922,920,917,915,913,911,909,906,904,902,900,898,895,893,891,889,886,884,882,879,877,875,873,870,868,866,863,861,859,856,854,851,849,847,844,842,839,837,834,832,829,827,824,822,819,817,814,812,809,807,804,801,799,796,793,791,788,785,783,780,777,775,772,769,766,763,761,758,755,752,749,746,743,740,737,734,731,728,725,722,719,716,713,710,707,703,700,697,694,690,687,684,680,677,674,670,667,663,660,656,652,649,645,641,638,634,630,626,622,619,615,611,607,603,598,594,590,586,581,577,573,568,564,559,555,550,545,540,535,530,525,520,515,510,505,499,494,488,482,477,471,465,459,452,446,440,433,426,420,413,405,398,390,383,375,367,358,350,341,332,323,313,303,293,282,271,260,248,235,222,208,194,179,163,146,128,108,87,65,40,13,-18,-53,-93,-140,-199,-278,-395,-643]}