{"borders":[1390.0106976332727,1159.3173451214254,753.0000000000015,346.68265487857525,115.9893023667227,31.292952194501385,7.640192920437017],"perfs":[3452,3194,3069,2984,2920,2868,2825,2787,2754,2724,2697,2673,2650,2629,2610,2592,2575,2558,2543,2528,2515,2501,2489,2476,2465,2453,2443,2432,2422,2412,2403,2394,2385,2376,2367,2359,2351,2343,2336,2328,2321,2314,2307,2300,2294,2287,2281,2274,2268,2262,2256,2250,2245,2239,2234,2228,2223,2218,2212,2207,2202,2197,2192,2188,2183,2178,2174,2169,2165,2160,2156,2151,2147,2143,2139,2135,2131,2127,2123,2119,2115,2111,2107,2103,2100,2096,2092,2089,2085,2082,2078,2075,2071,2068,2064,2061,2058,2055,2051,2048,2045,2042,2039,2035,2032,2029,2026,2023,2020,2017,2014,2011,2009,2006,2003,2000,1997,1994,1992,1989,1986,1983,1981,1978,1975,1973,1970,1968,1965,1962,1960,1957,1955,1952,1950,1947,1945,1942,1940,1938,1935,1933,1930,1928,1926,1923,1921,1919,1916,1914,1912,1910,1907,1905,1903,1901,1899,1896,1894,1892,1890,1888,1886,1883,1881,1879,1877,1875,1873,1871,1869,1867,1865,1863,1861,1859,1857,1855,1853,1851,1849,1847,1845,1843,1841,1839,1837,1835,1834,1832,1830,1828,1826,1824,1822,1821,1819,1817,1815,1813,1812,1810,1808,1806,1804,1803,1801,1799,1797,1796,1794,1792,1790,1789,1787,1785,1784,1782,1780,1779,1777,1775,1774,1772,1770,1769,1767,1765,1764,1762,1760,1759,1757,1756,1754,1752,1751,1749,1748,1746,1745,1743,1741,1740,1738,1737,1735,1734,1732,1731,1729,1728,1726,1725,1723,1722,1720,1719,1717,1716,1714,1713,1711,1710,1708,1707,1705,1704,1703,1701,1700,1698,1697,1695,1694,1692,1691,1690,1688,1687,1685,1684,1683,1681,1680,1678,1677,1676,1674,1673,1672,1670,1669,1668,1666,1665,1663,1662,1661,1659,1658,1657,1655,1654,1653,1651,1650,1649,1648,1646,1645,1644,1642,1641,1640,1638,1637,1636,1635,1633,1632,1631,1629,1628,1627,1626,1624,1623,1622,1621,1619,1618,1617,1616,1614,1613,1612,1611,1609,1608,1607,1606,1604,1603,1602,1601,1600,1598,1597,1596,1595,1594,1592,1591,1590,1589,1588,1586,1585,1584,1583,1582,1580,1579,1578,1577,1576,1575,1573,1572,1571,1570,1569,1568,1566,1565,1564,1563,1562,1561,1560,1558,1557,1556,1555,1554,1553,1552,1550,1549,1548,1547,1546,1545,1544,1543,1541,1540,1539,1538,1537,1536,1535,1534,1532,1531,1530,1529,1528,1527,1526,1525,1524,1523,1522,1520,1519,1518,1517,1516,1515,1514,1513,1512,1511,1510,1509,1507,1506,1505,1504,1503,1502,1501,1500,1499,1498,1497,1496,1495,1494,1493,1492,1490,1489,1488,1487,1486,1485,1484,1483,1482,1481,1480,1479,1478,1477,1476,1475,1474,1473,1472,1471,1470,1469,1468,1467,1466,1465,1464,1463,1461,1460,1459,1458,1457,1456,1455,1454,1453,1452,1451,1450,1449,1448,1447,1446,1445,1444,1443,1442,1441,1440,1439,1438,1437,1436,1435,1434,1433,1432,1431,1430,1429,1428,1427,1426,1425,1424,1423,1422,1422,1421,1420,1419,1418,1417,1416,1415,1414,1413,1412,1411,1410,1409,1408,1407,1406,1405,1404,1403,1402,1401,1400,1399,1398,1397,1396,1395,1394,1393,1392,1391,1391,1390,1389,1388,1387,1386,1385,1384,1383,1382,1381,1380,1379,1378,1377,1376,1375,1374,1373,1372,1372,1371,1370,1369,1368,1367,1366,1365,1364,1363,1362,1361,1360,1359,1358,1357,1356,1356,1355,1354,1353,1352,1351,1350,1349,1348,1347,1346,1345,1344,1343,1343,1342,1341,1340,1339,1338,1337,1336,1335,1334,1333,1332,1331,1331,1330,1329,1328,1327,1326,1325,1324,1323,1322,1321,1320,1320,1319,1318,1317,1316,1315,1314,1313,1312,1311,1310,1309,1309,1308,1307,1306,1305,1304,1303,1302,1301,1300,1299,1299,1298,1297,1296,1295,1294,1293,1292,1291,1290,1289,1289,1288,1287,1286,1285,1284,1283,1282,1281,1280,1280,1279,1278,1277,1276,1275,1274,1273,1272,1271,1271,1270,1269,1268,1267,1266,1265,1264,1263,1262,1262,1261,1260,1259,1258,1257,1256,1255,1254,1254,1253,1252,1251,1250,1249,1248,1247,1246,1245,1245,1244,1243,1242,1241,1240,1239,1238,1237,1237,1236,1235,1234,1233,1232,1231,1230,1229,1228,1228,1227,1226,1225,1224,1223,1222,1221,1220,1220,1219,1218,1217,1216,1215,1214,1213,1212,1212,1211,1210,1209,1208,1207,1206,1205,1204,1204,1203,1202,1201,1200,1199,1198,1197,1196,1196,1195,1194,1193,1192,1191,1190,1189,1188,1188,1187,1186,1185,1184,1183,1182,1181,1180,1180,1179,1178,1177,1176,1175,1174,1173,1172,1172,1171,1170,1169,1168,1167,1166,1165,1164,1163,1163,1162,1161,1160,1159,1158,1157,1156,1155,1155,1154,1153,1152,1151,1150,1149,1148,1147,1146,1146,1145,1144,1143,1142,1141,1140,1139,1138,1138,1137,1136,1135,1134,1133,1132,1131,1130,1129,1129,1128,1127,1126,1125,1124,1123,1122,1121,1120,1120,1119,1118,1117,1116,1115,1114,1113,1112,1111,1111,1110,1109,1108,1107,1106,1105,1104,1103,1102,1101,1101,1100,1099,1098,1097,1096,1095,1094,1093,1092,1091,1091,1090,1089,1088,1087,1086,1085,1084,1083,1082,1081,1080,1080,1079,1078,1077,1076,1075,1074,1073,1072,1071,1070,1069,1069,1068,1067,1066,1065,1064,1063,1062,1061,1060,1059,1058,1057,1057,1056,1055,1054,1053,1052,1051,1050,1049,1048,1047,1046,1045,1044,1044,1043,1042,1041,1040,1039,1038,1037,1036,1035,1034,1033,1032,1031,1030,1029,1028,1028,1027,1026,1025,1024,1023,1022,1021,1020,1019,1018,1017,1016,1015,1014,1013,1012,1011,1010,1009,1009,1008,1007,1006,1005,1004,1003,1002,1001,1000,999,998,997,996,995,994,993,992,991,990,989,988,987,986,985,984,983,982,981,980,979,978,978,977,976,975,974,973,972,971,970,969,968,967,966,965,964,963,962,961,960,959,958,957,956,955,954,953,952,951,950,949,948,947,946,945,944,943,942,941,940,939,937,936,935,934,933,932,931,930,929,928,927,926,925,924,923,922,921,920,919,918,917,916,915,914,913,912,911,910,908,907,906,905,904,903,902,901,900,899,898,897,896,895,894,893,891,890,889,888,887,886,885,884,883,882,881,880,878,877,876,875,874,873,872,871,870,869,868,866,865,864,863,862,861,860,859,857,856,855,854,853,852,851,850,848,847,846,845,844,843,842,840,839,838,837,836,835,834,832,831,830,829,828,827,825,824,823,822,821,820,818,817,816,815,814,812,811,810,809,808,806,805,804,803,802,800,799,798,797,796,794,793,792,791,789,788,787,786,784,783,782,781,779,778,777,776,774,773,772,771,769,768,767,765,764,763,762,760,759,758,756,755,754,752,751,750,749,747,746,745,743,742,741,739,738,737,735,734,732,731,730,728,727,726,724,723,722,720,719,717,716,715,713,712,710,709,708,706,705,703,702,700,699,697,696,695,693,692,690,689,687,686,684,683,681,680,678,677,675,674,672,671,669,668,666,665,663,662,660,659,657,655,654,652,651,649,648,646,644,643,641,640,638,636,635,633,631,630,628,626,625,623,621,620,618,616,615,613,611,610,608,606,604,603,601,599,597,596,594,592,590,588,587,585,583,581,579,578,576,574,572,570,568,566,565,563,561,559,557,555,553,551,549,547,545,543,541,539,537,535,533,531,529,527,525,523,521,519,517,514,512,510,508,506,504,501,499,497,495,493,490,488,486,484,481,479,477,474,472,470,467,465,462,460,458,455,453,450,448,445,443,440,438,435,432,430,427,425,422,419,417,414,411,408,406,403,400,397,394,391,389,386,383,380,377,374,371,368,365,361,358,355,352,349,345,342,339,336,332,329,325,322,318,315,311,308,304,300,297,293,289,285,281,277,273,269,265,261,257,253,249,244,240,235,231,226,222,217,212,208,203,198,193,188,182,177,172,166,161,155,150,144,138,132,126,119,113,106,100,93,86,79,72,64,57,49,41,33,24,15,6,-3,-12,-22,-32,-43,-53,-65,-76,-89,-101,-115,-128,-143,-158,-175,-192,-210,-229,-250,-273,-297,-324,-354,-387,-425,-468,-520,-584,-669,-794,-1052]}