{"borders":[732.0478761522904,526.1169279220697,277.2014644590992,84.75276629829412,19.240544616238125,4.135662082436967,1.1365229890424753],"perfs":[2854,2605,2487,2409,2350,2302,2262,2227,2197,2169,2145,2122,2102,2083,2065,2048,2032,2017,2003,1990,1977,1965,1953,1942,1932,1921,1911,1902,1893,1884,1875,1866,1858,1850,1843,1835,1828,1821,1814,1807,1800,1794,1788,1781,1775,1769,1764,1758,1752,1747,1741,1736,1731,1726,1721,1716,1711,1706,1702,1697,1692,1688,1684,1679,1675,1671,1666,1662,1658,1654,1650,1646,1642,1639,1635,1631,1627,1624,1620,1616,1613,1609,1606,1603,1599,1596,1592,1589,1586,1583,1579,1576,1573,1570,1567,1564,1561,1558,1555,1552,1549,1546,1543,1540,1538,1535,1532,1529,1526,1524,1521,1518,1516,1513,1510,1508,1505,1502,1500,1497,1495,1492,1490,1487,1485,1482,1480,1477,1475,1473,1470,1468,1466,1463,1461,1459,1456,1454,1452,1449,1447,1445,1443,1440,1438,1436,1434,1432,1429,1427,1425,1423,1421,1419,1417,1414,1412,1410,1408,1406,1404,1402,1400,1398,1396,1394,1392,1390,1388,1386,1384,1382,1380,1378,1376,1374,1372,1370,1368,1366,1364,1362,1361,1359,1357,1355,1353,1351,1349,1347,1346,1344,1342,1340,1338,1336,1335,1333,1331,1329,1327,1326,1324,1322,1320,1318,1317,1315,1313,1311,1310,1308,1306,1304,1303,1301,1299,1297,1296,1294,1292,1290,1289,1287,1285,1284,1282,1280,1279,1277,1275,1273,1272,1270,1268,1267,1265,1263,1262,1260,1258,1257,1255,1253,1252,1250,1249,1247,1245,1244,1242,1240,1239,1237,1236,1234,1232,1231,1229,1227,1226,1224,1223,1221,1219,1218,1216,1215,1213,1211,1210,1208,1207,1205,1203,1202,1200,1199,1197,1196,1194,1192,1191,1189,1188,1186,1185,1183,1181,1180,1178,1177,1175,1174,1172,1170,1169,1167,1166,1164,1163,1161,1160,1158,1157,1155,1153,1152,1150,1149,1147,1146,1144,1143,1141,1139,1138,1136,1135,1133,1132,1130,1129,1127,1126,1124,1123,1121,1119,1118,1116,1115,1113,1112,1110,1109,1107,1106,1104,1102,1101,1099,1098,1096,1095,1093,1092,1090,1089,1087,1086,1084,1082,1081,1079,1078,1076,1075,1073,1072,1070,1069,1067,1065,1064,1062,1061,1059,1058,1056,1055,1053,1052,1050,1048,1047,1045,1044,1042,1041,1039,1038,1036,1034,1033,1031,1030,1028,1027,1025,1024,1022,1020,1019,1017,1016,1014,1013,1011,1009,1008,1006,1005,1003,1002,1000,998,997,995,994,992,990,989,987,986,984,983,981,979,978,976,975,973,971,970,968,967,965,963,962,960,959,957,955,954,952,950,949,947,946,944,942,941,939,938,936,934,933,931,929,928,926,924,923,921,920,918,916,915,913,911,910,908,906,905,903,901,900,898,896,895,893,891,890,888,886,885,883,881,880,878,876,874,873,871,869,868,866,864,863,861,859,858,856,854,852,851,849,847,846,844,842,840,839,837,835,833,832,830,828,827,825,823,821,820,818,816,814,813,811,809,807,805,804,802,800,798,797,795,793,791,790,788,786,784,782,781,779,777,775,774,772,770,768,766,765,763,761,759,757,755,754,752,750,748,746,745,743,741,739,737,735,734,732,730,728,726,724,723,721,719,717,715,713,711,710,708,706,704,702,700,698,697,695,693,691,689,687,685,683,682,680,678,676,674,672,670,668,667,665,663,661,659,657,655,653,651,649,647,646,644,642,640,638,636,634,632,630,628,626,624,623,621,619,617,615,613,611,609,607,605,603,601,599,597,595,593,591,589,587,586,584,582,580,578,576,574,572,570,568,566,564,562,560,558,556,554,552,550,548,546,544,542,540,538,536,534,532,530,528,526,524,522,520,518,516,514,512,510,508,506,504,502,500,498,496,494,492,490,487,485,483,481,479,477,475,473,471,469,467,465,463,461,459,457,455,453,450,448,446,444,442,440,438,436,434,432,430,428,425,423,421,419,417,415,413,411,409,406,404,402,400,398,396,394,392,389,387,385,383,381,379,377,374,372,370,368,366,364,362,359,357,355,353,351,349,346,344,342,340,338,335,333,331,329,327,324,322,320,318,316,313,311,309,307,304,302,300,298,296,293,291,289,287,284,282,280,277,275,273,271,268,266,264,262,259,257,255,252,250,248,245,243,241,238,236,234,231,229,227,224,222,220,217,215,213,210,208,206,203,201,198,196,194,191,189,186,184,182,179,177,174,172,169,167,164,162,160,157,155,152,150,147,145,142,140,137,135,132,130,127,124,122,119,117,114,112,109,107,104,101,99,96,94,91,88,86,83,80,78,75,73,70,67,65,62,59,56,54,51,48,46,43,40,37,35,32,29,26,23,21,18,15,12,9,6,4,1,-2,-5,-8,-11,-14,-17,-20,-22,-25,-28,-31,-34,-37,-40,-43,-46,-49,-52,-55,-59,-62,-65,-68,-71,-74,-77,-80,-83,-87,-90,-93,-96,-99,-103,-106,-109,-112,-116,-119,-122,-126,-129,-132,-136,-139,-143,-146,-150,-153,-156,-160,-164,-167,-171,-174,-178,-181,-185,-189,-192,-196,-200,-203,-207,-211,-215,-219,-222,-226,-230,-234,-238,-242,-246,-250,-254,-258,-262,-266,-270,-275,-279,-283,-287,-292,-296,-300,-305,-309,-314,-318,-323,-327,-332,-336,-341,-346,-351,-355,-360,-365,-370,-375,-380,-385,-390,-396,-401,-406,-412,-417,-422,-428,-434,-439,-445,-451,-457,-463,-469,-475,-481,-487,-494,-500,-507,-513,-520,-527,-534,-541,-548,-555,-563,-570,-578,-586,-594,-602,-610,-619,-627,-636,-645,-655,-664,-674,-684,-694,-704,-715,-726,-738,-750,-762,-775,-788,-801,-816,-831,-846,-862,-879,-898,-917,-937,-959,-983,-1008,-1036,-1068,-1103,-1144,-1192,-1251,-1330,-1448,-1696]}