{"borders":[1003.8586084311399,856.6436768306982,573.2713916094569,296.7103672516135,120.46692578072727,38.70024173798419,10.119501500493039],"perfs":[3505,3254,3135,3054,2993,2944,2902,2865,2833,2803,2777,2752,2730,2708,2689,2670,2652,2635,2620,2604,2590,2576,2562,2549,2537,2525,2513,2502,2491,2481,2471,2461,2451,2441,2432,2423,2414,2406,2398,2389,2381,2373,2366,2358,2351,2344,2337,2330,2323,2316,2309,2303,2296,2290,2284,2278,2272,2266,2260,2254,2249,2243,2238,2232,2227,2221,2216,2211,2206,2201,2196,2191,2186,2181,2176,2172,2167,2162,2158,2153,2149,2144,2140,2136,2131,2127,2123,2119,2115,2110,2106,2102,2098,2094,2090,2087,2083,2079,2075,2071,2068,2064,2060,2057,2053,2049,2046,2042,2039,2035,2032,2028,2025,2021,2018,2015,2011,2008,2005,2002,1998,1995,1992,1989,1985,1982,1979,1976,1973,1970,1967,1964,1961,1958,1955,1952,1949,1946,1943,1940,1937,1934,1932,1929,1926,1923,1920,1918,1915,1912,1909,1907,1904,1901,1898,1896,1893,1890,1888,1885,1883,1880,1877,1875,1872,1870,1867,1865,1862,1860,1857,1855,1852,1850,1847,1845,1842,1840,1837,1835,1833,1830,1828,1825,1823,1821,1818,1816,1814,1811,1809,1807,1804,1802,1800,1798,1795,1793,1791,1789,1786,1784,1782,1780,1778,1775,1773,1771,1769,1767,1764,1762,1760,1758,1756,1754,1752,1750,1747,1745,1743,1741,1739,1737,1735,1733,1731,1729,1727,1725,1723,1721,1719,1717,1715,1713,1711,1709,1707,1705,1703,1701,1699,1697,1695,1693,1691,1689,1687,1685,1683,1681,1679,1677,1676,1674,1672,1670,1668,1666,1664,1662,1661,1659,1657,1655,1653,1651,1649,1648,1646,1644,1642,1640,1638,1637,1635,1633,1631,1629,1628,1626,1624,1622,1621,1619,1617,1615,1613,1612,1610,1608,1606,1605,1603,1601,1599,1598,1596,1594,1593,1591,1589,1587,1586,1584,1582,1581,1579,1577,1576,1574,1572,1571,1569,1567,1566,1564,1562,1561,1559,1557,1556,1554,1552,1551,1549,1547,1546,1544,1543,1541,1539,1538,1536,1534,1533,1531,1530,1528,1526,1525,1523,1522,1520,1518,1517,1515,1514,1512,1511,1509,1507,1506,1504,1503,1501,1500,1498,1497,1495,1493,1492,1490,1489,1487,1486,1484,1483,1481,1480,1478,1477,1475,1474,1472,1470,1469,1467,1466,1464,1463,1461,1460,1458,1457,1455,1454,1452,1451,1449,1448,1447,1445,1444,1442,1441,1439,1438,1436,1435,1433,1432,1430,1429,1427,1426,1424,1423,1422,1420,1419,1417,1416,1414,1413,1411,1410,1409,1407,1406,1404,1403,1401,1400,1399,1397,1396,1394,1393,1391,1390,1389,1387,1386,1384,1383,1382,1380,1379,1377,1376,1374,1373,1372,1370,1369,1367,1366,1365,1363,1362,1361,1359,1358,1356,1355,1354,1352,1351,1349,1348,1347,1345,1344,1343,1341,1340,1338,1337,1336,1334,1333,1332,1330,1329,1327,1326,1325,1323,1322,1321,1319,1318,1317,1315,1314,1313,1311,1310,1309,1307,1306,1304,1303,1302,1300,1299,1298,1296,1295,1294,1292,1291,1290,1288,1287,1286,1284,1283,1282,1280,1279,1278,1276,1275,1274,1272,1271,1270,1268,1267,1266,1264,1263,1262,1261,1259,1258,1257,1255,1254,1253,1251,1250,1249,1247,1246,1245,1243,1242,1241,1239,1238,1237,1236,1234,1233,1232,1230,1229,1228,1226,1225,1224,1222,1221,1220,1219,1217,1216,1215,1213,1212,1211,1209,1208,1207,1206,1204,1203,1202,1200,1199,1198,1196,1195,1194,1193,1191,1190,1189,1187,1186,1185,1183,1182,1181,1180,1178,1177,1176,1174,1173,1172,1171,1169,1168,1167,1165,1164,1163,1161,1160,1159,1158,1156,1155,1154,1152,1151,1150,1149,1147,1146,1145,1143,1142,1141,1139,1138,1137,1136,1134,1133,1132,1130,1129,1128,1127,1125,1124,1123,1121,1120,1119,1117,1116,1115,1114,1112,1111,1110,1108,1107,1106,1104,1103,1102,1101,1099,1098,1097,1095,1094,1093,1091,1090,1089,1087,1086,1085,1084,1082,1081,1080,1078,1077,1076,1074,1073,1072,1070,1069,1068,1066,1065,1064,1062,1061,1060,1059,1057,1056,1055,1053,1052,1051,1049,1048,1047,1045,1044,1043,1041,1040,1039,1037,1036,1035,1033,1032,1031,1029,1028,1027,1025,1024,1022,1021,1020,1018,1017,1016,1014,1013,1012,1010,1009,1008,1006,1005,1003,1002,1001,999,998,997,995,994,993,991,990,988,987,986,984,983,981,980,979,977,976,974,973,972,970,969,967,966,965,963,962,960,959,958,956,955,953,952,950,949,948,946,945,943,942,940,939,937,936,935,933,932,930,929,927,926,924,923,921,920,918,917,915,914,912,911,909,908,906,905,903,902,900,899,897,896,894,893,891,890,888,887,885,884,882,880,879,877,876,874,873,871,869,868,866,865,863,862,860,858,857,855,853,852,850,849,847,845,844,842,840,839,837,835,834,832,830,829,827,825,824,822,820,819,817,815,813,812,810,808,806,805,803,801,799,798,796,794,792,790,789,787,785,783,781,780,778,776,774,772,770,768,766,765,763,761,759,757,755,753,751,749,747,745,743,741,739,737,735,733,731,729,727,725,723,721,719,717,715,713,711,708,706,704,702,700,698,696,693,691,689,687,684,682,680,678,675,673,671,668,666,664,661,659,657,654,652,649,647,644,642,639,637,634,632,629,627,624,621,619,616,613,611,608,605,603,600,597,594,591,589,586,583,580,577,574,571,568,565,562,559,556,552,549,546,543,540,536,533,530,526,523,519,516,512,509,505,501,498,494,490,487,483,479,475,471,467,463,459,454,450,446,441,437,433,428,423,419,414,409,404,399,394,389,384,379,373,368,362,356,351,345,339,332,326,320,313,306,299,292,285,278,270,262,254,246,238,229,220,211,201,191,181,170,159,147,135,123,109,96,81,66,49,32,13,-6,-28,-51,-77,-105,-136,-172,-213,-262,-323,-403,-522,-773]}