{"borders":[1125.5502635547423,953.8627867660034,633.7069870410064,321.50330876367263,127.14585129177873,40.60744223505621,10.452250949455173],"perfs":[3508,3258,3139,3060,2999,2950,2909,2873,2841,2812,2786,2762,2740,2719,2699,2681,2664,2647,2632,2617,2603,2589,2576,2563,2551,2539,2527,2516,2506,2495,2485,2475,2466,2456,2447,2438,2430,2421,2413,2405,2397,2389,2382,2374,2367,2360,2353,2346,2339,2332,2326,2319,2313,2307,2300,2294,2288,2282,2277,2271,2265,2260,2254,2249,2244,2238,2233,2228,2223,2218,2213,2208,2203,2199,2194,2189,2185,2180,2175,2171,2167,2162,2158,2154,2149,2145,2141,2137,2133,2129,2125,2121,2117,2113,2109,2105,2102,2098,2094,2090,2087,2083,2079,2076,2072,2069,2065,2062,2058,2055,2052,2048,2045,2042,2038,2035,2032,2028,2025,2022,2019,2016,2013,2010,2007,2003,2000,1997,1994,1991,1988,1986,1983,1980,1977,1974,1971,1968,1965,1963,1960,1957,1954,1952,1949,1946,1943,1941,1938,1935,1933,1930,1928,1925,1922,1920,1917,1915,1912,1910,1907,1905,1902,1900,1897,1895,1892,1890,1887,1885,1883,1880,1878,1875,1873,1871,1868,1866,1864,1861,1859,1857,1855,1852,1850,1848,1846,1843,1841,1839,1837,1835,1832,1830,1828,1826,1824,1822,1819,1817,1815,1813,1811,1809,1807,1805,1803,1800,1798,1796,1794,1792,1790,1788,1786,1784,1782,1780,1778,1776,1774,1772,1770,1768,1766,1764,1762,1761,1759,1757,1755,1753,1751,1749,1747,1745,1743,1741,1740,1738,1736,1734,1732,1730,1728,1727,1725,1723,1721,1719,1717,1716,1714,1712,1710,1708,1707,1705,1703,1701,1700,1698,1696,1694,1693,1691,1689,1687,1686,1684,1682,1680,1679,1677,1675,1674,1672,1670,1669,1667,1665,1663,1662,1660,1658,1657,1655,1653,1652,1650,1649,1647,1645,1644,1642,1640,1639,1637,1636,1634,1632,1631,1629,1627,1626,1624,1623,1621,1620,1618,1616,1615,1613,1612,1610,1609,1607,1605,1604,1602,1601,1599,1598,1596,1595,1593,1592,1590,1589,1587,1585,1584,1582,1581,1579,1578,1576,1575,1573,1572,1570,1569,1567,1566,1564,1563,1562,1560,1559,1557,1556,1554,1553,1551,1550,1548,1547,1545,1544,1543,1541,1540,1538,1537,1535,1534,1533,1531,1530,1528,1527,1525,1524,1523,1521,1520,1518,1517,1516,1514,1513,1511,1510,1509,1507,1506,1504,1503,1502,1500,1499,1497,1496,1495,1493,1492,1491,1489,1488,1486,1485,1484,1482,1481,1480,1478,1477,1476,1474,1473,1472,1470,1469,1468,1466,1465,1464,1462,1461,1460,1458,1457,1456,1454,1453,1452,1450,1449,1448,1446,1445,1444,1442,1441,1440,1439,1437,1436,1435,1433,1432,1431,1429,1428,1427,1426,1424,1423,1422,1420,1419,1418,1417,1415,1414,1413,1411,1410,1409,1408,1406,1405,1404,1403,1401,1400,1399,1397,1396,1395,1394,1392,1391,1390,1389,1387,1386,1385,1384,1382,1381,1380,1379,1377,1376,1375,1374,1372,1371,1370,1369,1368,1366,1365,1364,1363,1361,1360,1359,1358,1356,1355,1354,1353,1352,1350,1349,1348,1347,1345,1344,1343,1342,1341,1339,1338,1337,1336,1335,1333,1332,1331,1330,1329,1327,1326,1325,1324,1323,1321,1320,1319,1318,1317,1315,1314,1313,1312,1311,1309,1308,1307,1306,1305,1303,1302,1301,1300,1299,1297,1296,1295,1294,1293,1292,1290,1289,1288,1287,1286,1284,1283,1282,1281,1280,1279,1277,1276,1275,1274,1273,1272,1270,1269,1268,1267,1266,1264,1263,1262,1261,1260,1259,1257,1256,1255,1254,1253,1252,1250,1249,1248,1247,1246,1245,1244,1242,1241,1240,1239,1238,1237,1235,1234,1233,1232,1231,1230,1228,1227,1226,1225,1224,1223,1222,1220,1219,1218,1217,1216,1215,1213,1212,1211,1210,1209,1208,1207,1205,1204,1203,1202,1201,1200,1199,1197,1196,1195,1194,1193,1192,1190,1189,1188,1187,1186,1185,1184,1182,1181,1180,1179,1178,1177,1176,1174,1173,1172,1171,1170,1169,1168,1166,1165,1164,1163,1162,1161,1160,1158,1157,1156,1155,1154,1153,1151,1150,1149,1148,1147,1146,1145,1143,1142,1141,1140,1139,1138,1137,1135,1134,1133,1132,1131,1130,1129,1127,1126,1125,1124,1123,1122,1121,1119,1118,1117,1116,1115,1114,1112,1111,1110,1109,1108,1107,1106,1104,1103,1102,1101,1100,1099,1097,1096,1095,1094,1093,1092,1091,1089,1088,1087,1086,1085,1084,1082,1081,1080,1079,1078,1077,1075,1074,1073,1072,1071,1070,1068,1067,1066,1065,1064,1063,1061,1060,1059,1058,1057,1056,1054,1053,1052,1051,1050,1048,1047,1046,1045,1044,1043,1041,1040,1039,1038,1037,1035,1034,1033,1032,1031,1030,1028,1027,1026,1025,1024,1022,1021,1020,1019,1018,1016,1015,1014,1013,1012,1010,1009,1008,1007,1006,1004,1003,1002,1001,999,998,997,996,995,993,992,991,990,989,987,986,985,984,982,981,980,979,977,976,975,974,972,971,970,969,968,966,965,964,963,961,960,959,957,956,955,954,952,951,950,949,947,946,945,944,942,941,940,938,937,936,935,933,932,931,929,928,927,925,924,923,922,920,919,918,916,915,914,912,911,910,908,907,906,904,903,902,900,899,898,896,895,894,892,891,890,888,887,886,884,883,881,880,879,877,876,875,873,872,870,869,868,866,865,863,862,861,859,858,856,855,853,852,851,849,848,846,845,843,842,840,839,837,836,835,833,832,830,829,827,826,824,823,821,820,818,817,815,814,812,811,809,808,806,804,803,801,800,798,797,795,794,792,790,789,787,786,784,782,781,779,778,776,774,773,771,769,768,766,764,763,761,759,758,756,754,753,751,749,748,746,744,742,741,739,737,735,734,732,730,728,727,725,723,721,719,718,716,714,712,710,708,707,705,703,701,699,697,695,693,691,689,688,686,684,682,680,678,676,674,672,670,668,666,664,662,660,657,655,653,651,649,647,645,643,641,638,636,634,632,630,627,625,623,621,618,616,614,612,609,607,605,602,600,597,595,593,590,588,585,583,580,578,575,573,570,568,565,563,560,557,555,552,549,547,544,541,538,536,533,530,527,524,521,518,515,512,509,506,503,500,497,494,491,488,485,481,478,475,472,468,465,462,458,455,451,448,444,440,437,433,429,426,422,418,414,410,406,402,398,394,390,386,381,377,373,368,364,359,355,350,345,341,336,331,326,321,316,310,305,300,294,289,283,277,271,266,259,253,247,241,234,227,221,214,207,199,192,184,177,169,161,152,144,135,126,117,107,98,87,77,66,55,43,31,19,6,-8,-22,-37,-52,-69,-86,-105,-125,-146,-169,-194,-222,-252,-287,-327,-375,-434,-512,-629,-878]}