{"borders":[930.9138766790758,804.7553163858694,553.6158400582673,293.25213771954594,122.43914744136465,41.589059396596355,11.41695203585982],"perfs":[3538,3287,3168,3088,3027,2978,2936,2899,2867,2837,2811,2786,2763,2742,2722,2703,2685,2668,2651,2636,2621,2607,2593,2580,2567,2554,2542,2531,2520,2509,2498,2488,2477,2468,2458,2449,2439,2431,2422,2413,2405,2397,2389,2381,2373,2365,2358,2351,2343,2336,2329,2323,2316,2309,2303,2296,2290,2284,2278,2272,2266,2260,2254,2248,2243,2237,2232,2226,2221,2216,2210,2205,2200,2195,2190,2185,2180,2176,2171,2166,2161,2157,2152,2148,2143,2139,2134,2130,2126,2121,2117,2113,2109,2105,2101,2096,2092,2088,2085,2081,2077,2073,2069,2065,2061,2058,2054,2050,2047,2043,2039,2036,2032,2029,2025,2022,2018,2015,2012,2008,2005,2001,1998,1995,1992,1988,1985,1982,1979,1975,1972,1969,1966,1963,1960,1957,1954,1951,1948,1945,1942,1939,1936,1933,1930,1927,1924,1921,1918,1916,1913,1910,1907,1904,1902,1899,1896,1893,1891,1888,1885,1882,1880,1877,1874,1872,1869,1867,1864,1861,1859,1856,1854,1851,1849,1846,1844,1841,1839,1836,1834,1831,1829,1826,1824,1821,1819,1816,1814,1812,1809,1807,1805,1802,1800,1798,1795,1793,1791,1788,1786,1784,1781,1779,1777,1775,1772,1770,1768,1766,1763,1761,1759,1757,1755,1752,1750,1748,1746,1744,1741,1739,1737,1735,1733,1731,1729,1727,1724,1722,1720,1718,1716,1714,1712,1710,1708,1706,1704,1702,1700,1698,1696,1694,1692,1690,1688,1686,1684,1682,1680,1678,1676,1674,1672,1670,1668,1666,1664,1662,1660,1658,1656,1654,1652,1650,1649,1647,1645,1643,1641,1639,1637,1635,1633,1632,1630,1628,1626,1624,1622,1620,1619,1617,1615,1613,1611,1609,1608,1606,1604,1602,1600,1599,1597,1595,1593,1592,1590,1588,1586,1584,1583,1581,1579,1577,1576,1574,1572,1570,1569,1567,1565,1563,1562,1560,1558,1557,1555,1553,1551,1550,1548,1546,1545,1543,1541,1540,1538,1536,1534,1533,1531,1529,1528,1526,1524,1523,1521,1519,1518,1516,1514,1513,1511,1510,1508,1506,1505,1503,1501,1500,1498,1496,1495,1493,1492,1490,1488,1487,1485,1484,1482,1480,1479,1477,1476,1474,1472,1471,1469,1468,1466,1464,1463,1461,1460,1458,1457,1455,1453,1452,1450,1449,1447,1446,1444,1443,1441,1439,1438,1436,1435,1433,1432,1430,1429,1427,1426,1424,1422,1421,1419,1418,1416,1415,1413,1412,1410,1409,1407,1406,1404,1403,1401,1400,1398,1397,1395,1394,1392,1391,1389,1388,1386,1385,1383,1382,1380,1379,1377,1376,1374,1373,1371,1370,1368,1367,1365,1364,1362,1361,1359,1358,1356,1355,1353,1352,1350,1349,1347,1346,1345,1343,1342,1340,1339,1337,1336,1334,1333,1331,1330,1328,1327,1326,1324,1323,1321,1320,1318,1317,1315,1314,1312,1311,1310,1308,1307,1305,1304,1302,1301,1299,1298,1297,1295,1294,1292,1291,1289,1288,1287,1285,1284,1282,1281,1279,1278,1276,1275,1274,1272,1271,1269,1268,1266,1265,1264,1262,1261,1259,1258,1256,1255,1254,1252,1251,1249,1248,1246,1245,1244,1242,1241,1239,1238,1236,1235,1234,1232,1231,1229,1228,1226,1225,1224,1222,1221,1219,1218,1217,1215,1214,1212,1211,1209,1208,1207,1205,1204,1202,1201,1199,1198,1197,1195,1194,1192,1191,1189,1188,1187,1185,1184,1182,1181,1180,1178,1177,1175,1174,1172,1171,1170,1168,1167,1165,1164,1162,1161,1160,1158,1157,1155,1154,1152,1151,1150,1148,1147,1145,1144,1142,1141,1140,1138,1137,1135,1134,1132,1131,1129,1128,1127,1125,1124,1122,1121,1119,1118,1116,1115,1114,1112,1111,1109,1108,1106,1105,1103,1102,1101,1099,1098,1096,1095,1093,1092,1090,1089,1087,1086,1085,1083,1082,1080,1079,1077,1076,1074,1073,1071,1070,1068,1067,1065,1064,1062,1061,1059,1058,1056,1055,1053,1052,1051,1049,1048,1046,1045,1043,1042,1040,1039,1037,1036,1034,1032,1031,1029,1028,1026,1025,1023,1022,1020,1019,1017,1016,1014,1013,1011,1010,1008,1007,1005,1003,1002,1000,999,997,996,994,993,991,989,988,986,985,983,982,980,978,977,975,974,972,970,969,967,966,964,962,961,959,958,956,954,953,951,949,948,946,945,943,941,940,938,936,935,933,931,930,928,926,925,923,921,920,918,916,914,913,911,909,908,906,904,902,901,899,897,896,894,892,890,888,887,885,883,881,880,878,876,874,872,871,869,867,865,863,861,860,858,856,854,852,850,848,847,845,843,841,839,837,835,833,831,829,827,825,824,822,820,818,816,814,812,810,808,806,804,802,799,797,795,793,791,789,787,785,783,781,779,776,774,772,770,768,766,763,761,759,757,755,752,750,748,746,743,741,739,736,734,732,729,727,725,722,720,717,715,713,710,708,705,703,700,698,695,692,690,687,685,682,679,677,674,671,669,666,663,660,658,655,652,649,646,643,641,638,635,632,629,626,623,620,616,613,610,607,604,601,597,594,591,587,584,581,577,574,570,567,563,559,556,552,548,545,541,537,533,529,525,521,517,513,509,504,500,496,491,487,482,478,473,468,464,459,454,449,444,438,433,428,422,417,411,405,399,394,387,381,375,368,362,355,348,341,334,326,318,311,302,294,286,277,268,258,249,239,228,218,206,195,183,170,157,143,128,113,96,79,60,40,19,-4,-30,-58,-89,-125,-166,-215,-275,-355,-474,-725]}