{"borders":[646.197226007341,572.0555868221795,417.6618595848014,235.76185365651477,99.08162857818178,30.950912572908184,7.672289477859459],"perfs":[3433,3181,3060,2979,2917,2867,2825,2789,2756,2727,2701,2676,2654,2633,2613,2595,2578,2561,2546,2531,2516,2503,2490,2477,2465,2453,2442,2431,2420,2410,2400,2390,2380,2371,2362,2353,2344,2336,2328,2319,2312,2304,2296,2289,2281,2274,2267,2260,2253,2247,2240,2233,2227,2221,2214,2208,2202,2196,2190,2185,2179,2173,2168,2162,2157,2151,2146,2141,2135,2130,2125,2120,2115,2110,2105,2100,2096,2091,2086,2082,2077,2072,2068,2063,2059,2055,2050,2046,2042,2037,2033,2029,2025,2021,2016,2012,2008,2004,2000,1996,1992,1989,1985,1981,1977,1973,1969,1966,1962,1958,1955,1951,1947,1944,1940,1937,1933,1930,1926,1923,1919,1916,1912,1909,1905,1902,1899,1895,1892,1889,1885,1882,1879,1876,1872,1869,1866,1863,1860,1857,1853,1850,1847,1844,1841,1838,1835,1832,1829,1826,1823,1820,1817,1814,1811,1808,1805,1802,1799,1796,1793,1791,1788,1785,1782,1779,1776,1774,1771,1768,1765,1762,1760,1757,1754,1751,1749,1746,1743,1740,1738,1735,1732,1730,1727,1724,1722,1719,1716,1714,1711,1709,1706,1703,1701,1698,1696,1693,1690,1688,1685,1683,1680,1678,1675,1673,1670,1668,1665,1663,1660,1658,1655,1653,1650,1648,1645,1643,1640,1638,1635,1633,1631,1628,1626,1623,1621,1619,1616,1614,1611,1609,1607,1604,1602,1599,1597,1595,1592,1590,1588,1585,1583,1581,1578,1576,1574,1571,1569,1567,1564,1562,1560,1557,1555,1553,1551,1548,1546,1544,1541,1539,1537,1535,1532,1530,1528,1525,1523,1521,1519,1516,1514,1512,1510,1507,1505,1503,1501,1499,1496,1494,1492,1490,1487,1485,1483,1481,1479,1476,1474,1472,1470,1467,1465,1463,1461,1459,1456,1454,1452,1450,1448,1446,1443,1441,1439,1437,1435,1432,1430,1428,1426,1424,1422,1419,1417,1415,1413,1411,1409,1406,1404,1402,1400,1398,1396,1393,1391,1389,1387,1385,1383,1381,1378,1376,1374,1372,1370,1368,1365,1363,1361,1359,1357,1355,1353,1350,1348,1346,1344,1342,1340,1338,1335,1333,1331,1329,1327,1325,1323,1320,1318,1316,1314,1312,1310,1308,1305,1303,1301,1299,1297,1295,1292,1290,1288,1286,1284,1282,1280,1277,1275,1273,1271,1269,1267,1265,1262,1260,1258,1256,1254,1252,1249,1247,1245,1243,1241,1239,1236,1234,1232,1230,1228,1226,1223,1221,1219,1217,1215,1212,1210,1208,1206,1204,1201,1199,1197,1195,1193,1190,1188,1186,1184,1182,1179,1177,1175,1173,1171,1168,1166,1164,1162,1159,1157,1155,1153,1150,1148,1146,1144,1141,1139,1137,1135,1132,1130,1128,1126,1123,1121,1119,1116,1114,1112,1109,1107,1105,1103,1100,1098,1096,1093,1091,1089,1086,1084,1082,1079,1077,1074,1072,1070,1067,1065,1063,1060,1058,1055,1053,1051,1048,1046,1043,1041,1038,1036,1034,1031,1029,1026,1024,1021,1019,1016,1014,1011,1009,1006,1004,1001,999,996,993,991,988,986,983,981,978,975,973,970,967,965,962,960,957,954,951,949,946,943,941,938,935,932,930,927,924,921,918,916,913,910,907,904,901,898,895,892,889,886,884,881,878,875,871,868,865,862,859,856,853,850,847,843,840,837,834,830,827,824,821,817,814,810,807,804,800,797,793,790,786,783,779,775,772,768,764,761,757,753,749,745,741,737,733,729,725,721,717,713,709,705,700,696,692,687,683,678,674,669,664,660,655,650,645,640,635,630,625,620,614,609,604,598,592,587,581,575,569,563,557,551,544,538,531,524,517,510,503,496,488,481,473,465,456,448,439,430,421,412,402,392,382,371,360,348,336,323,310,297,282,267,251,234,216,197,176,154,129,102,72,38,-2,-49,-107,-185,-301,-549]}