{"borders":[966.9033882786392,830.2734957604038,564.4681815298279,292.8884773678583,117.59737652533825,37.561916077283506,9.526916808887954],"perfs":[3480,3231,3113,3033,2973,2924,2883,2847,2815,2787,2761,2737,2715,2694,2675,2656,2639,2623,2607,2592,2578,2564,2551,2538,2526,2514,2503,2492,2481,2471,2460,2451,2441,2432,2422,2414,2405,2396,2388,2380,2372,2364,2356,2349,2342,2334,2327,2320,2313,2307,2300,2294,2287,2281,2275,2269,2263,2257,2251,2245,2239,2234,2228,2223,2217,2212,2207,2202,2197,2192,2187,2182,2177,2172,2167,2162,2158,2153,2148,2144,2139,2135,2131,2126,2122,2118,2113,2109,2105,2101,2097,2093,2089,2085,2081,2077,2073,2069,2066,2062,2058,2054,2051,2047,2043,2040,2036,2033,2029,2026,2022,2019,2015,2012,2009,2005,2002,1999,1995,1992,1989,1986,1982,1979,1976,1973,1970,1967,1964,1961,1958,1955,1952,1949,1946,1943,1940,1937,1934,1931,1928,1925,1922,1920,1917,1914,1911,1908,1906,1903,1900,1898,1895,1892,1889,1887,1884,1882,1879,1876,1874,1871,1869,1866,1863,1861,1858,1856,1853,1851,1848,1846,1843,1841,1838,1836,1834,1831,1829,1826,1824,1822,1819,1817,1815,1812,1810,1808,1805,1803,1801,1798,1796,1794,1792,1789,1787,1785,1783,1780,1778,1776,1774,1772,1769,1767,1765,1763,1761,1759,1756,1754,1752,1750,1748,1746,1744,1742,1740,1738,1735,1733,1731,1729,1727,1725,1723,1721,1719,1717,1715,1713,1711,1709,1707,1705,1703,1701,1699,1697,1695,1693,1691,1689,1687,1686,1684,1682,1680,1678,1676,1674,1672,1670,1668,1667,1665,1663,1661,1659,1657,1655,1653,1652,1650,1648,1646,1644,1642,1641,1639,1637,1635,1633,1632,1630,1628,1626,1624,1623,1621,1619,1617,1616,1614,1612,1610,1609,1607,1605,1603,1602,1600,1598,1596,1595,1593,1591,1589,1588,1586,1584,1583,1581,1579,1578,1576,1574,1573,1571,1569,1567,1566,1564,1562,1561,1559,1558,1556,1554,1553,1551,1549,1548,1546,1544,1543,1541,1539,1538,1536,1535,1533,1531,1530,1528,1527,1525,1523,1522,1520,1519,1517,1515,1514,1512,1511,1509,1507,1506,1504,1503,1501,1500,1498,1497,1495,1493,1492,1490,1489,1487,1486,1484,1483,1481,1479,1478,1476,1475,1473,1472,1470,1469,1467,1466,1464,1463,1461,1460,1458,1457,1455,1454,1452,1451,1449,1448,1446,1445,1443,1442,1440,1439,1437,1436,1434,1433,1431,1430,1428,1427,1425,1424,1422,1421,1419,1418,1417,1415,1414,1412,1411,1409,1408,1406,1405,1403,1402,1400,1399,1398,1396,1395,1393,1392,1390,1389,1387,1386,1385,1383,1382,1380,1379,1377,1376,1375,1373,1372,1370,1369,1367,1366,1365,1363,1362,1360,1359,1358,1356,1355,1353,1352,1350,1349,1348,1346,1345,1343,1342,1341,1339,1338,1336,1335,1334,1332,1331,1329,1328,1327,1325,1324,1322,1321,1320,1318,1317,1315,1314,1313,1311,1310,1309,1307,1306,1304,1303,1302,1300,1299,1297,1296,1295,1293,1292,1291,1289,1288,1286,1285,1284,1282,1281,1280,1278,1277,1275,1274,1273,1271,1270,1269,1267,1266,1265,1263,1262,1260,1259,1258,1256,1255,1254,1252,1251,1250,1248,1247,1245,1244,1243,1241,1240,1239,1237,1236,1235,1233,1232,1230,1229,1228,1226,1225,1224,1222,1221,1220,1218,1217,1216,1214,1213,1211,1210,1209,1207,1206,1205,1203,1202,1201,1199,1198,1197,1195,1194,1193,1191,1190,1188,1187,1186,1184,1183,1182,1180,1179,1178,1176,1175,1174,1172,1171,1169,1168,1167,1165,1164,1163,1161,1160,1159,1157,1156,1155,1153,1152,1150,1149,1148,1146,1145,1144,1142,1141,1140,1138,1137,1135,1134,1133,1131,1130,1129,1127,1126,1125,1123,1122,1120,1119,1118,1116,1115,1114,1112,1111,1109,1108,1107,1105,1104,1103,1101,1100,1098,1097,1096,1094,1093,1091,1090,1089,1087,1086,1085,1083,1082,1080,1079,1078,1076,1075,1073,1072,1071,1069,1068,1066,1065,1064,1062,1061,1059,1058,1057,1055,1054,1052,1051,1050,1048,1047,1045,1044,1042,1041,1040,1038,1037,1035,1034,1033,1031,1030,1028,1027,1025,1024,1022,1021,1020,1018,1017,1015,1014,1012,1011,1009,1008,1007,1005,1004,1002,1001,999,998,996,995,993,992,990,989,987,986,984,983,982,980,979,977,976,974,973,971,970,968,967,965,963,962,960,959,957,956,954,953,951,950,948,947,945,944,942,940,939,937,936,934,933,931,930,928,926,925,923,922,920,918,917,915,914,912,910,909,907,906,904,902,901,899,897,896,894,892,891,889,888,886,884,883,881,879,877,876,874,872,871,869,867,866,864,862,860,859,857,855,853,852,850,848,846,845,843,841,839,838,836,834,832,830,828,827,825,823,821,819,817,816,814,812,810,808,806,804,802,801,799,797,795,793,791,789,787,785,783,781,779,777,775,773,771,769,767,765,763,761,759,757,755,753,750,748,746,744,742,740,738,735,733,731,729,727,724,722,720,718,715,713,711,709,706,704,702,699,697,695,692,690,687,685,683,680,678,675,673,670,668,665,663,660,657,655,652,650,647,644,642,639,636,633,631,628,625,622,619,617,614,611,608,605,602,599,596,593,590,587,584,580,577,574,571,568,564,561,558,554,551,547,544,541,537,533,530,526,523,519,515,511,507,504,500,496,492,488,483,479,475,471,467,462,458,453,449,444,439,435,430,425,420,415,410,405,399,394,389,383,378,372,366,360,354,348,341,335,328,322,315,308,301,293,286,278,270,262,254,245,237,228,218,209,199,189,178,167,155,144,131,118,105,91,76,60,44,26,7,-13,-34,-57,-83,-111,-142,-177,-218,-266,-326,-405,-523,-772]}