{"borders":[934.4377458704319,789.0248122081418,517.4813430639822,262.0246970369527,107.09587187162113,34.91697178537793,9.20325061196143],"perfs":[3496,3241,3119,3036,2973,2921,2878,2840,2806,2776,2749,2724,2701,2679,2659,2640,2622,2605,2589,2573,2559,2545,2531,2518,2505,2493,2482,2470,2459,2448,2438,2428,2418,2409,2399,2390,2381,2373,2364,2356,2348,2340,2332,2324,2317,2309,2302,2295,2288,2281,2274,2267,2261,2254,2248,2242,2235,2229,2223,2217,2212,2206,2200,2194,2189,2183,2178,2173,2167,2162,2157,2152,2147,2142,2137,2132,2127,2122,2117,2113,2108,2103,2099,2094,2090,2085,2081,2077,2072,2068,2064,2060,2055,2051,2047,2043,2039,2035,2031,2027,2023,2019,2015,2012,2008,2004,2000,1997,1993,1989,1986,1982,1978,1975,1971,1968,1964,1961,1957,1954,1951,1947,1944,1941,1937,1934,1931,1927,1924,1921,1918,1915,1911,1908,1905,1902,1899,1896,1893,1890,1887,1884,1881,1878,1875,1872,1869,1866,1863,1860,1857,1854,1852,1849,1846,1843,1840,1838,1835,1832,1829,1827,1824,1821,1818,1816,1813,1810,1808,1805,1803,1800,1797,1795,1792,1790,1787,1785,1782,1779,1777,1774,1772,1769,1767,1765,1762,1760,1757,1755,1752,1750,1748,1745,1743,1740,1738,1736,1733,1731,1729,1726,1724,1722,1720,1717,1715,1713,1710,1708,1706,1704,1701,1699,1697,1695,1693,1690,1688,1686,1684,1682,1680,1677,1675,1673,1671,1669,1667,1665,1662,1660,1658,1656,1654,1652,1650,1648,1646,1644,1642,1640,1638,1636,1634,1632,1630,1628,1626,1624,1622,1620,1618,1616,1614,1612,1610,1608,1606,1604,1602,1600,1598,1596,1594,1592,1590,1589,1587,1585,1583,1581,1579,1577,1575,1573,1572,1570,1568,1566,1564,1562,1561,1559,1557,1555,1553,1551,1550,1548,1546,1544,1542,1541,1539,1537,1535,1533,1532,1530,1528,1526,1525,1523,1521,1519,1518,1516,1514,1512,1511,1509,1507,1505,1504,1502,1500,1499,1497,1495,1494,1492,1490,1488,1487,1485,1483,1482,1480,1478,1477,1475,1473,1472,1470,1468,1467,1465,1463,1462,1460,1459,1457,1455,1454,1452,1450,1449,1447,1446,1444,1442,1441,1439,1437,1436,1434,1433,1431,1430,1428,1426,1425,1423,1422,1420,1418,1417,1415,1414,1412,1411,1409,1407,1406,1404,1403,1401,1400,1398,1397,1395,1394,1392,1390,1389,1387,1386,1384,1383,1381,1380,1378,1377,1375,1374,1372,1371,1369,1368,1366,1365,1363,1362,1360,1359,1357,1356,1354,1353,1351,1350,1348,1347,1345,1344,1342,1341,1339,1338,1336,1335,1334,1332,1331,1329,1328,1326,1325,1323,1322,1320,1319,1317,1316,1315,1313,1312,1310,1309,1307,1306,1304,1303,1302,1300,1299,1297,1296,1294,1293,1292,1290,1289,1287,1286,1284,1283,1282,1280,1279,1277,1276,1274,1273,1272,1270,1269,1267,1266,1265,1263,1262,1260,1259,1258,1256,1255,1253,1252,1251,1249,1248,1246,1245,1244,1242,1241,1239,1238,1237,1235,1234,1232,1231,1230,1228,1227,1226,1224,1223,1221,1220,1219,1217,1216,1214,1213,1212,1210,1209,1208,1206,1205,1203,1202,1201,1199,1198,1197,1195,1194,1192,1191,1190,1188,1187,1186,1184,1183,1181,1180,1179,1177,1176,1175,1173,1172,1171,1169,1168,1166,1165,1164,1162,1161,1160,1158,1157,1155,1154,1153,1151,1150,1149,1147,1146,1145,1143,1142,1140,1139,1138,1136,1135,1134,1132,1131,1130,1128,1127,1125,1124,1123,1121,1120,1119,1117,1116,1115,1113,1112,1110,1109,1108,1106,1105,1104,1102,1101,1100,1098,1097,1095,1094,1093,1091,1090,1089,1087,1086,1084,1083,1082,1080,1079,1078,1076,1075,1073,1072,1071,1069,1068,1067,1065,1064,1062,1061,1060,1058,1057,1055,1054,1053,1051,1050,1049,1047,1046,1044,1043,1042,1040,1039,1037,1036,1035,1033,1032,1030,1029,1028,1026,1025,1023,1022,1021,1019,1018,1016,1015,1013,1012,1011,1009,1008,1006,1005,1004,1002,1001,999,998,996,995,994,992,991,989,988,986,985,983,982,981,979,978,976,975,973,972,970,969,967,966,965,963,962,960,959,957,956,954,953,951,950,948,947,945,944,942,941,939,938,936,935,933,932,930,929,927,926,924,923,921,920,918,916,915,913,912,910,909,907,906,904,902,901,899,898,896,895,893,891,890,888,887,885,883,882,880,879,877,875,874,872,871,869,867,866,864,862,861,859,857,856,854,852,851,849,847,846,844,842,841,839,837,835,834,832,830,828,827,825,823,821,820,818,816,814,813,811,809,807,805,804,802,800,798,796,795,793,791,789,787,785,783,782,780,778,776,774,772,770,768,766,764,762,760,758,757,755,753,751,749,747,745,743,740,738,736,734,732,730,728,726,724,722,720,718,715,713,711,709,707,705,702,700,698,696,694,691,689,687,684,682,680,677,675,673,670,668,666,663,661,658,656,654,651,649,646,644,641,639,636,633,631,628,626,623,620,618,615,612,609,607,604,601,598,596,593,590,587,584,581,578,575,572,569,566,563,560,557,554,550,547,544,541,537,534,531,527,524,521,517,514,510,506,503,499,495,492,488,484,480,476,472,468,464,460,456,452,448,443,439,435,430,426,421,416,412,407,402,397,392,387,382,377,371,366,361,355,349,343,338,332,325,319,313,306,300,293,286,279,272,264,257,249,241,232,224,215,206,197,188,178,168,157,146,135,123,111,98,85,71,56,41,24,7,-11,-31,-52,-76,-101,-128,-159,-194,-235,-283,-343,-421,-539,-788]}