{"borders":[755.6142499132425,670.9151210945896,489.3665154743149,273.98323094294716,116.22268555694706,38.87663652860875,10.467674173027074],"perfs":[3518,3267,3147,3066,3005,2955,2912,2875,2842,2813,2786,2761,2738,2717,2697,2678,2660,2643,2627,2611,2596,2582,2568,2555,2542,2530,2518,2507,2496,2485,2474,2464,2454,2444,2435,2425,2416,2408,2399,2390,2382,2374,2366,2358,2351,2343,2336,2329,2322,2315,2308,2301,2294,2288,2281,2275,2269,2263,2257,2251,2245,2239,2233,2227,2222,2216,2211,2206,2200,2195,2190,2185,2180,2174,2170,2165,2160,2155,2150,2145,2141,2136,2132,2127,2123,2118,2114,2109,2105,2101,2097,2092,2088,2084,2080,2076,2072,2068,2064,2060,2056,2052,2048,2045,2041,2037,2033,2030,2026,2022,2019,2015,2011,2008,2004,2001,1997,1994,1990,1987,1984,1980,1977,1973,1970,1967,1964,1960,1957,1954,1951,1947,1944,1941,1938,1935,1932,1929,1926,1923,1920,1917,1914,1911,1908,1905,1902,1899,1896,1893,1890,1887,1884,1881,1879,1876,1873,1870,1867,1865,1862,1859,1856,1854,1851,1848,1845,1843,1840,1837,1835,1832,1830,1827,1824,1822,1819,1817,1814,1811,1809,1806,1804,1801,1799,1796,1794,1791,1789,1786,1784,1781,1779,1776,1774,1771,1769,1767,1764,1762,1759,1757,1755,1752,1750,1748,1745,1743,1741,1738,1736,1734,1731,1729,1727,1724,1722,1720,1717,1715,1713,1711,1708,1706,1704,1702,1699,1697,1695,1693,1691,1688,1686,1684,1682,1680,1677,1675,1673,1671,1669,1667,1665,1662,1660,1658,1656,1654,1652,1650,1647,1645,1643,1641,1639,1637,1635,1633,1631,1629,1627,1625,1622,1620,1618,1616,1614,1612,1610,1608,1606,1604,1602,1600,1598,1596,1594,1592,1590,1588,1586,1584,1582,1580,1578,1576,1574,1572,1570,1568,1566,1564,1562,1560,1558,1556,1554,1552,1550,1548,1546,1544,1543,1541,1539,1537,1535,1533,1531,1529,1527,1525,1523,1521,1519,1518,1516,1514,1512,1510,1508,1506,1504,1502,1500,1499,1497,1495,1493,1491,1489,1487,1485,1483,1482,1480,1478,1476,1474,1472,1470,1468,1467,1465,1463,1461,1459,1457,1455,1454,1452,1450,1448,1446,1444,1443,1441,1439,1437,1435,1433,1431,1430,1428,1426,1424,1422,1420,1419,1417,1415,1413,1411,1409,1408,1406,1404,1402,1400,1399,1397,1395,1393,1391,1389,1388,1386,1384,1382,1380,1379,1377,1375,1373,1371,1370,1368,1366,1364,1362,1360,1359,1357,1355,1353,1351,1350,1348,1346,1344,1342,1341,1339,1337,1335,1333,1332,1330,1328,1326,1324,1323,1321,1319,1317,1315,1314,1312,1310,1308,1306,1304,1303,1301,1299,1297,1295,1294,1292,1290,1288,1286,1285,1283,1281,1279,1277,1276,1274,1272,1270,1268,1267,1265,1263,1261,1259,1257,1256,1254,1252,1250,1248,1247,1245,1243,1241,1239,1237,1236,1234,1232,1230,1228,1226,1225,1223,1221,1219,1217,1215,1214,1212,1210,1208,1206,1204,1203,1201,1199,1197,1195,1193,1191,1190,1188,1186,1184,1182,1180,1178,1177,1175,1173,1171,1169,1167,1165,1163,1162,1160,1158,1156,1154,1152,1150,1148,1146,1144,1143,1141,1139,1137,1135,1133,1131,1129,1127,1125,1123,1122,1120,1118,1116,1114,1112,1110,1108,1106,1104,1102,1100,1098,1096,1094,1092,1090,1088,1086,1084,1082,1080,1078,1076,1074,1072,1070,1068,1066,1064,1062,1060,1058,1056,1054,1052,1050,1048,1046,1044,1042,1040,1038,1036,1034,1031,1029,1027,1025,1023,1021,1019,1017,1015,1013,1010,1008,1006,1004,1002,1000,997,995,993,991,989,987,984,982,980,978,975,973,971,969,967,964,962,960,957,955,953,951,948,946,944,941,939,937,934,932,929,927,925,922,920,917,915,913,910,908,905,903,900,898,895,893,890,888,885,883,880,877,875,872,870,867,864,862,859,856,854,851,848,846,843,840,837,834,832,829,826,823,820,817,815,812,809,806,803,800,797,794,791,788,785,781,778,775,772,769,766,762,759,756,752,749,746,742,739,736,732,729,725,722,718,714,711,707,703,700,696,692,688,684,680,676,672,668,664,660,656,652,648,643,639,634,630,626,621,616,612,607,602,597,592,587,582,577,572,567,561,556,550,544,539,533,527,521,515,509,502,496,489,482,475,468,461,454,446,438,430,422,414,405,397,387,378,369,359,348,338,327,315,303,291,278,264,250,235,220,203,185,167,146,125,101,75,47,15,-20,-62,-111,-172,-252,-372,-624]}