{"borders":[1095.5982042062028,905.3332497850557,574.211148040248,283.7677057592635,113.4173599166796,36.93389245385947,9.568706354154719],"perfs":[3486,3235,3117,3037,2976,2927,2885,2849,2817,2788,2761,2737,2715,2694,2674,2656,2638,2621,2605,2590,2576,2562,2548,2535,2523,2511,2499,2488,2477,2466,2456,2446,2436,2427,2417,2408,2399,2391,2382,2374,2366,2358,2350,2342,2335,2327,2320,2313,2306,2299,2293,2286,2279,2273,2267,2260,2254,2248,2242,2236,2230,2225,2219,2213,2208,2202,2197,2192,2187,2181,2176,2171,2166,2161,2156,2152,2147,2142,2137,2133,2128,2124,2119,2115,2110,2106,2102,2097,2093,2089,2085,2081,2077,2072,2068,2064,2061,2057,2053,2049,2045,2041,2037,2034,2030,2026,2023,2019,2016,2012,2008,2005,2001,1998,1995,1991,1988,1984,1981,1978,1974,1971,1968,1965,1961,1958,1955,1952,1949,1946,1943,1940,1936,1933,1930,1927,1924,1921,1919,1916,1913,1910,1907,1904,1901,1898,1896,1893,1890,1887,1884,1882,1879,1876,1873,1871,1868,1865,1863,1860,1857,1855,1852,1850,1847,1845,1842,1839,1837,1834,1832,1829,1827,1824,1822,1819,1817,1815,1812,1810,1807,1805,1803,1800,1798,1796,1793,1791,1789,1786,1784,1782,1779,1777,1775,1772,1770,1768,1766,1764,1761,1759,1757,1755,1753,1750,1748,1746,1744,1742,1740,1737,1735,1733,1731,1729,1727,1725,1723,1721,1719,1716,1714,1712,1710,1708,1706,1704,1702,1700,1698,1696,1694,1692,1690,1688,1686,1684,1682,1680,1678,1676,1675,1673,1671,1669,1667,1665,1663,1661,1659,1657,1656,1654,1652,1650,1648,1646,1644,1642,1641,1639,1637,1635,1633,1632,1630,1628,1626,1624,1623,1621,1619,1617,1615,1614,1612,1610,1608,1607,1605,1603,1601,1600,1598,1596,1594,1593,1591,1589,1588,1586,1584,1582,1581,1579,1577,1576,1574,1572,1571,1569,1567,1566,1564,1562,1561,1559,1557,1556,1554,1553,1551,1549,1548,1546,1544,1543,1541,1540,1538,1536,1535,1533,1532,1530,1528,1527,1525,1524,1522,1521,1519,1517,1516,1514,1513,1511,1510,1508,1507,1505,1504,1502,1501,1499,1497,1496,1494,1493,1491,1490,1488,1487,1485,1484,1482,1481,1479,1478,1476,1475,1473,1472,1470,1469,1468,1466,1465,1463,1462,1460,1459,1457,1456,1454,1453,1452,1450,1449,1447,1446,1444,1443,1441,1440,1439,1437,1436,1434,1433,1432,1430,1429,1427,1426,1425,1423,1422,1420,1419,1418,1416,1415,1413,1412,1411,1409,1408,1406,1405,1404,1402,1401,1400,1398,1397,1396,1394,1393,1391,1390,1389,1387,1386,1385,1383,1382,1381,1379,1378,1377,1375,1374,1373,1371,1370,1369,1367,1366,1365,1363,1362,1361,1359,1358,1357,1355,1354,1353,1352,1350,1349,1348,1346,1345,1344,1342,1341,1340,1339,1337,1336,1335,1333,1332,1331,1330,1328,1327,1326,1324,1323,1322,1321,1319,1318,1317,1316,1314,1313,1312,1311,1309,1308,1307,1305,1304,1303,1302,1300,1299,1298,1297,1295,1294,1293,1292,1291,1289,1288,1287,1286,1284,1283,1282,1281,1279,1278,1277,1276,1274,1273,1272,1271,1270,1268,1267,1266,1265,1264,1262,1261,1260,1259,1257,1256,1255,1254,1253,1251,1250,1249,1248,1247,1245,1244,1243,1242,1241,1239,1238,1237,1236,1235,1233,1232,1231,1230,1229,1227,1226,1225,1224,1223,1221,1220,1219,1218,1217,1216,1214,1213,1212,1211,1210,1208,1207,1206,1205,1204,1203,1201,1200,1199,1198,1197,1196,1194,1193,1192,1191,1190,1189,1187,1186,1185,1184,1183,1182,1180,1179,1178,1177,1176,1175,1173,1172,1171,1170,1169,1168,1166,1165,1164,1163,1162,1161,1160,1158,1157,1156,1155,1154,1153,1151,1150,1149,1148,1147,1146,1145,1143,1142,1141,1140,1139,1138,1136,1135,1134,1133,1132,1131,1130,1128,1127,1126,1125,1124,1123,1122,1120,1119,1118,1117,1116,1115,1114,1112,1111,1110,1109,1108,1107,1106,1104,1103,1102,1101,1100,1099,1098,1096,1095,1094,1093,1092,1091,1090,1088,1087,1086,1085,1084,1083,1082,1080,1079,1078,1077,1076,1075,1074,1072,1071,1070,1069,1068,1067,1066,1064,1063,1062,1061,1060,1059,1058,1056,1055,1054,1053,1052,1051,1049,1048,1047,1046,1045,1044,1043,1041,1040,1039,1038,1037,1036,1035,1033,1032,1031,1030,1029,1028,1026,1025,1024,1023,1022,1021,1020,1018,1017,1016,1015,1014,1013,1011,1010,1009,1008,1007,1006,1004,1003,1002,1001,1000,999,997,996,995,994,993,992,990,989,988,987,986,984,983,982,981,980,979,977,976,975,974,973,971,970,969,968,967,966,964,963,962,961,960,958,957,956,955,954,952,951,950,949,948,946,945,944,943,941,940,939,938,937,935,934,933,932,931,929,928,927,926,924,923,922,921,919,918,917,916,915,913,912,911,910,908,907,906,905,903,902,901,899,898,897,896,894,893,892,891,889,888,887,886,884,883,882,880,879,878,877,875,874,873,871,870,869,867,866,865,863,862,861,860,858,857,856,854,853,852,850,849,848,846,845,844,842,841,839,838,837,835,834,833,831,830,829,827,826,824,823,822,820,819,817,816,815,813,812,810,809,808,806,805,803,802,800,799,798,796,795,793,792,790,789,787,786,785,783,782,780,779,777,776,774,773,771,770,768,767,765,764,762,760,759,757,756,754,753,751,750,748,747,745,743,742,740,739,737,735,734,732,731,729,727,726,724,722,721,719,717,716,714,712,711,709,707,706,704,702,701,699,697,695,694,692,690,688,687,685,683,681,680,678,676,674,672,671,669,667,665,663,661,660,658,656,654,652,650,648,646,644,642,640,639,637,635,633,631,629,627,625,623,621,619,616,614,612,610,608,606,604,602,600,598,595,593,591,589,587,584,582,580,578,576,573,571,569,566,564,562,559,557,555,552,550,547,545,543,540,538,535,533,530,528,525,522,520,517,515,512,509,507,504,501,499,496,493,490,487,485,482,479,476,473,470,467,464,461,458,455,452,449,446,442,439,436,433,430,426,423,419,416,413,409,406,402,399,395,391,388,384,380,376,373,369,365,361,357,353,349,344,340,336,332,327,323,318,314,309,305,300,295,290,285,280,275,270,265,260,254,249,243,238,232,226,220,214,208,202,195,189,182,175,168,161,154,146,139,131,123,115,106,98,89,80,70,60,50,40,29,18,7,-5,-18,-31,-45,-59,-74,-90,-107,-125,-145,-165,-188,-212,-240,-270,-304,-344,-391,-449,-527,-643,-891]}