{"borders":[1003.1639552108229,830.3981592442733,532.1633900436017,267.3154561077747,110.99830352658334,37.58113658854879,10.151782757817317],"perfs":[3517,3264,3143,3061,2999,2948,2905,2868,2834,2804,2777,2752,2729,2707,2687,2668,2650,2632,2616,2601,2586,2571,2558,2544,2532,2519,2507,2496,2485,2474,2463,2453,2443,2433,2424,2414,2405,2396,2388,2379,2371,2363,2355,2347,2339,2331,2324,2317,2309,2302,2295,2289,2282,2275,2269,2262,2256,2250,2243,2237,2231,2225,2220,2214,2208,2203,2197,2191,2186,2181,2175,2170,2165,2160,2155,2150,2145,2140,2135,2130,2125,2121,2116,2111,2107,2102,2098,2093,2089,2084,2080,2076,2071,2067,2063,2059,2055,2050,2046,2042,2038,2034,2030,2027,2023,2019,2015,2011,2007,2004,2000,1996,1993,1989,1985,1982,1978,1975,1971,1968,1964,1961,1957,1954,1951,1947,1944,1941,1937,1934,1931,1927,1924,1921,1918,1915,1912,1908,1905,1902,1899,1896,1893,1890,1887,1884,1881,1878,1875,1872,1869,1866,1864,1861,1858,1855,1852,1849,1846,1844,1841,1838,1835,1833,1830,1827,1825,1822,1819,1817,1814,1811,1809,1806,1803,1801,1798,1796,1793,1791,1788,1785,1783,1780,1778,1775,1773,1771,1768,1766,1763,1761,1758,1756,1754,1751,1749,1746,1744,1742,1739,1737,1735,1732,1730,1728,1725,1723,1721,1719,1716,1714,1712,1710,1707,1705,1703,1701,1699,1696,1694,1692,1690,1688,1686,1683,1681,1679,1677,1675,1673,1671,1669,1666,1664,1662,1660,1658,1656,1654,1652,1650,1648,1646,1644,1642,1640,1638,1636,1634,1632,1630,1628,1626,1624,1622,1620,1618,1616,1614,1612,1610,1608,1606,1604,1603,1601,1599,1597,1595,1593,1591,1589,1587,1586,1584,1582,1580,1578,1576,1574,1573,1571,1569,1567,1565,1563,1562,1560,1558,1556,1554,1553,1551,1549,1547,1546,1544,1542,1540,1539,1537,1535,1533,1532,1530,1528,1526,1525,1523,1521,1519,1518,1516,1514,1513,1511,1509,1508,1506,1504,1503,1501,1499,1498,1496,1494,1493,1491,1489,1488,1486,1484,1483,1481,1479,1478,1476,1474,1473,1471,1470,1468,1466,1465,1463,1462,1460,1458,1457,1455,1454,1452,1450,1449,1447,1446,1444,1443,1441,1440,1438,1436,1435,1433,1432,1430,1429,1427,1426,1424,1423,1421,1419,1418,1416,1415,1413,1412,1410,1409,1407,1406,1404,1403,1401,1400,1398,1397,1395,1394,1392,1391,1389,1388,1386,1385,1383,1382,1381,1379,1378,1376,1375,1373,1372,1370,1369,1367,1366,1365,1363,1362,1360,1359,1357,1356,1354,1353,1352,1350,1349,1347,1346,1344,1343,1342,1340,1339,1337,1336,1335,1333,1332,1330,1329,1328,1326,1325,1323,1322,1321,1319,1318,1316,1315,1314,1312,1311,1309,1308,1307,1305,1304,1303,1301,1300,1298,1297,1296,1294,1293,1292,1290,1289,1288,1286,1285,1283,1282,1281,1279,1278,1277,1275,1274,1273,1271,1270,1269,1267,1266,1265,1263,1262,1261,1259,1258,1257,1255,1254,1253,1251,1250,1249,1247,1246,1245,1243,1242,1241,1239,1238,1237,1235,1234,1233,1231,1230,1229,1228,1226,1225,1224,1222,1221,1220,1218,1217,1216,1214,1213,1212,1211,1209,1208,1207,1205,1204,1203,1202,1200,1199,1198,1196,1195,1194,1192,1191,1190,1189,1187,1186,1185,1183,1182,1181,1180,1178,1177,1176,1174,1173,1172,1171,1169,1168,1167,1166,1164,1163,1162,1160,1159,1158,1157,1155,1154,1153,1151,1150,1149,1148,1146,1145,1144,1143,1141,1140,1139,1137,1136,1135,1134,1132,1131,1130,1129,1127,1126,1125,1124,1122,1121,1120,1118,1117,1116,1115,1113,1112,1111,1110,1108,1107,1106,1105,1103,1102,1101,1099,1098,1097,1096,1094,1093,1092,1091,1089,1088,1087,1085,1084,1083,1082,1080,1079,1078,1077,1075,1074,1073,1072,1070,1069,1068,1066,1065,1064,1063,1061,1060,1059,1058,1056,1055,1054,1052,1051,1050,1049,1047,1046,1045,1044,1042,1041,1040,1038,1037,1036,1035,1033,1032,1031,1029,1028,1027,1026,1024,1023,1022,1020,1019,1018,1017,1015,1014,1013,1011,1010,1009,1008,1006,1005,1004,1002,1001,1000,998,997,996,995,993,992,991,989,988,987,985,984,983,981,980,979,978,976,975,974,972,971,970,968,967,966,964,963,962,960,959,958,956,955,954,952,951,950,948,947,946,944,943,942,940,939,937,936,935,933,932,931,929,928,927,925,924,922,921,920,918,917,916,914,913,911,910,909,907,906,904,903,902,900,899,897,896,895,893,892,890,889,888,886,885,883,882,880,879,878,876,875,873,872,870,869,867,866,865,863,862,860,859,857,856,854,853,851,850,848,847,845,844,842,841,839,838,836,835,833,832,830,829,827,826,824,823,821,819,818,816,815,813,812,810,809,807,805,804,802,801,799,797,796,794,793,791,789,788,786,785,783,781,780,778,776,775,773,771,770,768,766,765,763,761,760,758,756,754,753,751,749,748,746,744,742,741,739,737,735,733,732,730,728,726,724,723,721,719,717,715,713,712,710,708,706,704,702,700,698,697,695,693,691,689,687,685,683,681,679,677,675,673,671,669,667,665,663,661,659,657,655,653,651,649,646,644,642,640,638,636,634,631,629,627,625,623,620,618,616,614,611,609,607,604,602,600,597,595,593,590,588,585,583,580,578,576,573,571,568,565,563,560,558,555,553,550,547,545,542,539,537,534,531,528,525,523,520,517,514,511,508,505,502,499,496,493,490,487,484,481,478,475,471,468,465,462,458,455,452,448,445,441,438,434,431,427,423,420,416,412,408,405,401,397,393,389,385,381,376,372,368,364,359,355,350,346,341,337,332,327,322,318,313,307,302,297,292,287,281,276,270,264,258,252,246,240,234,228,221,214,208,201,194,186,179,172,164,156,148,139,131,122,113,104,94,84,74,63,53,41,29,17,4,-9,-23,-38,-53,-69,-86,-105,-124,-146,-168,-193,-221,-251,-286,-326,-374,-433,-511,-628,-876]}