{"borders":[912.511863194808,739.5385088535213,452.7058840612428,217.683948772634,87.18507926722879,29.111776404720626,7.7674606065431675],"perfs":[3450,3194,3071,2988,2925,2873,2830,2792,2758,2728,2700,2675,2651,2629,2608,2589,2571,2553,2536,2521,2505,2491,2477,2463,2450,2437,2425,2413,2401,2390,2379,2368,2358,2348,2338,2328,2319,2310,2301,2292,2283,2275,2266,2258,2250,2242,2235,2227,2220,2212,2205,2198,2191,2184,2177,2171,2164,2157,2151,2145,2139,2132,2126,2120,2115,2109,2103,2097,2092,2086,2081,2075,2070,2065,2059,2054,2049,2044,2039,2034,2029,2024,2020,2015,2010,2005,2001,1996,1992,1987,1983,1978,1974,1970,1965,1961,1957,1953,1949,1945,1940,1936,1932,1928,1924,1921,1917,1913,1909,1905,1901,1898,1894,1890,1887,1883,1879,1876,1872,1869,1865,1862,1858,1855,1851,1848,1845,1841,1838,1835,1831,1828,1825,1822,1818,1815,1812,1809,1806,1803,1799,1796,1793,1790,1787,1784,1781,1778,1775,1772,1769,1766,1763,1761,1758,1755,1752,1749,1746,1743,1741,1738,1735,1732,1730,1727,1724,1721,1719,1716,1713,1711,1708,1705,1703,1700,1698,1695,1692,1690,1687,1685,1682,1680,1677,1675,1672,1670,1667,1665,1662,1660,1657,1655,1653,1650,1648,1645,1643,1641,1638,1636,1634,1631,1629,1627,1624,1622,1620,1617,1615,1613,1611,1608,1606,1604,1602,1599,1597,1595,1593,1590,1588,1586,1584,1582,1580,1577,1575,1573,1571,1569,1567,1565,1563,1560,1558,1556,1554,1552,1550,1548,1546,1544,1542,1540,1538,1536,1534,1532,1530,1528,1526,1524,1522,1520,1518,1516,1514,1512,1510,1508,1506,1504,1502,1500,1498,1496,1494,1492,1491,1489,1487,1485,1483,1481,1479,1477,1475,1474,1472,1470,1468,1466,1464,1463,1461,1459,1457,1455,1453,1452,1450,1448,1446,1444,1443,1441,1439,1437,1436,1434,1432,1430,1428,1427,1425,1423,1421,1420,1418,1416,1415,1413,1411,1409,1408,1406,1404,1403,1401,1399,1397,1396,1394,1392,1391,1389,1387,1386,1384,1382,1381,1379,1377,1376,1374,1372,1371,1369,1368,1366,1364,1363,1361,1359,1358,1356,1355,1353,1351,1350,1348,1347,1345,1343,1342,1340,1339,1337,1335,1334,1332,1331,1329,1328,1326,1325,1323,1321,1320,1318,1317,1315,1314,1312,1311,1309,1308,1306,1304,1303,1301,1300,1298,1297,1295,1294,1292,1291,1289,1288,1286,1285,1283,1282,1280,1279,1277,1276,1274,1273,1271,1270,1268,1267,1266,1264,1263,1261,1260,1258,1257,1255,1254,1252,1251,1249,1248,1247,1245,1244,1242,1241,1239,1238,1236,1235,1234,1232,1231,1229,1228,1226,1225,1224,1222,1221,1219,1218,1216,1215,1214,1212,1211,1209,1208,1207,1205,1204,1202,1201,1200,1198,1197,1195,1194,1193,1191,1190,1188,1187,1186,1184,1183,1182,1180,1179,1177,1176,1175,1173,1172,1170,1169,1168,1166,1165,1164,1162,1161,1160,1158,1157,1155,1154,1153,1151,1150,1149,1147,1146,1145,1143,1142,1140,1139,1138,1136,1135,1134,1132,1131,1130,1128,1127,1126,1124,1123,1122,1120,1119,1117,1116,1115,1113,1112,1111,1109,1108,1107,1105,1104,1103,1101,1100,1099,1097,1096,1095,1093,1092,1091,1089,1088,1087,1085,1084,1083,1081,1080,1079,1077,1076,1075,1073,1072,1071,1069,1068,1067,1065,1064,1063,1061,1060,1059,1057,1056,1055,1053,1052,1051,1049,1048,1047,1045,1044,1043,1041,1040,1039,1037,1036,1035,1033,1032,1031,1029,1028,1027,1025,1024,1023,1021,1020,1019,1017,1016,1015,1013,1012,1011,1009,1008,1007,1005,1004,1003,1001,1000,999,997,996,994,993,992,990,989,988,986,985,984,982,981,980,978,977,976,974,973,971,970,969,967,966,965,963,962,961,959,958,956,955,954,952,951,950,948,947,945,944,943,941,940,938,937,936,934,933,932,930,929,927,926,925,923,922,920,919,917,916,915,913,912,910,909,908,906,905,903,902,900,899,898,896,895,893,892,890,889,888,886,885,883,882,880,879,877,876,874,873,871,870,869,867,866,864,863,861,860,858,857,855,854,852,851,849,848,846,845,843,842,840,838,837,835,834,832,831,829,828,826,825,823,821,820,818,817,815,814,812,810,809,807,806,804,802,801,799,798,796,794,793,791,790,788,786,785,783,781,780,778,776,775,773,771,770,768,766,765,763,761,759,758,756,754,753,751,749,747,746,744,742,740,738,737,735,733,731,730,728,726,724,722,720,719,717,715,713,711,709,707,706,704,702,700,698,696,694,692,690,688,686,684,683,681,679,677,675,673,671,669,667,664,662,660,658,656,654,652,650,648,646,644,642,639,637,635,633,631,629,626,624,622,620,617,615,613,611,608,606,604,601,599,597,594,592,590,587,585,582,580,577,575,572,570,567,565,562,560,557,555,552,549,547,544,541,539,536,533,531,528,525,522,519,517,514,511,508,505,502,499,496,493,490,487,484,481,478,475,472,468,465,462,459,455,452,449,445,442,438,435,431,428,424,421,417,413,410,406,402,398,394,390,386,382,378,374,370,366,362,357,353,349,344,340,335,331,326,321,316,312,307,302,297,292,286,281,276,270,265,259,253,248,242,236,230,223,217,211,204,197,191,184,177,169,162,154,147,139,131,122,114,105,96,87,78,68,58,48,38,27,16,4,-8,-20,-33,-46,-60,-75,-90,-106,-122,-140,-158,-178,-199,-221,-246,-272,-301,-333,-369,-410,-459,-519,-599,-717,-967]}