{"borders":[867.2562189958719,702.9297988671024,425.54940396209133,197.83417172051531,74.9195256457256,23.027166620748034,5.691735860664438],"perfs":[3347,3096,2977,2896,2835,2786,2743,2707,2674,2645,2618,2593,2570,2549,2529,2510,2492,2475,2459,2443,2428,2414,2400,2387,2374,2362,2350,2339,2327,2316,2306,2296,2286,2276,2266,2257,2248,2239,2230,2222,2214,2205,2197,2190,2182,2174,2167,2160,2153,2146,2139,2132,2125,2119,2112,2106,2099,2093,2087,2081,2075,2069,2064,2058,2052,2047,2041,2036,2030,2025,2020,2015,2010,2005,2000,1995,1990,1985,1980,1975,1971,1966,1961,1957,1952,1948,1944,1939,1935,1931,1926,1922,1918,1914,1910,1905,1901,1897,1893,1889,1886,1882,1878,1874,1870,1866,1863,1859,1855,1852,1848,1844,1841,1837,1834,1830,1827,1823,1820,1816,1813,1810,1806,1803,1800,1796,1793,1790,1787,1783,1780,1777,1774,1771,1768,1765,1761,1758,1755,1752,1749,1746,1743,1740,1737,1735,1732,1729,1726,1723,1720,1717,1714,1712,1709,1706,1703,1701,1698,1695,1692,1690,1687,1684,1682,1679,1676,1674,1671,1668,1666,1663,1661,1658,1656,1653,1650,1648,1645,1643,1640,1638,1635,1633,1631,1628,1626,1623,1621,1618,1616,1614,1611,1609,1607,1604,1602,1600,1597,1595,1593,1590,1588,1586,1584,1581,1579,1577,1575,1572,1570,1568,1566,1563,1561,1559,1557,1555,1553,1550,1548,1546,1544,1542,1540,1538,1536,1533,1531,1529,1527,1525,1523,1521,1519,1517,1515,1513,1511,1509,1507,1505,1503,1501,1499,1497,1495,1493,1491,1489,1487,1485,1483,1481,1479,1477,1475,1473,1471,1469,1467,1466,1464,1462,1460,1458,1456,1454,1452,1450,1449,1447,1445,1443,1441,1439,1438,1436,1434,1432,1430,1428,1427,1425,1423,1421,1419,1418,1416,1414,1412,1411,1409,1407,1405,1403,1402,1400,1398,1396,1395,1393,1391,1390,1388,1386,1384,1383,1381,1379,1378,1376,1374,1372,1371,1369,1367,1366,1364,1362,1361,1359,1357,1356,1354,1352,1351,1349,1347,1346,1344,1343,1341,1339,1338,1336,1334,1333,1331,1330,1328,1326,1325,1323,1322,1320,1318,1317,1315,1314,1312,1310,1309,1307,1306,1304,1303,1301,1299,1298,1296,1295,1293,1292,1290,1289,1287,1286,1284,1282,1281,1279,1278,1276,1275,1273,1272,1270,1269,1267,1266,1264,1263,1261,1260,1258,1257,1255,1254,1252,1251,1249,1248,1246,1245,1243,1242,1240,1239,1237,1236,1234,1233,1231,1230,1228,1227,1225,1224,1223,1221,1220,1218,1217,1215,1214,1212,1211,1209,1208,1207,1205,1204,1202,1201,1199,1198,1196,1195,1194,1192,1191,1189,1188,1186,1185,1184,1182,1181,1179,1178,1176,1175,1174,1172,1171,1169,1168,1167,1165,1164,1162,1161,1160,1158,1157,1155,1154,1153,1151,1150,1148,1147,1145,1144,1143,1141,1140,1139,1137,1136,1134,1133,1132,1130,1129,1127,1126,1125,1123,1122,1120,1119,1118,1116,1115,1114,1112,1111,1109,1108,1107,1105,1104,1102,1101,1100,1098,1097,1096,1094,1093,1091,1090,1089,1087,1086,1085,1083,1082,1080,1079,1078,1076,1075,1074,1072,1071,1069,1068,1067,1065,1064,1063,1061,1060,1058,1057,1056,1054,1053,1051,1050,1049,1047,1046,1045,1043,1042,1040,1039,1038,1036,1035,1034,1032,1031,1029,1028,1027,1025,1024,1023,1021,1020,1018,1017,1016,1014,1013,1011,1010,1009,1007,1006,1005,1003,1002,1000,999,998,996,995,993,992,991,989,988,986,985,984,982,981,979,978,977,975,974,972,971,970,968,967,965,964,962,961,960,958,957,955,954,953,951,950,948,947,945,944,943,941,940,938,937,935,934,932,931,930,928,927,925,924,922,921,919,918,916,915,914,912,911,909,908,906,905,903,902,900,899,897,896,894,893,891,890,888,887,885,884,882,881,879,878,876,875,873,872,870,869,867,866,864,862,861,859,858,856,855,853,852,850,848,847,845,844,842,841,839,837,836,834,833,831,829,828,826,825,823,821,820,818,816,815,813,812,810,808,807,805,803,802,800,798,797,795,793,791,790,788,786,785,783,781,779,778,776,774,773,771,769,767,765,764,762,760,758,757,755,753,751,749,748,746,744,742,740,738,736,735,733,731,729,727,725,723,721,719,718,716,714,712,710,708,706,704,702,700,698,696,694,692,690,688,686,684,682,680,678,675,673,671,669,667,665,663,661,658,656,654,652,650,648,645,643,641,639,636,634,632,629,627,625,622,620,618,615,613,611,608,606,603,601,598,596,593,591,588,586,583,581,578,576,573,570,568,565,562,560,557,554,551,549,546,543,540,537,534,531,529,526,523,520,517,514,511,507,504,501,498,495,492,488,485,482,479,475,472,468,465,462,458,454,451,447,444,440,436,433,429,425,421,417,413,409,405,401,397,393,389,384,380,376,371,367,362,357,353,348,343,338,333,328,323,318,313,308,302,297,291,286,280,274,268,262,256,250,243,237,230,224,217,210,203,195,188,180,172,164,156,148,139,130,121,112,102,92,82,72,61,50,38,26,14,1,-13,-27,-42,-57,-73,-90,-109,-128,-148,-170,-194,-220,-248,-280,-316,-357,-406,-466,-545,-663,-912]}