{"borders":[585.4274360585196,494.6946650930782,333.29579378268903,181.2721718258159,82.07012606729388,30.88617864495917,9.831480652220538],"perfs":[3745,3422,3249,3131,3044,2976,2920,2872,2831,2794,2761,2731,2704,2679,2655,2633,2612,2592,2574,2556,2539,2522,2507,2491,2477,2463,2449,2436,2423,2411,2399,2387,2375,2364,2353,2343,2332,2322,2312,2302,2292,2283,2274,2265,2256,2247,2238,2230,2221,2213,2205,2197,2189,2182,2174,2166,2159,2152,2145,2137,2130,2124,2117,2110,2103,2097,2090,2084,2077,2071,2065,2059,2053,2046,2041,2035,2029,2023,2017,2012,2006,2000,1995,1989,1984,1979,1973,1968,1963,1958,1953,1947,1942,1937,1932,1927,1923,1918,1913,1908,1903,1899,1894,1889,1885,1880,1876,1871,1867,1862,1858,1853,1849,1845,1840,1836,1832,1828,1823,1819,1815,1811,1807,1803,1799,1795,1791,1787,1783,1779,1775,1771,1767,1763,1759,1756,1752,1748,1744,1741,1737,1733,1730,1726,1722,1719,1715,1711,1708,1704,1701,1697,1694,1690,1687,1683,1680,1676,1673,1669,1666,1663,1659,1656,1653,1649,1646,1643,1639,1636,1633,1630,1626,1623,1620,1617,1614,1610,1607,1604,1601,1598,1595,1591,1588,1585,1582,1579,1576,1573,1570,1567,1564,1561,1558,1555,1552,1549,1546,1543,1540,1537,1534,1531,1528,1525,1523,1520,1517,1514,1511,1508,1505,1502,1500,1497,1494,1491,1488,1485,1483,1480,1477,1474,1472,1469,1466,1463,1461,1458,1455,1452,1450,1447,1444,1442,1439,1436,1434,1431,1428,1426,1423,1420,1418,1415,1412,1410,1407,1404,1402,1399,1397,1394,1391,1389,1386,1384,1381,1379,1376,1373,1371,1368,1366,1363,1361,1358,1356,1353,1351,1348,1346,1343,1341,1338,1336,1333,1331,1328,1326,1323,1321,1318,1316,1313,1311,1308,1306,1303,1301,1299,1296,1294,1291,1289,1286,1284,1282,1279,1277,1274,1272,1269,1267,1265,1262,1260,1257,1255,1253,1250,1248,1246,1243,1241,1238,1236,1234,1231,1229,1227,1224,1222,1220,1217,1215,1212,1210,1208,1205,1203,1201,1198,1196,1194,1191,1189,1187,1184,1182,1180,1177,1175,1173,1170,1168,1166,1163,1161,1159,1156,1154,1152,1149,1147,1145,1142,1140,1138,1135,1133,1131,1128,1126,1124,1121,1119,1117,1115,1112,1110,1108,1105,1103,1101,1098,1096,1094,1091,1089,1087,1084,1082,1080,1077,1075,1073,1070,1068,1066,1063,1061,1059,1056,1054,1052,1049,1047,1044,1042,1040,1037,1035,1033,1030,1028,1026,1023,1021,1018,1016,1014,1011,1009,1006,1004,1002,999,997,994,992,990,987,985,982,980,977,975,973,970,968,965,963,960,958,955,953,950,948,945,943,940,938,935,933,930,928,925,923,920,917,915,912,910,907,905,902,899,897,894,891,889,886,884,881,878,875,873,870,867,865,862,859,856,854,851,848,845,843,840,837,834,831,828,825,823,820,817,814,811,808,805,802,799,796,793,790,787,784,781,778,775,772,768,765,762,759,756,752,749,746,743,739,736,733,729,726,722,719,716,712,709,705,701,698,694,691,687,683,680,676,672,668,664,661,657,653,649,645,641,637,632,628,624,620,616,611,607,602,598,593,589,584,580,575,570,565,560,555,550,545,540,535,530,524,519,513,508,502,496,490,484,478,472,466,459,453,446,439,432,425,418,411,403,396,388,380,371,363,354,345,336,326,317,307,296,285,274,263,250,238,225,211,196,181,165,148,130,111,90,67,43,15,-15,-49,-89,-136,-195,-273,-389,-637]}