{"borders":[1295.9116803539287,969.934069804378,533.0659301956211,207.08831964606864,61.33037410175964,15.512648476950824,3.7848333038286666],"perfs":[3252,2993,2868,2784,2720,2668,2624,2587,2553,2524,2497,2472,2450,2429,2409,2391,2374,2358,2343,2328,2314,2301,2288,2276,2264,2253,2242,2232,2222,2212,2202,2193,2184,2175,2167,2159,2151,2143,2135,2128,2121,2113,2106,2100,2093,2086,2080,2074,2068,2062,2056,2050,2044,2039,2033,2028,2022,2017,2012,2007,2002,1997,1992,1987,1982,1978,1973,1968,1964,1960,1955,1951,1947,1942,1938,1934,1930,1926,1922,1918,1914,1910,1907,1903,1899,1895,1892,1888,1885,1881,1878,1874,1871,1867,1864,1861,1857,1854,1851,1847,1844,1841,1838,1835,1832,1829,1826,1823,1820,1817,1814,1811,1808,1805,1802,1799,1797,1794,1791,1788,1785,1783,1780,1777,1775,1772,1769,1767,1764,1762,1759,1757,1754,1752,1749,1747,1744,1742,1739,1737,1734,1732,1730,1727,1725,1723,1720,1718,1716,1713,1711,1709,1707,1704,1702,1700,1698,1696,1693,1691,1689,1687,1685,1683,1681,1679,1676,1674,1672,1670,1668,1666,1664,1662,1660,1658,1656,1654,1652,1650,1648,1646,1644,1642,1641,1639,1637,1635,1633,1631,1629,1627,1625,1624,1622,1620,1618,1616,1614,1613,1611,1609,1607,1605,1604,1602,1600,1598,1597,1595,1593,1591,1590,1588,1586,1585,1583,1581,1580,1578,1576,1575,1573,1571,1570,1568,1566,1565,1563,1561,1560,1558,1557,1555,1553,1552,1550,1549,1547,1545,1544,1542,1541,1539,1538,1536,1535,1533,1531,1530,1528,1527,1525,1524,1522,1521,1519,1518,1516,1515,1513,1512,1510,1509,1508,1506,1505,1503,1502,1500,1499,1497,1496,1495,1493,1492,1490,1489,1487,1486,1485,1483,1482,1480,1479,1478,1476,1475,1474,1472,1471,1469,1468,1467,1465,1464,1463,1461,1460,1459,1457,1456,1455,1453,1452,1451,1449,1448,1447,1445,1444,1443,1442,1440,1439,1438,1436,1435,1434,1432,1431,1430,1429,1427,1426,1425,1424,1422,1421,1420,1419,1417,1416,1415,1414,1412,1411,1410,1409,1407,1406,1405,1404,1402,1401,1400,1399,1398,1396,1395,1394,1393,1392,1390,1389,1388,1387,1386,1384,1383,1382,1381,1380,1378,1377,1376,1375,1374,1373,1371,1370,1369,1368,1367,1366,1364,1363,1362,1361,1360,1359,1358,1356,1355,1354,1353,1352,1351,1350,1348,1347,1346,1345,1344,1343,1342,1341,1339,1338,1337,1336,1335,1334,1333,1332,1331,1329,1328,1327,1326,1325,1324,1323,1322,1321,1320,1318,1317,1316,1315,1314,1313,1312,1311,1310,1309,1308,1307,1305,1304,1303,1302,1301,1300,1299,1298,1297,1296,1295,1294,1293,1292,1291,1290,1288,1287,1286,1285,1284,1283,1282,1281,1280,1279,1278,1277,1276,1275,1274,1273,1272,1271,1270,1269,1268,1267,1266,1265,1264,1263,1262,1261,1260,1258,1257,1256,1255,1254,1253,1252,1251,1250,1249,1248,1247,1246,1245,1244,1243,1242,1241,1240,1239,1238,1237,1236,1235,1234,1233,1232,1231,1230,1229,1228,1227,1226,1225,1224,1223,1222,1221,1221,1220,1219,1218,1217,1216,1215,1214,1213,1212,1211,1210,1209,1208,1207,1206,1205,1204,1203,1202,1201,1200,1199,1198,1197,1196,1195,1194,1193,1192,1191,1190,1189,1189,1188,1187,1186,1185,1184,1183,1182,1181,1180,1179,1178,1177,1176,1175,1174,1173,1172,1171,1170,1170,1169,1168,1167,1166,1165,1164,1163,1162,1161,1160,1159,1158,1157,1156,1155,1154,1154,1153,1152,1151,1150,1149,1148,1147,1146,1145,1144,1143,1142,1141,1141,1140,1139,1138,1137,1136,1135,1134,1133,1132,1131,1130,1129,1128,1128,1127,1126,1125,1124,1123,1122,1121,1120,1119,1118,1117,1117,1116,1115,1114,1113,1112,1111,1110,1109,1108,1107,1106,1106,1105,1104,1103,1102,1101,1100,1099,1098,1097,1096,1096,1095,1094,1093,1092,1091,1090,1089,1088,1087,1086,1086,1085,1084,1083,1082,1081,1080,1079,1078,1077,1077,1076,1075,1074,1073,1072,1071,1070,1069,1068,1068,1067,1066,1065,1064,1063,1062,1061,1060,1059,1059,1058,1057,1056,1055,1054,1053,1052,1051,1050,1050,1049,1048,1047,1046,1045,1044,1043,1042,1042,1041,1040,1039,1038,1037,1036,1035,1034,1033,1033,1032,1031,1030,1029,1028,1027,1026,1025,1025,1024,1023,1022,1021,1020,1019,1018,1017,1017,1016,1015,1014,1013,1012,1011,1010,1009,1008,1008,1007,1006,1005,1004,1003,1002,1001,1000,1000,999,998,997,996,995,994,993,992,992,991,990,989,988,987,986,985,984,983,983,982,981,980,979,978,977,976,975,975,974,973,972,971,970,969,968,967,967,966,965,964,963,962,961,960,959,958,958,957,956,955,954,953,952,951,950,950,949,948,947,946,945,944,943,942,941,941,940,939,938,937,936,935,934,933,932,932,931,930,929,928,927,926,925,924,923,923,922,921,920,919,918,917,916,915,914,914,913,912,911,910,909,908,907,906,905,904,904,903,902,901,900,899,898,897,896,895,894,894,893,892,891,890,889,888,887,886,885,884,883,883,882,881,880,879,878,877,876,875,874,873,872,872,871,870,869,868,867,866,865,864,863,862,861,860,859,859,858,857,856,855,854,853,852,851,850,849,848,847,846,846,845,844,843,842,841,840,839,838,837,836,835,834,833,832,831,830,830,829,828,827,826,825,824,823,822,821,820,819,818,817,816,815,814,813,812,811,811,810,809,808,807,806,805,804,803,802,801,800,799,798,797,796,795,794,793,792,791,790,789,788,787,786,785,784,783,782,781,780,779,779,778,777,776,775,774,773,772,771,770,769,768,767,766,765,764,763,762,761,760,759,758,757,756,755,754,753,752,751,750,749,748,747,746,745,744,743,742,740,739,738,737,736,735,734,733,732,731,730,729,728,727,726,725,724,723,722,721,720,719,718,717,716,715,714,713,712,710,709,708,707,706,705,704,703,702,701,700,699,698,697,696,695,693,692,691,690,689,688,687,686,685,684,683,682,680,679,678,677,676,675,674,673,672,671,669,668,667,666,665,664,663,662,661,659,658,657,656,655,654,653,652,650,649,648,647,646,645,644,642,641,640,639,638,637,636,634,633,632,631,630,629,627,626,625,624,623,622,620,619,618,617,616,614,613,612,611,610,608,607,606,605,604,602,601,600,599,598,596,595,594,593,591,590,589,588,586,585,584,583,581,580,579,578,576,575,574,573,571,570,569,568,566,565,564,562,561,560,558,557,556,555,553,552,551,549,548,547,545,544,543,541,540,539,537,536,535,533,532,531,529,528,526,525,524,522,521,520,518,517,515,514,513,511,510,508,507,505,504,503,501,500,498,497,495,494,492,491,490,488,487,485,484,482,481,479,478,476,475,473,472,470,469,467,465,464,462,461,459,458,456,455,453,451,450,448,447,445,443,442,440,439,437,435,434,432,430,429,427,425,424,422,420,419,417,415,414,412,410,409,407,405,403,402,400,398,396,395,393,391,389,387,386,384,382,380,378,376,375,373,371,369,367,365,363,361,359,358,356,354,352,350,348,346,344,342,340,338,336,334,332,330,328,326,324,321,319,317,315,313,311,309,307,304,302,300,298,296,293,291,289,287,284,282,280,277,275,273,270,268,266,263,261,258,256,253,251,248,246,243,241,238,236,233,231,228,225,223,220,217,215,212,209,206,203,201,198,195,192,189,186,183,180,177,174,171,168,165,162,159,156,153,149,146,143,139,136,133,129,126,122,119,115,112,108,105,101,97,93,90,86,82,78,74,70,66,62,58,53,49,45,40,36,32,27,22,18,13,8,3,-2,-7,-12,-17,-22,-28,-33,-39,-44,-50,-56,-62,-68,-74,-80,-86,-93,-100,-106,-113,-121,-128,-135,-143,-151,-159,-167,-175,-184,-193,-202,-212,-222,-232,-242,-253,-264,-276,-288,-301,-314,-328,-343,-358,-374,-391,-409,-429,-450,-472,-497,-524,-553,-587,-624,-668,-720,-784,-868,-993,-1252]}