{"borders":[547.7290603725986,502.59626825034724,386.74753977345875,234.6464146564563,116.00074388432547,46.94986505565702,15.527497458890778],"perfs":[3775,3501,3361,3263,3187,3124,3071,3026,2985,2950,2917,2888,2860,2835,2812,2790,2769,2749,2731,2713,2696,2680,2665,2650,2635,2621,2608,2595,2582,2570,2558,2546,2535,2524,2513,2502,2492,2482,2472,2462,2453,2444,2435,2426,2417,2408,2400,2391,2383,2375,2367,2359,2351,2344,2336,2329,2321,2314,2307,2300,2293,2286,2279,2273,2266,2260,2253,2247,2241,2234,2228,2222,2216,2210,2204,2198,2192,2187,2181,2175,2170,2164,2159,2153,2148,2143,2137,2132,2127,2122,2116,2111,2106,2101,2096,2091,2087,2082,2077,2072,2067,2063,2058,2053,2049,2044,2040,2035,2031,2026,2022,2017,2013,2009,2004,2000,1996,1991,1987,1983,1979,1975,1971,1967,1962,1958,1954,1950,1946,1942,1938,1934,1931,1927,1923,1919,1915,1911,1907,1904,1900,1896,1892,1889,1885,1881,1878,1874,1870,1867,1863,1860,1856,1852,1849,1845,1842,1838,1835,1831,1828,1824,1821,1818,1814,1811,1807,1804,1801,1797,1794,1791,1787,1784,1781,1777,1774,1771,1768,1764,1761,1758,1755,1752,1748,1745,1742,1739,1736,1733,1729,1726,1723,1720,1717,1714,1711,1708,1705,1702,1699,1695,1692,1689,1686,1683,1680,1677,1674,1671,1668,1665,1663,1660,1657,1654,1651,1648,1645,1642,1639,1636,1633,1630,1628,1625,1622,1619,1616,1613,1610,1607,1605,1602,1599,1596,1593,1591,1588,1585,1582,1579,1577,1574,1571,1568,1566,1563,1560,1557,1555,1552,1549,1546,1544,1541,1538,1535,1533,1530,1527,1525,1522,1519,1517,1514,1511,1508,1506,1503,1500,1498,1495,1493,1490,1487,1485,1482,1479,1477,1474,1471,1469,1466,1464,1461,1458,1456,1453,1450,1448,1445,1443,1440,1437,1435,1432,1430,1427,1424,1422,1419,1417,1414,1412,1409,1406,1404,1401,1399,1396,1394,1391,1388,1386,1383,1381,1378,1376,1373,1370,1368,1365,1363,1360,1358,1355,1353,1350,1347,1345,1342,1340,1337,1335,1332,1329,1327,1324,1322,1319,1317,1314,1312,1309,1306,1304,1301,1299,1296,1294,1291,1288,1286,1283,1281,1278,1276,1273,1270,1268,1265,1263,1260,1257,1255,1252,1250,1247,1244,1242,1239,1236,1234,1231,1229,1226,1223,1221,1218,1215,1213,1210,1207,1205,1202,1199,1197,1194,1191,1189,1186,1183,1180,1178,1175,1172,1169,1167,1164,1161,1158,1156,1153,1150,1147,1145,1142,1139,1136,1133,1130,1128,1125,1122,1119,1116,1113,1110,1107,1104,1101,1099,1096,1093,1090,1087,1084,1081,1078,1075,1072,1068,1065,1062,1059,1056,1053,1050,1047,1044,1040,1037,1034,1031,1027,1024,1021,1018,1014,1011,1008,1004,1001,997,994,991,987,984,980,976,973,969,966,962,958,955,951,947,943,940,936,932,928,924,920,916,912,908,904,900,896,892,887,883,879,874,870,866,861,857,852,847,843,838,833,828,823,818,813,808,803,798,793,787,782,776,771,765,759,753,747,741,735,729,722,716,709,702,696,689,681,674,667,659,651,643,635,626,618,609,600,590,580,570,560,549,538,527,515,502,489,475,461,446,430,413,395,376,355,333,308,281,251,216,177,129,71,-7,-123,-371]}