{"borders":[617.9524861529939,569.0189286108264,439.4479560790107,263.36272927990484,125.35366544780172,48.54130418301488,15.857991722780667],"perfs":[3698,3441,3315,3229,3162,3108,3061,3020,2983,2950,2919,2891,2865,2841,2818,2797,2777,2757,2739,2722,2705,2689,2673,2659,2644,2630,2617,2604,2591,2579,2567,2556,2545,2534,2523,2513,2503,2493,2483,2474,2464,2455,2446,2438,2429,2421,2412,2404,2396,2389,2381,2373,2366,2359,2351,2344,2337,2330,2324,2317,2310,2304,2297,2291,2285,2279,2272,2266,2260,2255,2249,2243,2237,2232,2226,2221,2215,2210,2204,2199,2194,2189,2184,2179,2173,2168,2164,2159,2154,2149,2144,2139,2135,2130,2125,2121,2116,2112,2107,2103,2099,2094,2090,2086,2081,2077,2073,2069,2064,2060,2056,2052,2048,2044,2040,2036,2032,2028,2024,2020,2017,2013,2009,2005,2001,1998,1994,1990,1986,1983,1979,1976,1972,1968,1965,1961,1958,1954,1951,1947,1944,1940,1937,1933,1930,1927,1923,1920,1917,1913,1910,1907,1903,1900,1897,1894,1890,1887,1884,1881,1878,1875,1871,1868,1865,1862,1859,1856,1853,1850,1847,1844,1841,1838,1835,1832,1829,1826,1823,1820,1817,1814,1811,1808,1805,1802,1799,1796,1794,1791,1788,1785,1782,1779,1777,1774,1771,1768,1765,1763,1760,1757,1754,1752,1749,1746,1743,1741,1738,1735,1733,1730,1727,1725,1722,1719,1717,1714,1711,1709,1706,1704,1701,1698,1696,1693,1691,1688,1685,1683,1680,1678,1675,1673,1670,1667,1665,1662,1660,1657,1655,1652,1650,1647,1645,1642,1640,1637,1635,1633,1630,1628,1625,1623,1620,1618,1615,1613,1611,1608,1606,1603,1601,1598,1596,1594,1591,1589,1586,1584,1582,1579,1577,1575,1572,1570,1568,1565,1563,1560,1558,1556,1553,1551,1549,1546,1544,1542,1539,1537,1535,1533,1530,1528,1526,1523,1521,1519,1516,1514,1512,1510,1507,1505,1503,1500,1498,1496,1494,1491,1489,1487,1484,1482,1480,1478,1475,1473,1471,1469,1466,1464,1462,1460,1457,1455,1453,1451,1448,1446,1444,1442,1440,1437,1435,1433,1431,1428,1426,1424,1422,1419,1417,1415,1413,1411,1408,1406,1404,1402,1399,1397,1395,1393,1391,1388,1386,1384,1382,1380,1377,1375,1373,1371,1368,1366,1364,1362,1360,1357,1355,1353,1351,1348,1346,1344,1342,1340,1337,1335,1333,1331,1329,1326,1324,1322,1320,1317,1315,1313,1311,1308,1306,1304,1302,1299,1297,1295,1293,1291,1288,1286,1284,1282,1279,1277,1275,1272,1270,1268,1266,1263,1261,1259,1257,1254,1252,1250,1247,1245,1243,1241,1238,1236,1234,1231,1229,1227,1224,1222,1220,1217,1215,1213,1210,1208,1206,1203,1201,1199,1196,1194,1192,1189,1187,1184,1182,1180,1177,1175,1172,1170,1168,1165,1163,1160,1158,1155,1153,1150,1148,1146,1143,1141,1138,1136,1133,1130,1128,1125,1123,1120,1118,1115,1113,1110,1107,1105,1102,1100,1097,1094,1092,1089,1086,1084,1081,1078,1076,1073,1070,1068,1065,1062,1059,1057,1054,1051,1048,1045,1043,1040,1037,1034,1031,1028,1025,1022,1019,1016,1013,1010,1007,1004,1001,998,995,992,989,986,983,980,976,973,970,967,964,960,957,954,950,947,944,940,937,933,930,926,923,919,915,912,908,904,901,897,893,889,886,882,878,874,870,866,862,858,854,849,845,841,836,832,828,823,819,814,810,805,800,795,790,786,781,775,770,765,760,754,749,744,738,732,726,721,715,708,702,696,689,683,676,669,662,655,648,640,633,625,617,609,600,591,583,573,564,554,544,533,522,511,499,487,474,461,446,432,416,399,381,362,342,320,295,269,239,205,165,118,60,-17,-134,-381]}