{"borders":[688.9120259165295,587.8678738305952,397.7117079211904,206.4063666254751,82.55719726572205,25.574843993858277,6.3915199074490525],"perfs":[3382,3130,3010,2929,2868,2817,2775,2738,2705,2676,2649,2624,2601,2580,2560,2541,2523,2506,2490,2475,2460,2446,2433,2420,2407,2395,2383,2372,2361,2350,2340,2329,2320,2310,2301,2291,2282,2274,2265,2257,2249,2241,2233,2225,2217,2210,2203,2195,2188,2181,2175,2168,2161,2155,2148,2142,2136,2130,2124,2118,2112,2106,2100,2094,2089,2083,2078,2072,2067,2062,2057,2051,2046,2041,2036,2031,2026,2022,2017,2012,2007,2003,1998,1993,1989,1984,1980,1975,1971,1967,1962,1958,1954,1950,1945,1941,1937,1933,1929,1925,1921,1917,1913,1909,1905,1902,1898,1894,1890,1886,1883,1879,1875,1872,1868,1864,1861,1857,1854,1850,1847,1843,1840,1836,1833,1829,1826,1823,1819,1816,1813,1809,1806,1803,1800,1796,1793,1790,1787,1784,1781,1777,1774,1771,1768,1765,1762,1759,1756,1753,1750,1747,1744,1741,1738,1735,1732,1729,1726,1723,1721,1718,1715,1712,1709,1706,1703,1701,1698,1695,1692,1690,1687,1684,1681,1679,1676,1673,1670,1668,1665,1662,1660,1657,1655,1652,1649,1647,1644,1641,1639,1636,1634,1631,1629,1626,1624,1621,1618,1616,1613,1611,1608,1606,1603,1601,1599,1596,1594,1591,1589,1586,1584,1581,1579,1577,1574,1572,1569,1567,1565,1562,1560,1558,1555,1553,1551,1548,1546,1544,1541,1539,1537,1534,1532,1530,1527,1525,1523,1521,1518,1516,1514,1512,1509,1507,1505,1503,1500,1498,1496,1494,1492,1489,1487,1485,1483,1481,1478,1476,1474,1472,1470,1467,1465,1463,1461,1459,1457,1455,1452,1450,1448,1446,1444,1442,1440,1437,1435,1433,1431,1429,1427,1425,1423,1421,1419,1417,1414,1412,1410,1408,1406,1404,1402,1400,1398,1396,1394,1392,1390,1388,1386,1384,1382,1379,1377,1375,1373,1371,1369,1367,1365,1363,1361,1359,1357,1355,1353,1351,1349,1347,1345,1343,1341,1339,1337,1335,1333,1331,1329,1327,1325,1323,1321,1319,1317,1316,1314,1312,1310,1308,1306,1304,1302,1300,1298,1296,1294,1292,1290,1288,1286,1284,1282,1280,1278,1276,1274,1273,1271,1269,1267,1265,1263,1261,1259,1257,1255,1253,1251,1249,1247,1246,1244,1242,1240,1238,1236,1234,1232,1230,1228,1226,1224,1222,1221,1219,1217,1215,1213,1211,1209,1207,1205,1203,1201,1199,1198,1196,1194,1192,1190,1188,1186,1184,1182,1180,1178,1176,1175,1173,1171,1169,1167,1165,1163,1161,1159,1157,1155,1153,1152,1150,1148,1146,1144,1142,1140,1138,1136,1134,1132,1130,1129,1127,1125,1123,1121,1119,1117,1115,1113,1111,1109,1107,1105,1103,1101,1100,1098,1096,1094,1092,1090,1088,1086,1084,1082,1080,1078,1076,1074,1072,1070,1068,1066,1064,1062,1060,1058,1056,1054,1052,1051,1049,1047,1045,1043,1041,1039,1037,1035,1033,1031,1029,1027,1025,1023,1020,1018,1016,1014,1012,1010,1008,1006,1004,1002,1000,998,996,994,992,990,988,986,984,982,979,977,975,973,971,969,967,965,963,961,958,956,954,952,950,948,946,943,941,939,937,935,933,930,928,926,924,922,919,917,915,913,911,908,906,904,902,899,897,895,892,890,888,886,883,881,879,876,874,872,869,867,864,862,860,857,855,852,850,848,845,843,840,838,835,833,830,828,825,823,820,818,815,813,810,807,805,802,800,797,794,792,789,786,784,781,778,775,773,770,767,764,762,759,756,753,750,747,744,742,739,736,733,730,727,724,721,718,714,711,708,705,702,699,696,692,689,686,683,679,676,672,669,666,662,659,655,652,648,645,641,637,634,630,626,622,618,615,611,607,603,599,595,591,586,582,578,574,569,565,561,556,551,547,542,538,533,528,523,518,513,508,503,497,492,487,481,475,470,464,458,452,446,440,433,427,420,413,406,399,392,385,377,369,362,353,345,336,328,319,309,299,289,279,268,257,246,234,221,208,194,179,164,148,131,113,93,72,49,24,-4,-35,-70,-111,-159,-219,-299,-417,-668]}