{"borders":[871.1401921308078,755.2355944678997,527.2402871463705,285.8315051036145,120.6497875607678,39.886148871784876,10.490170572013362],"perfs":[3512,3262,3143,3063,3002,2953,2911,2875,2842,2813,2787,2762,2740,2719,2699,2681,2663,2646,2630,2615,2601,2587,2573,2560,2548,2536,2524,2513,2502,2491,2481,2471,2461,2452,2442,2433,2424,2416,2407,2399,2391,2383,2375,2368,2360,2353,2346,2338,2331,2325,2318,2311,2305,2298,2292,2286,2280,2274,2268,2262,2256,2250,2245,2239,2234,2228,2223,2218,2212,2207,2202,2197,2192,2187,2182,2177,2173,2168,2163,2158,2154,2149,2145,2140,2136,2132,2127,2123,2119,2115,2110,2106,2102,2098,2094,2090,2086,2082,2078,2074,2070,2067,2063,2059,2055,2052,2048,2044,2041,2037,2033,2030,2026,2023,2019,2016,2012,2009,2006,2002,1999,1995,1992,1989,1986,1982,1979,1976,1973,1970,1966,1963,1960,1957,1954,1951,1948,1945,1942,1939,1936,1933,1930,1927,1924,1921,1918,1915,1912,1909,1906,1904,1901,1898,1895,1892,1890,1887,1884,1881,1879,1876,1873,1870,1868,1865,1862,1860,1857,1855,1852,1849,1847,1844,1842,1839,1836,1834,1831,1829,1826,1824,1821,1819,1816,1814,1811,1809,1807,1804,1802,1799,1797,1794,1792,1790,1787,1785,1782,1780,1778,1775,1773,1771,1768,1766,1764,1762,1759,1757,1755,1752,1750,1748,1746,1743,1741,1739,1737,1734,1732,1730,1728,1726,1724,1721,1719,1717,1715,1713,1711,1708,1706,1704,1702,1700,1698,1696,1693,1691,1689,1687,1685,1683,1681,1679,1677,1675,1673,1671,1669,1667,1665,1662,1660,1658,1656,1654,1652,1650,1648,1646,1644,1642,1640,1638,1636,1634,1633,1631,1629,1627,1625,1623,1621,1619,1617,1615,1613,1611,1609,1607,1605,1603,1602,1600,1598,1596,1594,1592,1590,1588,1586,1585,1583,1581,1579,1577,1575,1573,1572,1570,1568,1566,1564,1562,1561,1559,1557,1555,1553,1551,1550,1548,1546,1544,1542,1541,1539,1537,1535,1533,1532,1530,1528,1526,1525,1523,1521,1519,1517,1516,1514,1512,1510,1509,1507,1505,1503,1502,1500,1498,1496,1495,1493,1491,1490,1488,1486,1484,1483,1481,1479,1477,1476,1474,1472,1471,1469,1467,1466,1464,1462,1460,1459,1457,1455,1454,1452,1450,1449,1447,1445,1444,1442,1440,1439,1437,1435,1434,1432,1430,1429,1427,1425,1424,1422,1420,1419,1417,1415,1414,1412,1411,1409,1407,1406,1404,1402,1401,1399,1397,1396,1394,1393,1391,1389,1388,1386,1384,1383,1381,1380,1378,1376,1375,1373,1372,1370,1368,1367,1365,1364,1362,1360,1359,1357,1356,1354,1352,1351,1349,1348,1346,1344,1343,1341,1340,1338,1336,1335,1333,1332,1330,1329,1327,1325,1324,1322,1321,1319,1317,1316,1314,1313,1311,1310,1308,1306,1305,1303,1302,1300,1299,1297,1295,1294,1292,1291,1289,1288,1286,1284,1283,1281,1280,1278,1277,1275,1274,1272,1270,1269,1267,1266,1264,1263,1261,1260,1258,1256,1255,1253,1252,1250,1249,1247,1245,1244,1242,1241,1239,1238,1236,1235,1233,1231,1230,1228,1227,1225,1224,1222,1221,1219,1217,1216,1214,1213,1211,1210,1208,1207,1205,1203,1202,1200,1199,1197,1196,1194,1193,1191,1189,1188,1186,1185,1183,1182,1180,1179,1177,1175,1174,1172,1171,1169,1168,1166,1164,1163,1161,1160,1158,1157,1155,1154,1152,1150,1149,1147,1146,1144,1143,1141,1139,1138,1136,1135,1133,1131,1130,1128,1127,1125,1124,1122,1120,1119,1117,1116,1114,1112,1111,1109,1108,1106,1104,1103,1101,1100,1098,1097,1095,1093,1092,1090,1088,1087,1085,1084,1082,1080,1079,1077,1076,1074,1072,1071,1069,1067,1066,1064,1063,1061,1059,1058,1056,1054,1053,1051,1049,1048,1046,1044,1043,1041,1040,1038,1036,1035,1033,1031,1030,1028,1026,1025,1023,1021,1019,1018,1016,1014,1013,1011,1009,1008,1006,1004,1003,1001,999,997,996,994,992,991,989,987,985,984,982,980,978,977,975,973,971,970,968,966,964,962,961,959,957,955,954,952,950,948,946,945,943,941,939,937,935,934,932,930,928,926,924,922,921,919,917,915,913,911,909,907,906,904,902,900,898,896,894,892,890,888,886,884,882,880,878,876,874,872,870,868,866,864,862,860,858,856,854,852,850,848,846,844,842,840,838,835,833,831,829,827,825,823,820,818,816,814,812,809,807,805,803,801,798,796,794,791,789,787,785,782,780,778,775,773,770,768,766,763,761,758,756,753,751,748,746,743,741,738,736,733,731,728,726,723,720,718,715,712,710,707,704,701,699,696,693,690,687,684,682,679,676,673,670,667,664,661,658,655,652,649,645,642,639,636,633,629,626,623,619,616,613,609,606,602,599,595,592,588,584,581,577,573,569,566,562,558,554,550,546,542,537,533,529,525,520,516,511,507,502,498,493,488,483,478,473,468,463,458,453,447,442,436,431,425,419,413,407,401,395,388,382,375,368,361,354,347,339,332,324,316,307,299,290,281,272,262,253,243,232,221,210,198,186,173,160,146,132,117,101,84,66,47,26,4,-19,-45,-74,-106,-142,-183,-232,-293,-373,-492,-743]}