{"borders":[520.8944133378963,447.55050472705915,306.11159288146604,164.22604617196953,71.51189515065421,25.79081882309962,7.572458468681872],"perfs":[3486,3218,3086,2996,2928,2872,2824,2783,2747,2714,2684,2656,2631,2607,2584,2563,2543,2524,2506,2488,2472,2456,2440,2425,2411,2397,2384,2371,2358,2345,2333,2322,2310,2299,2288,2278,2267,2257,2247,2237,2228,2218,2209,2200,2191,2183,2174,2166,2157,2149,2141,2133,2126,2118,2111,2103,2096,2089,2082,2075,2068,2061,2054,2047,2041,2034,2028,2022,2015,2009,2003,1997,1991,1985,1979,1974,1968,1962,1956,1951,1945,1940,1935,1929,1924,1919,1913,1908,1903,1898,1893,1888,1883,1878,1873,1868,1864,1859,1854,1849,1845,1840,1836,1831,1827,1822,1818,1813,1809,1804,1800,1796,1791,1787,1783,1779,1775,1770,1766,1762,1758,1754,1750,1746,1742,1738,1734,1730,1726,1722,1719,1715,1711,1707,1703,1700,1696,1692,1688,1685,1681,1677,1674,1670,1666,1663,1659,1656,1652,1649,1645,1642,1638,1635,1631,1628,1624,1621,1618,1614,1611,1607,1604,1601,1597,1594,1591,1588,1584,1581,1578,1575,1571,1568,1565,1562,1558,1555,1552,1549,1546,1543,1540,1536,1533,1530,1527,1524,1521,1518,1515,1512,1509,1506,1503,1500,1497,1494,1491,1488,1485,1482,1479,1476,1473,1470,1467,1464,1461,1458,1456,1453,1450,1447,1444,1441,1438,1435,1433,1430,1427,1424,1421,1418,1416,1413,1410,1407,1404,1402,1399,1396,1393,1390,1388,1385,1382,1379,1377,1374,1371,1369,1366,1363,1360,1358,1355,1352,1350,1347,1344,1341,1339,1336,1333,1331,1328,1325,1323,1320,1317,1315,1312,1310,1307,1304,1302,1299,1296,1294,1291,1288,1286,1283,1281,1278,1275,1273,1270,1268,1265,1262,1260,1257,1255,1252,1249,1247,1244,1242,1239,1236,1234,1231,1229,1226,1223,1221,1218,1216,1213,1211,1208,1205,1203,1200,1198,1195,1193,1190,1187,1185,1182,1180,1177,1175,1172,1169,1167,1164,1162,1159,1157,1154,1151,1149,1146,1144,1141,1139,1136,1133,1131,1128,1126,1123,1120,1118,1115,1113,1110,1108,1105,1102,1100,1097,1095,1092,1089,1087,1084,1081,1079,1076,1074,1071,1068,1066,1063,1060,1058,1055,1052,1050,1047,1044,1042,1039,1036,1034,1031,1028,1026,1023,1020,1018,1015,1012,1009,1007,1004,1001,998,996,993,990,987,985,982,979,976,973,971,968,965,962,959,956,953,951,948,945,942,939,936,933,930,927,924,921,918,915,912,909,906,903,900,897,894,891,888,885,882,879,875,872,869,866,863,859,856,853,850,846,843,840,836,833,830,826,823,819,816,813,809,806,802,798,795,791,788,784,780,776,773,769,765,761,758,754,750,746,742,738,734,730,726,721,717,713,709,704,700,696,691,687,682,678,673,668,664,659,654,649,644,639,634,629,624,619,613,608,602,597,591,585,579,573,567,561,555,549,542,536,529,522,515,508,501,493,486,478,470,462,454,445,437,428,418,409,399,389,378,368,356,345,333,320,307,293,279,264,248,231,214,195,174,153,129,103,75,44,8,-33,-82,-142,-221,-340,-590]}