{"borders":[1044.5706826562923,882.2194729501108,586.5850830296159,303.73538479157946,127.62258016469674,41.81418030720799,10.557955800795911],"perfs":[3513,3263,3143,3063,3002,2953,2911,2875,2843,2815,2789,2765,2743,2722,2703,2685,2668,2652,2636,2622,2608,2594,2581,2569,2557,2545,2534,2523,2513,2503,2493,2483,2474,2465,2456,2447,2438,2430,2422,2414,2406,2399,2391,2384,2377,2369,2362,2356,2349,2342,2336,2329,2323,2317,2311,2305,2299,2293,2287,2281,2276,2270,2265,2259,2254,2248,2243,2238,2233,2228,2223,2218,2213,2208,2203,2199,2194,2189,2185,2180,2175,2171,2167,2162,2158,2153,2149,2145,2141,2137,2132,2128,2124,2120,2116,2112,2108,2104,2100,2097,2093,2089,2085,2081,2078,2074,2070,2067,2063,2060,2056,2052,2049,2045,2042,2039,2035,2032,2028,2025,2022,2018,2015,2012,2008,2005,2002,1999,1996,1992,1989,1986,1983,1980,1977,1974,1971,1968,1965,1962,1959,1956,1953,1950,1947,1944,1941,1938,1935,1933,1930,1927,1924,1921,1919,1916,1913,1910,1908,1905,1902,1899,1897,1894,1891,1889,1886,1884,1881,1878,1876,1873,1871,1868,1865,1863,1860,1858,1855,1853,1850,1848,1845,1843,1841,1838,1836,1833,1831,1829,1826,1824,1821,1819,1817,1814,1812,1810,1807,1805,1803,1800,1798,1796,1794,1791,1789,1787,1785,1782,1780,1778,1776,1774,1771,1769,1767,1765,1763,1760,1758,1756,1754,1752,1750,1748,1746,1743,1741,1739,1737,1735,1733,1731,1729,1727,1725,1723,1721,1719,1717,1715,1713,1711,1709,1707,1705,1703,1701,1699,1697,1695,1693,1691,1689,1687,1685,1683,1681,1679,1677,1676,1674,1672,1670,1668,1666,1664,1662,1660,1659,1657,1655,1653,1651,1649,1648,1646,1644,1642,1640,1638,1637,1635,1633,1631,1629,1628,1626,1624,1622,1620,1619,1617,1615,1613,1612,1610,1608,1606,1605,1603,1601,1600,1598,1596,1594,1593,1591,1589,1588,1586,1584,1582,1581,1579,1577,1576,1574,1572,1571,1569,1567,1566,1564,1563,1561,1559,1558,1556,1554,1553,1551,1549,1548,1546,1545,1543,1541,1540,1538,1537,1535,1533,1532,1530,1529,1527,1525,1524,1522,1521,1519,1518,1516,1514,1513,1511,1510,1508,1507,1505,1504,1502,1501,1499,1497,1496,1494,1493,1491,1490,1488,1487,1485,1484,1482,1481,1479,1478,1476,1475,1473,1472,1470,1469,1467,1466,1464,1463,1461,1460,1458,1457,1456,1454,1453,1451,1450,1448,1447,1445,1444,1442,1441,1440,1438,1437,1435,1434,1432,1431,1429,1428,1427,1425,1424,1422,1421,1419,1418,1417,1415,1414,1412,1411,1410,1408,1407,1405,1404,1403,1401,1400,1398,1397,1396,1394,1393,1391,1390,1389,1387,1386,1385,1383,1382,1380,1379,1378,1376,1375,1374,1372,1371,1369,1368,1367,1365,1364,1363,1361,1360,1359,1357,1356,1355,1353,1352,1350,1349,1348,1346,1345,1344,1342,1341,1340,1338,1337,1336,1334,1333,1332,1330,1329,1328,1326,1325,1324,1323,1321,1320,1319,1317,1316,1315,1313,1312,1311,1309,1308,1307,1305,1304,1303,1302,1300,1299,1298,1296,1295,1294,1292,1291,1290,1289,1287,1286,1285,1283,1282,1281,1279,1278,1277,1276,1274,1273,1272,1270,1269,1268,1267,1265,1264,1263,1262,1260,1259,1258,1256,1255,1254,1253,1251,1250,1249,1247,1246,1245,1244,1242,1241,1240,1239,1237,1236,1235,1234,1232,1231,1230,1228,1227,1226,1225,1223,1222,1221,1220,1218,1217,1216,1215,1213,1212,1211,1210,1208,1207,1206,1205,1203,1202,1201,1199,1198,1197,1196,1194,1193,1192,1191,1189,1188,1187,1186,1184,1183,1182,1181,1179,1178,1177,1176,1174,1173,1172,1171,1169,1168,1167,1166,1164,1163,1162,1161,1159,1158,1157,1156,1154,1153,1152,1151,1149,1148,1147,1146,1144,1143,1142,1141,1139,1138,1137,1136,1134,1133,1132,1131,1129,1128,1127,1126,1124,1123,1122,1121,1119,1118,1117,1116,1114,1113,1112,1111,1109,1108,1107,1106,1104,1103,1102,1101,1099,1098,1097,1096,1094,1093,1092,1091,1089,1088,1087,1085,1084,1083,1082,1080,1079,1078,1077,1075,1074,1073,1072,1070,1069,1068,1066,1065,1064,1063,1061,1060,1059,1058,1056,1055,1054,1052,1051,1050,1049,1047,1046,1045,1044,1042,1041,1040,1038,1037,1036,1035,1033,1032,1031,1029,1028,1027,1025,1024,1023,1022,1020,1019,1018,1016,1015,1014,1012,1011,1010,1009,1007,1006,1005,1003,1002,1001,999,998,997,995,994,993,991,990,989,987,986,985,983,982,981,979,978,977,975,974,973,971,970,969,967,966,965,963,962,961,959,958,957,955,954,952,951,950,948,947,946,944,943,941,940,939,937,936,935,933,932,930,929,928,926,925,923,922,921,919,918,916,915,913,912,911,909,908,906,905,903,902,901,899,898,896,895,893,892,890,889,887,886,885,883,882,880,879,877,876,874,873,871,870,868,867,865,864,862,861,859,858,856,855,853,851,850,848,847,845,844,842,841,839,837,836,834,833,831,830,828,826,825,823,822,820,818,817,815,814,812,810,809,807,805,804,802,800,799,797,795,794,792,790,789,787,785,784,782,780,778,777,775,773,771,770,768,766,764,763,761,759,757,755,754,752,750,748,746,745,743,741,739,737,735,733,732,730,728,726,724,722,720,718,716,714,712,710,708,707,705,703,701,699,697,694,692,690,688,686,684,682,680,678,676,674,672,670,667,665,663,661,659,657,654,652,650,648,645,643,641,639,636,634,632,629,627,625,622,620,618,615,613,610,608,605,603,600,598,595,593,590,588,585,582,580,577,575,572,569,566,564,561,558,555,553,550,547,544,541,538,535,532,529,526,523,520,517,514,511,508,505,502,498,495,492,488,485,482,478,475,471,468,464,461,457,454,450,446,442,439,435,431,427,423,419,415,411,407,402,398,394,389,385,381,376,371,367,362,357,352,348,343,337,332,327,322,316,311,305,300,294,288,282,276,270,263,257,250,244,237,230,223,215,208,200,193,185,176,168,159,150,141,132,122,112,102,91,80,69,57,45,33,19,6,-9,-24,-39,-56,-73,-92,-112,-133,-155,-179,-206,-235,-267,-303,-345,-394,-455,-535,-654,-904]}