{"borders":[205.27702555601508,186.41208741902534,142.4159332304717,85.11723808878168,40.78457993210221,16.02151697546936,5.2822630352960935],"perfs":[3495,3171,3008,2900,2820,2755,2701,2654,2612,2574,2540,2508,2479,2451,2425,2401,2377,2355,2333,2313,2293,2274,2256,2238,2221,2204,2188,2172,2157,2142,2127,2113,2099,2085,2072,2059,2046,2034,2021,2009,1997,1986,1974,1963,1952,1941,1930,1920,1909,1899,1889,1879,1869,1859,1850,1840,1831,1821,1812,1803,1794,1785,1777,1768,1759,1751,1742,1734,1726,1717,1709,1701,1693,1685,1677,1669,1662,1654,1646,1638,1631,1623,1616,1608,1601,1593,1586,1579,1572,1564,1557,1550,1543,1536,1528,1521,1514,1507,1500,1493,1486,1479,1472,1466,1459,1452,1445,1438,1431,1424,1417,1411,1404,1397,1390,1383,1376,1370,1363,1356,1349,1342,1336,1329,1322,1315,1308,1301,1294,1287,1281,1274,1267,1260,1253,1246,1239,1232,1224,1217,1210,1203,1196,1189,1181,1174,1167,1159,1152,1144,1137,1129,1121,1113,1106,1098,1090,1082,1074,1066,1057,1049,1041,1032,1023,1015,1006,997,988,979,969,960,950,940,930,920,910,899,888,877,866,854,843,831,818,805,792,779,765,750,735,720,703,687,669,650,631,610,588,565,539,512,482,449,411,368,318,256,175,54,-198]}