{"borders":[6.498808778536683,6.492865010040776,6.4576281661261525,6.260334502684194,5.416521060739795,3.6434641136021404,1.9188827199059737],"perfs":[3150,2777,2536,2326,2109,1782]}