{"borders":[13.435382967933677,13.204643458755523,12.757270007283378,12.372219013555677,11.487994363221407,8.528149461523089,3.8844515844045433],"perfs":[3312,3040,2896,2789,2697,2613,2532,2447,2355,2247,2102,1835,989]}