{"borders":[247.1659384679124,185.09336064717886,101.90663935282132,39.83406153208773,12.069951826557203,3.305409762674273,1.0619125011302932],"perfs":[2827,2562,2430,2341,2272,2216,2169,2128,2091,2059,2029,2002,1977,1953,1931,1911,1891,1873,1855,1838,1822,1807,1792,1778,1764,1750,1738,1725,1713,1701,1690,1679,1668,1657,1647,1637,1627,1617,1608,1598,1589,1580,1572,1563,1555,1546,1538,1530,1522,1514,1506,1499,1491,1484,1477,1469,1462,1455,1448,1442,1435,1428,1421,1415,1408,1402,1395,1389,1383,1377,1370,1364,1358,1352,1346,1340,1335,1329,1323,1317,1312,1306,1300,1295,1289,1284,1278,1273,1267,1262,1257,1251,1246,1241,1236,1230,1225,1220,1215,1210,1205,1200,1194,1189,1184,1179,1174,1169,1164,1160,1155,1150,1145,1140,1135,1130,1125,1121,1116,1111,1106,1101,1097,1092,1087,1082,1078,1073,1068,1063,1059,1054,1049,1045,1040,1035,1030,1026,1021,1016,1012,1007,1002,998,993,988,984,979,974,970,965,960,955,951,946,941,937,932,927,922,918,913,908,903,899,894,889,884,879,875,870,865,860,855,850,845,840,836,831,826,821,816,811,806,800,795,790,785,780,775,770,764,759,754,749,743,738,733,727,722,716,711,705,700,694,688,683,677,671,665,660,654,648,642,636,630,623,617,611,605,598,592,585,579,572,565,558,552,545,538,531,523,516,509,501,494,486,478,470,462,454,445,437,428,420,411,402,392,383,373,363,353,343,332,321,310,299,287,275,262,250,236,222,208,193,178,162,145,127,109,89,69,47,23,-2,-29,-59,-91,-128,-169,-216,-272,-341,-430,-562,-827]}