{"borders":[636.9959443403046,476.8275485719162,262.17245142808355,102.00405565969609,30.384203033938245,7.855381776462009,2.066881801811247],"perfs":[3072,2811,2684,2597,2532,2478,2433,2395,2360,2330,2302,2277,2253,2232,2211,2192,2175,2158,2142,2126,2112,2098,2084,2072,2059,2047,2036,2025,2014,2004,1994,1984,1975,1965,1956,1948,1939,1931,1923,1915,1907,1899,1892,1884,1877,1870,1863,1857,1850,1843,1837,1831,1825,1818,1812,1807,1801,1795,1789,1784,1778,1773,1768,1762,1757,1752,1747,1742,1737,1732,1727,1723,1718,1713,1709,1704,1700,1695,1691,1686,1682,1678,1674,1669,1665,1661,1657,1653,1649,1645,1641,1637,1633,1630,1626,1622,1618,1615,1611,1607,1604,1600,1596,1593,1589,1586,1582,1579,1576,1572,1569,1566,1562,1559,1556,1552,1549,1546,1543,1540,1536,1533,1530,1527,1524,1521,1518,1515,1512,1509,1506,1503,1500,1497,1494,1491,1488,1486,1483,1480,1477,1474,1471,1469,1466,1463,1460,1458,1455,1452,1450,1447,1444,1442,1439,1436,1434,1431,1429,1426,1423,1421,1418,1416,1413,1411,1408,1406,1403,1401,1398,1396,1393,1391,1388,1386,1383,1381,1379,1376,1374,1372,1369,1367,1364,1362,1360,1357,1355,1353,1350,1348,1346,1344,1341,1339,1337,1334,1332,1330,1328,1325,1323,1321,1319,1317,1314,1312,1310,1308,1306,1303,1301,1299,1297,1295,1293,1290,1288,1286,1284,1282,1280,1278,1276,1273,1271,1269,1267,1265,1263,1261,1259,1257,1255,1253,1251,1248,1246,1244,1242,1240,1238,1236,1234,1232,1230,1228,1226,1224,1222,1220,1218,1216,1214,1212,1210,1208,1206,1204,1202,1200,1198,1196,1194,1192,1191,1189,1187,1185,1183,1181,1179,1177,1175,1173,1171,1169,1167,1165,1163,1162,1160,1158,1156,1154,1152,1150,1148,1146,1144,1143,1141,1139,1137,1135,1133,1131,1129,1128,1126,1124,1122,1120,1118,1116,1114,1113,1111,1109,1107,1105,1103,1101,1100,1098,1096,1094,1092,1090,1088,1087,1085,1083,1081,1079,1077,1076,1074,1072,1070,1068,1066,1065,1063,1061,1059,1057,1055,1054,1052,1050,1048,1046,1045,1043,1041,1039,1037,1035,1034,1032,1030,1028,1026,1025,1023,1021,1019,1017,1015,1014,1012,1010,1008,1006,1005,1003,1001,999,997,995,994,992,990,988,986,985,983,981,979,977,975,974,972,970,968,966,965,963,961,959,957,955,954,952,950,948,946,945,943,941,939,937,935,934,932,930,928,926,924,923,921,919,917,915,913,912,910,908,906,904,902,900,899,897,895,893,891,889,887,886,884,882,880,878,876,874,872,871,869,867,865,863,861,859,857,856,854,852,850,848,846,844,842,840,838,837,835,833,831,829,827,825,823,821,819,817,815,813,811,809,808,806,804,802,800,798,796,794,792,790,788,786,784,782,780,778,776,774,772,770,768,766,764,762,760,758,756,754,752,749,747,745,743,741,739,737,735,733,731,729,727,724,722,720,718,716,714,712,710,707,705,703,701,699,697,694,692,690,688,686,683,681,679,677,675,672,670,668,666,663,661,659,656,654,652,650,647,645,643,640,638,636,633,631,628,626,624,621,619,617,614,612,609,607,604,602,599,597,594,592,589,587,584,582,579,577,574,571,569,566,564,561,558,556,553,550,548,545,542,540,537,534,531,529,526,523,520,517,514,512,509,506,503,500,497,494,491,488,485,482,479,476,473,470,467,464,460,457,454,451,448,444,441,438,434,431,428,424,421,418,414,411,407,404,400,396,393,389,385,382,378,374,370,367,363,359,355,351,347,343,339,335,331,326,322,318,314,309,305,300,296,291,287,282,277,273,268,263,258,253,248,243,238,232,227,222,216,211,205,199,193,188,182,175,169,163,157,150,143,137,130,123,116,108,101,93,85,77,69,61,52,44,35,25,16,6,-4,-14,-25,-36,-47,-59,-72,-84,-98,-112,-126,-142,-158,-175,-192,-211,-232,-253,-277,-302,-330,-360,-395,-433,-478,-532,-597,-684,-811,-1072]}