{"borders":[634.4072712055755,474.8894418038723,261.1105581961282,101.59272879442406,30.262419418485436,7.824985790616287,2.059982090061852],"perfs":[3071,2810,2682,2596,2530,2477,2432,2394,2359,2329,2301,2276,2252,2230,2210,2191,2173,2156,2140,2125,2111,2097,2083,2070,2058,2046,2035,2024,2013,2003,1993,1983,1973,1964,1955,1946,1938,1929,1921,1913,1906,1898,1890,1883,1876,1869,1862,1855,1849,1842,1836,1829,1823,1817,1811,1805,1799,1794,1788,1783,1777,1772,1766,1761,1756,1751,1746,1741,1736,1731,1726,1721,1717,1712,1707,1703,1698,1694,1689,1685,1681,1676,1672,1668,1664,1660,1656,1652,1648,1644,1640,1636,1632,1628,1624,1621,1617,1613,1609,1606,1602,1599,1595,1591,1588,1584,1581,1578,1574,1571,1567,1564,1561,1557,1554,1551,1548,1544,1541,1538,1535,1532,1529,1526,1522,1519,1516,1513,1510,1507,1504,1501,1498,1496,1493,1490,1487,1484,1481,1478,1475,1473,1470,1467,1464,1462,1459,1456,1453,1451,1448,1445,1443,1440,1437,1435,1432,1429,1427,1424,1422,1419,1417,1414,1411,1409,1406,1404,1401,1399,1396,1394,1392,1389,1387,1384,1382,1379,1377,1375,1372,1370,1367,1365,1363,1360,1358,1356,1353,1351,1349,1346,1344,1342,1339,1337,1335,1333,1330,1328,1326,1324,1321,1319,1317,1315,1312,1310,1308,1306,1304,1302,1299,1297,1295,1293,1291,1289,1286,1284,1282,1280,1278,1276,1274,1271,1269,1267,1265,1263,1261,1259,1257,1255,1253,1251,1249,1247,1244,1242,1240,1238,1236,1234,1232,1230,1228,1226,1224,1222,1220,1218,1216,1214,1212,1210,1208,1206,1204,1202,1200,1198,1196,1194,1192,1190,1188,1186,1185,1183,1181,1179,1177,1175,1173,1171,1169,1167,1165,1163,1161,1159,1157,1156,1154,1152,1150,1148,1146,1144,1142,1140,1138,1137,1135,1133,1131,1129,1127,1125,1123,1121,1120,1118,1116,1114,1112,1110,1108,1107,1105,1103,1101,1099,1097,1095,1093,1092,1090,1088,1086,1084,1082,1081,1079,1077,1075,1073,1071,1069,1068,1066,1064,1062,1060,1058,1057,1055,1053,1051,1049,1047,1046,1044,1042,1040,1038,1036,1035,1033,1031,1029,1027,1026,1024,1022,1020,1018,1016,1015,1013,1011,1009,1007,1005,1004,1002,1000,998,996,995,993,991,989,987,985,984,982,980,978,976,974,973,971,969,967,965,964,962,960,958,956,954,953,951,949,947,945,943,942,940,938,936,934,932,931,929,927,925,923,921,919,918,916,914,912,910,908,907,905,903,901,899,897,895,893,892,890,888,886,884,882,880,879,877,875,873,871,869,867,865,863,862,860,858,856,854,852,850,848,846,844,843,841,839,837,835,833,831,829,827,825,823,821,819,817,815,814,812,810,808,806,804,802,800,798,796,794,792,790,788,786,784,782,780,778,776,774,772,770,768,766,764,762,760,758,756,753,751,749,747,745,743,741,739,737,735,733,731,729,726,724,722,720,718,716,714,711,709,707,705,703,701,698,696,694,692,690,688,685,683,681,679,676,674,672,670,667,665,663,661,658,656,654,651,649,647,644,642,640,637,635,633,630,628,625,623,621,618,616,613,611,608,606,604,601,599,596,594,591,589,586,583,581,578,576,573,571,568,565,563,560,557,555,552,549,547,544,541,538,536,533,530,527,525,522,519,516,513,510,507,504,502,499,496,493,490,487,484,481,478,474,471,468,465,462,459,456,452,449,446,443,439,436,433,429,426,422,419,416,412,409,405,401,398,394,391,387,383,379,376,372,368,364,360,356,352,348,344,340,336,332,328,324,319,315,311,306,302,297,293,288,283,279,274,269,264,259,254,249,244,239,234,228,223,217,212,206,201,195,189,183,177,171,164,158,151,145,138,131,124,117,110,102,94,87,79,71,62,54,45,36,27,17,7,-3,-13,-24,-35,-46,-58,-70,-83,-97,-111,-125,-140,-156,-173,-191,-210,-230,-252,-276,-301,-329,-359,-394,-432,-477,-530,-596,-682,-810,-1071]}