{"borders":[259.2439203124131,194.13290311355775,106.86709688644254,41.756079687587,12.637392054396216,3.447694693194832,1.0926846757804523],"perfs":[2840,2574,2443,2354,2285,2230,2183,2142,2105,2073,2043,2016,1991,1968,1946,1925,1906,1888,1870,1853,1837,1822,1807,1793,1780,1766,1754,1741,1729,1718,1706,1695,1684,1674,1664,1654,1644,1634,1625,1616,1607,1598,1589,1581,1572,1564,1556,1548,1540,1532,1525,1517,1510,1503,1495,1488,1481,1474,1468,1461,1454,1447,1441,1434,1428,1422,1415,1409,1403,1397,1391,1385,1379,1373,1367,1361,1356,1350,1344,1339,1333,1328,1322,1317,1311,1306,1301,1295,1290,1285,1279,1274,1269,1264,1259,1254,1249,1244,1239,1234,1229,1224,1219,1214,1209,1204,1199,1195,1190,1185,1180,1175,1171,1166,1161,1157,1152,1147,1143,1138,1133,1129,1124,1119,1115,1110,1106,1101,1097,1092,1088,1083,1078,1074,1069,1065,1060,1056,1051,1047,1042,1038,1034,1029,1025,1020,1016,1011,1007,1002,998,993,989,984,980,975,971,966,962,958,953,949,944,940,935,931,926,922,917,912,908,903,899,894,890,885,881,876,871,867,862,857,853,848,843,839,834,829,825,820,815,810,805,801,796,791,786,781,776,771,766,761,756,751,746,741,736,731,726,721,715,710,705,699,694,689,683,678,672,667,661,656,650,644,639,633,627,621,615,609,603,597,591,585,578,572,566,559,553,546,539,532,526,519,512,505,497,490,483,475,468,460,452,444,436,428,419,411,402,393,384,375,366,356,346,336,326,316,305,294,282,271,259,246,234,220,207,193,178,163,147,130,112,94,75,54,32,9,-16,-43,-73,-105,-142,-183,-230,-285,-354,-443,-574,-840]}