{"borders":[210.94003051190984,157.98222996514227,87.01777003485765,34.0599694880902,10.366678007656159,2.8795120576593143,0.9707227080165949],"perfs":[2786,2519,2387,2297,2227,2171,2123,2081,2044,2011,1981,1954,1928,1904,1882,1861,1841,1822,1804,1787,1770,1754,1739,1725,1710,1697,1684,1671,1658,1646,1634,1623,1612,1601,1590,1579,1569,1559,1549,1540,1530,1521,1512,1503,1494,1485,1477,1468,1460,1452,1444,1436,1428,1420,1412,1405,1397,1390,1382,1375,1368,1361,1354,1347,1340,1333,1326,1320,1313,1306,1300,1293,1287,1280,1274,1267,1261,1255,1249,1242,1236,1230,1224,1218,1212,1206,1200,1194,1188,1182,1177,1171,1165,1159,1153,1148,1142,1136,1130,1125,1119,1114,1108,1102,1097,1091,1086,1080,1074,1069,1063,1058,1052,1047,1041,1036,1030,1025,1019,1014,1008,1003,997,992,986,981,975,970,964,959,953,948,942,937,931,926,920,914,909,903,898,892,886,881,875,870,864,858,852,847,841,835,829,823,818,812,806,800,794,788,782,776,770,764,758,751,745,739,733,726,720,713,707,700,694,687,680,674,667,660,653,646,639,632,625,618,610,603,595,588,580,572,564,556,548,540,532,523,515,506,497,488,479,470,460,451,441,431,421,410,399,388,377,366,354,342,329,316,303,290,275,261,246,230,213,196,178,159,139,118,96,72,46,19,-11,-44,-81,-123,-171,-227,-297,-387,-519,-786]}