{"borders":[53.76806401062847,51.221456508269846,43.53891365717201,29.38126806782563,16.09983798838405,7.580168446876545,2.796863152741145],"perfs":[3205,2923,2774,2666,2578,2503,2436,2375,2319,2266,2216,2169,2125,2083,2042,2004,1967,1932,1898,1865,1834,1804,1774,1745,1717,1690,1663,1636,1610,1584,1558,1532,1506,1480,1453,1426,1399,1372,1343,1314,1283,1252,1219,1184,1146,1106,1062,1014,959,896,819,722,582,308]}