{"borders":[54.31511661787198,53.46872491571354,49.807859028168664,39.72532175367862,24.57068315908204,11.930495056927874,4.467417713256384],"perfs":[3351,3079,2939,2839,2759,2691,2631,2577,2527,2481,2438,2397,2359,2322,2286,2252,2220,2188,2158,2128,2099,2070,2043,2015,1989,1962,1936,1910,1884,1859,1833,1808,1782,1756,1730,1703,1677,1649,1621,1592,1562,1531,1498,1464,1428,1389,1347,1300,1248,1188,1116,1024,892,628]}