{"borders":[269.22928037291234,218.16877423571952,127.97951391061056,57.74694805912925,22.102742110479166,7.759141525868868,2.968479085297802],"perfs":[3323,2981,2795,2670,2576,2502,2440,2388,2343,2302,2266,2233,2203,2175,2149,2124,2101,2079,2058,2039,2020,2002,1984,1968,1952,1936,1921,1907,1893,1879,1866,1853,1841,1828,1816,1805,1793,1782,1771,1761,1750,1740,1730,1720,1710,1701,1692,1682,1673,1664,1656,1647,1639,1630,1622,1614,1606,1598,1590,1583,1575,1567,1560,1553,1546,1538,1531,1524,1518,1511,1504,1497,1491,1484,1478,1471,1465,1459,1453,1447,1440,1434,1428,1423,1417,1411,1405,1399,1394,1388,1383,1377,1372,1366,1361,1355,1350,1345,1339,1334,1329,1324,1319,1314,1309,1304,1299,1294,1289,1284,1279,1274,1269,1265,1260,1255,1250,1246,1241,1236,1232,1227,1223,1218,1213,1209,1204,1200,1195,1191,1187,1182,1178,1173,1169,1165,1160,1156,1151,1147,1143,1139,1134,1130,1126,1121,1117,1113,1109,1104,1100,1096,1092,1087,1083,1079,1075,1071,1066,1062,1058,1054,1050,1045,1041,1037,1033,1028,1024,1020,1016,1012,1007,1003,999,995,990,986,982,978,973,969,965,960,956,952,947,943,938,934,930,925,921,916,912,907,903,898,893,889,884,880,875,870,865,861,856,851,846,841,836,831,826,821,816,811,806,801,796,790,785,780,774,769,763,758,752,746,740,734,729,722,716,710,704,698,691,685,678,671,665,658,651,644,636,629,621,614,606,598,590,582,573,565,556,547,537,528,518,508,498,487,476,465,454,442,429,416,403,389,375,360,344,328,310,292,273,252,230,207,181,154,123,89,51,7,-44,-108,-191,-314,-570]}