{"borders":[798.4280465945689,718.7655374182609,518.7801037034916,282.28079894128007,129.3012448853937,49.54890396116845,15.752493036346468],"perfs":[3703,3443,3316,3228,3160,3105,3057,3016,2979,2946,2916,2888,2862,2838,2816,2795,2775,2756,2738,2721,2705,2689,2674,2659,2646,2632,2619,2606,2594,2582,2571,2560,2549,2538,2528,2518,2508,2498,2489,2479,2470,2462,2453,2444,2436,2428,2420,2412,2404,2397,2389,2382,2374,2367,2360,2353,2346,2340,2333,2326,2320,2314,2307,2301,2295,2289,2283,2277,2271,2265,2259,2254,2248,2243,2237,2232,2226,2221,2216,2211,2205,2200,2195,2190,2185,2180,2175,2171,2166,2161,2156,2152,2147,2142,2138,2133,2129,2124,2120,2116,2111,2107,2103,2098,2094,2090,2086,2082,2078,2074,2070,2065,2062,2058,2054,2050,2046,2042,2038,2034,2031,2027,2023,2019,2016,2012,2008,2005,2001,1997,1994,1990,1987,1983,1980,1976,1973,1970,1966,1963,1959,1956,1953,1949,1946,1943,1940,1936,1933,1930,1927,1923,1920,1917,1914,1911,1908,1905,1902,1899,1895,1892,1889,1886,1883,1880,1877,1875,1872,1869,1866,1863,1860,1857,1854,1851,1849,1846,1843,1840,1837,1835,1832,1829,1826,1824,1821,1818,1815,1813,1810,1807,1805,1802,1799,1797,1794,1792,1789,1786,1784,1781,1779,1776,1774,1771,1768,1766,1763,1761,1758,1756,1754,1751,1749,1746,1744,1741,1739,1736,1734,1732,1729,1727,1725,1722,1720,1717,1715,1713,1710,1708,1706,1704,1701,1699,1697,1694,1692,1690,1688,1685,1683,1681,1679,1676,1674,1672,1670,1668,1665,1663,1661,1659,1657,1655,1652,1650,1648,1646,1644,1642,1640,1638,1635,1633,1631,1629,1627,1625,1623,1621,1619,1617,1615,1613,1611,1609,1607,1605,1603,1601,1599,1597,1595,1593,1591,1589,1587,1585,1583,1581,1579,1577,1575,1573,1571,1569,1567,1565,1563,1561,1559,1557,1556,1554,1552,1550,1548,1546,1544,1542,1540,1539,1537,1535,1533,1531,1529,1527,1526,1524,1522,1520,1518,1516,1515,1513,1511,1509,1507,1506,1504,1502,1500,1498,1497,1495,1493,1491,1489,1488,1486,1484,1482,1481,1479,1477,1475,1474,1472,1470,1468,1467,1465,1463,1461,1460,1458,1456,1454,1453,1451,1449,1448,1446,1444,1442,1441,1439,1437,1436,1434,1432,1431,1429,1427,1426,1424,1422,1421,1419,1417,1416,1414,1412,1411,1409,1407,1406,1404,1402,1401,1399,1397,1396,1394,1392,1391,1389,1387,1386,1384,1383,1381,1379,1378,1376,1374,1373,1371,1370,1368,1366,1365,1363,1361,1360,1358,1357,1355,1353,1352,1350,1349,1347,1345,1344,1342,1341,1339,1337,1336,1334,1333,1331,1329,1328,1326,1325,1323,1321,1320,1318,1317,1315,1313,1312,1310,1309,1307,1306,1304,1302,1301,1299,1298,1296,1295,1293,1291,1290,1288,1287,1285,1283,1282,1280,1279,1277,1276,1274,1272,1271,1269,1268,1266,1265,1263,1261,1260,1258,1257,1255,1254,1252,1250,1249,1247,1246,1244,1242,1241,1239,1238,1236,1235,1233,1231,1230,1228,1227,1225,1224,1222,1220,1219,1217,1216,1214,1212,1211,1209,1208,1206,1204,1203,1201,1200,1198,1196,1195,1193,1192,1190,1188,1187,1185,1184,1182,1180,1179,1177,1176,1174,1172,1171,1169,1167,1166,1164,1163,1161,1159,1158,1156,1154,1153,1151,1149,1148,1146,1145,1143,1141,1140,1138,1136,1135,1133,1131,1130,1128,1126,1125,1123,1121,1120,1118,1116,1114,1113,1111,1109,1108,1106,1104,1103,1101,1099,1097,1096,1094,1092,1090,1089,1087,1085,1084,1082,1080,1078,1077,1075,1073,1071,1069,1068,1066,1064,1062,1061,1059,1057,1055,1053,1051,1050,1048,1046,1044,1042,1040,1039,1037,1035,1033,1031,1029,1027,1026,1024,1022,1020,1018,1016,1014,1012,1010,1008,1006,1004,1003,1001,999,997,995,993,991,989,987,985,983,981,979,977,975,972,970,968,966,964,962,960,958,956,954,952,949,947,945,943,941,939,936,934,932,930,927,925,923,921,918,916,914,912,909,907,905,902,900,897,895,893,890,888,885,883,881,878,876,873,871,868,865,863,860,858,855,853,850,847,845,842,839,836,834,831,828,825,823,820,817,814,811,808,805,802,799,796,793,790,787,784,781,778,775,771,768,765,762,758,755,752,748,745,741,738,734,731,727,723,720,716,712,709,705,701,697,693,689,685,681,677,672,668,664,660,655,651,646,642,637,632,627,622,618,612,607,602,597,592,586,581,575,569,563,557,551,545,539,532,526,519,512,505,498,491,483,475,467,459,451,442,433,424,414,404,394,383,372,361,349,336,323,309,295,279,263,246,227,207,185,161,135,105,71,32,-14,-72,-149,-265,-512]}