{"borders":[128.31105458899293,109.64052574272179,75.0004611978952,40.25599637339871,15.788298684216917,4.904044071182072,1.485016003369334],"perfs":[2963,2695,2560,2466,2394,2334,2283,2238,2198,2162,2129,2099,2070,2044,2019,1995,1973,1951,1930,1910,1891,1873,1855,1838,1821,1804,1788,1772,1757,1742,1727,1712,1698,1684,1670,1656,1643,1630,1616,1603,1590,1578,1565,1552,1540,1528,1516,1503,1491,1479,1468,1456,1444,1432,1421,1409,1398,1386,1375,1364,1353,1342,1330,1319,1308,1297,1286,1275,1265,1254,1243,1232,1221,1211,1200,1189,1179,1168,1157,1147,1136,1125,1114,1104,1093,1082,1071,1061,1050,1039,1028,1017,1006,994,983,972,960,948,937,925,913,901,888,876,863,850,836,823,809,795,780,765,750,734,718,701,683,665,646,626,605,582,559,534,507,478,446,412,373,329,279,220,147,51,-90,-370]}