{"borders":[42.77140072657854,32.126814675709156,17.873185324290844,7.228599273421469,2.4297227044666343,0.9147892580075522,0.5738319298649578],"perfs":[2355,2071,1924,1821,1739,1671,1612,1560,1513,1470,1429,1391,1356,1321,1288,1257,1226,1196,1167,1138,1110,1082,1055,1027,1000,973,945,918,890,862,833,804,774,743,712,679,644,609,571,530,487,440,388,329,261,179,76,-71,-355]}