{"borders":[140.22424082750325,105.0611168146784,57.938883185321615,22.77575917249684,7.038530356310417,2.0492928839595823,0.7972029692233291],"perfs":[2678,2408,2274,2181,2110,2051,2002,1959,1920,1886,1854,1825,1798,1773,1749,1727,1705,1685,1666,1648,1630,1613,1596,1580,1565,1550,1536,1522,1508,1494,1481,1469,1456,1444,1432,1420,1409,1397,1386,1375,1364,1354,1343,1333,1323,1313,1303,1293,1283,1273,1264,1254,1245,1236,1227,1217,1208,1199,1191,1182,1173,1164,1155,1147,1138,1130,1121,1113,1104,1096,1087,1079,1071,1062,1054,1046,1037,1029,1021,1012,1004,996,988,979,971,963,954,946,938,929,921,913,904,896,887,879,870,862,853,845,836,827,818,809,801,792,783,773,764,755,746,736,727,717,707,697,687,677,667,657,646,636,625,614,603,591,580,568,556,544,531,519,506,492,478,464,450,435,420,404,387,370,352,334,315,295,273,251,227,202,175,146,114,80,41,-2,-51,-110,-181,-274,-408,-678]}