{"borders":[133.19480539656664,122.28475913679745,95.45434966240302,58.10154688404356,25.942054333298216,8.660225854965844,2.5714458097857693],"perfs":[3156,2885,2749,2655,2582,2522,2471,2427,2387,2351,2319,2288,2260,2234,2209,2186,2164,2143,2122,2103,2084,2066,2049,2032,2015,1999,1983,1968,1953,1939,1924,1910,1897,1883,1870,1857,1844,1831,1819,1806,1794,1782,1770,1758,1746,1735,1723,1712,1700,1689,1678,1667,1656,1645,1634,1623,1612,1601,1590,1580,1569,1558,1548,1537,1527,1516,1506,1495,1485,1474,1464,1453,1443,1432,1422,1411,1401,1390,1380,1369,1359,1348,1337,1327,1316,1305,1294,1284,1273,1262,1250,1239,1228,1217,1205,1194,1182,1170,1158,1146,1134,1122,1109,1096,1083,1070,1057,1043,1029,1015,1000,985,970,954,938,921,904,886,867,848,827,806,784,760,735,708,679,648,613,574,530,478,414,332,210,-43]}