{"borders":[122.97558281386917,92.15213940212372,50.84786059787625,20.024417186130893,6.224828301134003,1.8458021316547741,0.7555872939456162],"perfs":[2643,2372,2237,2143,2071,2012,1962,1918,1879,1844,1812,1782,1755,1729,1705,1682,1660,1639,1619,1600,1582,1565,1548,1531,1515,1500,1485,1470,1456,1442,1428,1415,1402,1389,1377,1364,1352,1340,1329,1317,1306,1294,1283,1272,1261,1251,1240,1229,1219,1209,1198,1188,1178,1168,1158,1148,1139,1129,1119,1109,1100,1090,1081,1071,1061,1052,1042,1033,1024,1014,1005,995,986,976,967,958,948,939,929,919,910,900,891,881,871,861,852,842,832,822,812,802,791,781,771,760,749,739,728,717,706,694,683,671,660,648,636,623,611,598,585,572,558,544,530,515,500,485,469,452,435,418,400,381,361,340,318,295,271,245,218,188,156,121,82,38,-12,-71,-143,-237,-372,-643]}