{"borders":[277.3508708422651,207.68246988816642,114.31753011183345,44.649129157735146,13.489526755602608,3.6596888234614866,1.138433538260791],"perfs":[2858,2592,2462,2373,2304,2249,2202,2161,2125,2093,2063,2036,2012,1988,1967,1946,1927,1909,1891,1875,1859,1844,1829,1815,1802,1789,1776,1764,1752,1740,1729,1718,1708,1697,1687,1677,1668,1658,1649,1640,1631,1622,1614,1605,1597,1589,1581,1573,1566,1558,1550,1543,1536,1529,1522,1515,1508,1501,1494,1488,1481,1475,1468,1462,1456,1449,1443,1437,1431,1425,1419,1413,1408,1402,1396,1391,1385,1379,1374,1368,1363,1358,1352,1347,1342,1337,1331,1326,1321,1316,1311,1306,1301,1296,1291,1286,1281,1276,1271,1267,1262,1257,1252,1248,1243,1238,1234,1229,1224,1220,1215,1211,1206,1201,1197,1192,1188,1183,1179,1175,1170,1166,1161,1157,1153,1148,1144,1139,1135,1131,1127,1122,1118,1114,1109,1105,1101,1097,1092,1088,1084,1080,1075,1071,1067,1063,1059,1054,1050,1046,1042,1038,1033,1029,1025,1021,1017,1013,1008,1004,1000,996,992,987,983,979,975,971,967,962,958,954,950,946,941,937,933,929,925,920,916,912,908,903,899,895,891,886,882,878,873,869,865,861,856,852,847,843,839,834,830,825,821,817,812,808,803,799,794,789,785,780,776,771,766,762,757,752,748,743,738,733,729,724,719,714,709,704,699,694,689,684,679,674,669,663,658,653,648,642,637,632,626,621,615,609,604,598,592,587,581,575,569,563,557,551,544,538,532,525,519,512,506,499,492,485,478,471,464,457,450,442,434,427,419,411,403,395,386,378,369,360,351,342,332,323,313,303,292,282,271,260,248,236,224,211,198,185,171,156,141,125,109,91,73,54,33,12,-12,-36,-63,-93,-125,-161,-202,-249,-304,-373,-462,-592,-858]}