{"borders":[133.48678065792765,122.91344742876728,95.55317425519239,58.33970103983165,26.7629895408908,8.988960403506786,2.5905785322807846],"perfs":[3152,2885,2753,2661,2590,2532,2482,2439,2400,2364,2332,2302,2274,2248,2224,2200,2178,2157,2136,2117,2098,2080,2062,2045,2028,2012,1996,1981,1966,1951,1936,1922,1908,1894,1881,1867,1854,1841,1828,1815,1803,1790,1778,1766,1753,1741,1730,1718,1706,1694,1683,1671,1660,1649,1637,1626,1615,1604,1593,1582,1571,1560,1549,1538,1527,1517,1506,1495,1485,1474,1463,1453,1442,1432,1421,1410,1400,1389,1379,1368,1358,1347,1336,1326,1315,1305,1294,1283,1272,1261,1251,1240,1229,1217,1206,1195,1184,1172,1160,1149,1137,1125,1113,1100,1088,1075,1062,1049,1035,1021,1007,993,978,963,947,931,914,897,879,860,840,820,798,775,751,724,696,665,631,593,550,499,437,355,235,-17]}