{"borders":[127.82192074504928,120.8995619257312,98.90333917572887,64.97622626481397,35.25711522297398,15.24320821321806,5.343924323730205],"perfs":[3421,3143,3001,2901,2823,2759,2703,2654,2610,2569,2532,2498,2466,2435,2407,2380,2354,2329,2305,2282,2260,2239,2218,2198,2178,2159,2140,2122,2104,2087,2070,2053,2036,2020,2004,1988,1973,1957,1942,1927,1913,1898,1884,1870,1855,1842,1828,1814,1801,1787,1774,1761,1748,1735,1722,1710,1697,1685,1672,1660,1648,1636,1624,1612,1600,1588,1576,1564,1553,1541,1529,1518,1506,1495,1483,1472,1460,1449,1438,1426,1415,1403,1392,1380,1369,1357,1345,1334,1322,1310,1298,1286,1274,1262,1249,1237,1224,1212,1199,1186,1172,1159,1145,1131,1116,1102,1087,1071,1055,1039,1022,1004,986,967,947,926,903,880,854,827,797,764,727,684,635,573,493,374,124]}