{"borders":[280.10495466080874,248.18745174529178,175.82871927412614,93.22422060610447,40.66713632475659,15.138949294905721,5.0192184372759305],"perfs":[3488,3159,2993,2883,2801,2736,2681,2633,2591,2553,2518,2487,2457,2429,2403,2379,2356,2334,2313,2293,2274,2255,2238,2221,2204,2188,2173,2158,2144,2130,2116,2103,2090,2077,2065,2053,2041,2030,2018,2007,1996,1986,1975,1965,1955,1945,1936,1926,1917,1908,1899,1890,1881,1872,1864,1855,1847,1839,1831,1823,1815,1807,1799,1792,1784,1777,1769,1762,1755,1748,1741,1734,1727,1720,1713,1707,1700,1693,1687,1680,1674,1668,1661,1655,1649,1643,1637,1631,1625,1619,1613,1607,1601,1596,1590,1584,1578,1573,1567,1562,1556,1551,1545,1540,1535,1529,1524,1519,1513,1508,1503,1498,1493,1488,1483,1478,1473,1468,1463,1458,1453,1448,1443,1438,1433,1428,1423,1419,1414,1409,1404,1400,1395,1390,1385,1381,1376,1371,1367,1362,1358,1353,1348,1344,1339,1335,1330,1326,1321,1316,1312,1307,1303,1298,1294,1289,1285,1280,1276,1271,1267,1262,1258,1253,1249,1244,1240,1235,1231,1226,1222,1217,1213,1208,1204,1199,1195,1190,1186,1181,1176,1172,1167,1163,1158,1153,1149,1144,1139,1135,1130,1125,1121,1116,1111,1106,1102,1097,1092,1087,1082,1077,1072,1067,1062,1057,1052,1047,1042,1037,1032,1026,1021,1016,1011,1005,1000,994,989,983,978,972,967,961,955,949,943,937,931,925,919,913,907,900,894,887,881,874,867,860,853,846,839,832,824,817,809,801,794,786,777,769,760,752,743,734,725,715,705,695,685,675,664,653,641,630,618,605,592,578,564,550,535,519,502,484,466,446,425,402,378,352,323,291,254,213,163,103,23,-96,-346]}