{"borders":[54.25629923989786,53.22632397085105,49.287877781414096,38.815435289469974,23.607761277016483,11.930214953647841,4.877400168454271],"perfs":[3410,3129,2982,2876,2790,2717,2652,2593,2539,2489,2442,2397,2355,2314,2276,2239,2204,2170,2137,2106,2075,2046,2017,1989,1962,1935,1908,1882,1857,1831,1805,1780,1754,1729,1703,1677,1650,1623,1595,1566,1536,1505,1473,1438,1401,1362,1319,1271,1217,1154,1079,982,843,569]}