{"borders":[98.82584189302737,74.0800031454369,40.91999685456314,16.17415810697266,5.08776572778839,1.5633183907733743,0.6988426649151444],"perfs":[2585,2312,2174,2079,2006,1945,1894,1849,1809,1773,1739,1709,1680,1653,1628,1604,1581,1560,1539,1519,1499,1481,1463,1445,1428,1412,1396,1380,1364,1349,1335,1320,1306,1292,1278,1264,1251,1238,1225,1212,1199,1186,1174,1161,1149,1137,1125,1113,1101,1089,1077,1065,1053,1041,1029,1018,1006,994,982,971,959,947,935,923,911,899,887,875,863,851,839,826,814,801,788,775,762,749,736,722,708,694,680,665,651,636,620,604,588,572,555,537,519,501,481,461,440,419,396,372,347,320,291,261,227,191,151,106,55,-6,-79,-174,-312,-585]}