{"borders":[745.6695446719931,558.1531078544334,306.8468921455673,119.33045532800679,35.48611398396859,9.11960314662754,2.350023288197985],"perfs":[3112,2851,2725,2639,2574,2521,2476,2438,2404,2373,2346,2321,2298,2276,2256,2237,2220,2203,2187,2172,2157,2144,2131,2118,2106,2094,2083,2072,2061,2051,2041,2032,2022,2013,2004,1996,1987,1979,1971,1963,1956,1948,1941,1934,1927,1920,1913,1906,1900,1893,1887,1881,1875,1869,1863,1857,1852,1846,1840,1835,1830,1824,1819,1814,1809,1804,1799,1794,1789,1785,1780,1775,1771,1766,1762,1757,1753,1749,1744,1740,1736,1732,1728,1723,1719,1715,1711,1708,1704,1700,1696,1692,1689,1685,1681,1677,1674,1670,1667,1663,1660,1656,1653,1649,1646,1643,1639,1636,1633,1629,1626,1623,1620,1617,1613,1610,1607,1604,1601,1598,1595,1592,1589,1586,1583,1580,1577,1574,1571,1568,1566,1563,1560,1557,1554,1552,1549,1546,1543,1541,1538,1535,1533,1530,1527,1525,1522,1519,1517,1514,1512,1509,1507,1504,1502,1499,1497,1494,1492,1489,1487,1484,1482,1479,1477,1475,1472,1470,1468,1465,1463,1460,1458,1456,1454,1451,1449,1447,1444,1442,1440,1438,1435,1433,1431,1429,1426,1424,1422,1420,1418,1416,1413,1411,1409,1407,1405,1403,1401,1398,1396,1394,1392,1390,1388,1386,1384,1382,1380,1378,1376,1374,1371,1369,1367,1365,1363,1361,1359,1357,1355,1353,1351,1349,1348,1346,1344,1342,1340,1338,1336,1334,1332,1330,1328,1326,1324,1322,1320,1319,1317,1315,1313,1311,1309,1307,1305,1304,1302,1300,1298,1296,1294,1292,1291,1289,1287,1285,1283,1282,1280,1278,1276,1274,1273,1271,1269,1267,1265,1264,1262,1260,1258,1256,1255,1253,1251,1249,1248,1246,1244,1242,1241,1239,1237,1236,1234,1232,1230,1229,1227,1225,1223,1222,1220,1218,1217,1215,1213,1212,1210,1208,1206,1205,1203,1201,1200,1198,1196,1195,1193,1191,1190,1188,1186,1185,1183,1181,1180,1178,1176,1175,1173,1172,1170,1168,1167,1165,1163,1162,1160,1158,1157,1155,1154,1152,1150,1149,1147,1145,1144,1142,1141,1139,1137,1136,1134,1133,1131,1129,1128,1126,1125,1123,1121,1120,1118,1117,1115,1113,1112,1110,1109,1107,1105,1104,1102,1101,1099,1098,1096,1094,1093,1091,1090,1088,1086,1085,1083,1082,1080,1079,1077,1075,1074,1072,1071,1069,1068,1066,1065,1063,1061,1060,1058,1057,1055,1054,1052,1050,1049,1047,1046,1044,1043,1041,1040,1038,1036,1035,1033,1032,1030,1029,1027,1026,1024,1022,1021,1019,1018,1016,1015,1013,1012,1010,1009,1007,1005,1004,1002,1001,999,998,996,995,993,991,990,988,987,985,984,982,981,979,978,976,974,973,971,970,968,967,965,964,962,960,959,957,956,954,953,951,950,948,946,945,943,942,940,939,937,935,934,932,931,929,928,926,925,923,921,920,918,917,915,914,912,910,909,907,906,904,902,901,899,898,896,895,893,891,890,888,887,885,883,882,880,879,877,875,874,872,871,869,867,866,864,863,861,859,858,856,855,853,851,850,848,846,845,843,842,840,838,837,835,833,832,830,828,827,825,824,822,820,819,817,815,814,812,810,809,807,805,804,802,800,799,797,795,794,792,790,788,787,785,783,782,780,778,777,775,773,771,770,768,766,764,763,761,759,758,756,754,752,751,749,747,745,744,742,740,738,736,735,733,731,729,727,726,724,722,720,718,717,715,713,711,709,708,706,704,702,700,698,696,695,693,691,689,687,685,683,681,680,678,676,674,672,670,668,666,664,662,660,658,656,654,652,651,649,647,645,643,641,639,637,635,633,631,629,626,624,622,620,618,616,614,612,610,608,606,604,602,599,597,595,593,591,589,587,584,582,580,578,576,574,571,569,567,565,562,560,558,556,553,551,549,546,544,542,540,537,535,532,530,528,525,523,521,518,516,513,511,508,506,503,501,498,496,493,491,488,486,483,481,478,475,473,470,467,465,462,459,457,454,451,448,446,443,440,437,434,432,429,426,423,420,417,414,411,408,405,402,399,396,393,390,387,383,380,377,374,371,367,364,361,357,354,351,347,344,340,337,333,330,326,323,319,315,311,308,304,300,296,292,289,285,281,277,272,268,264,260,256,251,247,243,238,234,229,225,220,215,211,206,201,196,191,186,181,176,170,165,160,154,148,143,137,131,125,119,113,107,100,94,87,80,73,66,59,52,44,37,29,21,13,4,-4,-13,-22,-32,-41,-51,-61,-72,-83,-94,-106,-118,-131,-144,-157,-172,-187,-203,-220,-237,-256,-276,-298,-321,-346,-373,-404,-438,-476,-521,-574,-639,-725,-851,-1112]}