{"borders":[31.566421436081473,23.738741662248245,13.261258337751753,5.433578563918525,1.8934665509905013,0.7902728813546258,0.5509989148708356],"perfs":[2269,1979,1827,1719,1633,1560,1497,1440,1389,1340,1295,1252,1211,1171,1132,1094,1056,1019,981,944,906,868,829,789,748,705,660,611,560,503,440,367,281,173,21,-269]}