{"borders":[443.80183147529203,332.24855039671877,182.75144960328132,71.19816852470788,21.310649519129022,5.604622984984047,1.565210774610826],"perfs":[2979,2716,2588,2501,2434,2380,2334,2295,2260,2228,2200,2174,2150,2128,2107,2088,2069,2052,2035,2020,2005,1990,1976,1963,1950,1938,1926,1915,1904,1893,1882,1872,1862,1853,1843,1834,1825,1816,1808,1800,1791,1783,1776,1768,1760,1753,1746,1739,1732,1725,1718,1711,1705,1698,1692,1686,1679,1673,1667,1661,1656,1650,1644,1639,1633,1627,1622,1617,1611,1606,1601,1596,1591,1586,1581,1576,1571,1566,1562,1557,1552,1548,1543,1538,1534,1529,1525,1521,1516,1512,1508,1503,1499,1495,1491,1487,1483,1479,1474,1470,1467,1463,1459,1455,1451,1447,1443,1439,1436,1432,1428,1424,1421,1417,1413,1410,1406,1403,1399,1396,1392,1388,1385,1382,1378,1375,1371,1368,1364,1361,1358,1354,1351,1348,1344,1341,1338,1335,1331,1328,1325,1322,1319,1315,1312,1309,1306,1303,1300,1297,1293,1290,1287,1284,1281,1278,1275,1272,1269,1266,1263,1260,1257,1254,1251,1248,1245,1242,1239,1237,1234,1231,1228,1225,1222,1219,1216,1213,1211,1208,1205,1202,1199,1196,1194,1191,1188,1185,1182,1180,1177,1174,1171,1169,1166,1163,1160,1158,1155,1152,1149,1147,1144,1141,1139,1136,1133,1130,1128,1125,1122,1120,1117,1114,1112,1109,1106,1104,1101,1098,1096,1093,1090,1088,1085,1082,1080,1077,1075,1072,1069,1067,1064,1061,1059,1056,1054,1051,1048,1046,1043,1040,1038,1035,1033,1030,1027,1025,1022,1020,1017,1014,1012,1009,1007,1004,1001,999,996,993,991,988,986,983,980,978,975,973,970,967,965,962,960,957,954,952,949,946,944,941,939,936,933,931,928,925,923,920,918,915,912,910,907,904,902,899,896,894,891,888,886,883,880,878,875,872,870,867,864,861,859,856,853,851,848,845,842,840,837,834,831,829,826,823,820,818,815,812,809,806,804,801,798,795,792,789,787,784,781,778,775,772,769,766,763,761,758,755,752,749,746,743,740,737,734,731,728,725,722,719,716,713,710,707,703,700,697,694,691,688,685,681,678,675,672,669,665,662,659,656,652,649,646,642,639,636,632,629,625,622,618,615,612,608,604,601,597,594,590,587,583,579,576,572,568,564,561,557,553,549,545,541,537,533,530,526,521,517,513,509,505,501,497,492,488,484,479,475,471,466,462,457,452,448,443,438,434,429,424,419,414,409,404,399,394,389,383,378,373,367,361,356,350,344,339,333,327,321,314,308,302,295,289,282,275,268,261,254,247,240,232,224,217,209,200,192,184,175,166,157,147,138,128,118,107,96,85,74,62,50,37,24,10,-5,-20,-35,-52,-69,-88,-107,-128,-150,-174,-200,-228,-260,-295,-334,-380,-434,-501,-588,-716,-979]}