{"borders":[798.8349064483717,719.4845233775202,523.1270325888173,288.21556384223663,132.15090432883275,50.12635269447885,15.226779578109637],"perfs":[3683,3420,3292,3204,3137,3082,3036,2996,2960,2929,2900,2873,2849,2826,2805,2785,2766,2748,2731,2714,2699,2684,2669,2655,2642,2629,2617,2604,2593,2581,2570,2559,2549,2539,2529,2519,2509,2500,2491,2482,2473,2464,2456,2448,2440,2432,2424,2416,2408,2401,2394,2386,2379,2372,2365,2359,2352,2345,2339,2332,2326,2320,2313,2307,2301,2295,2289,2283,2278,2272,2266,2261,2255,2250,2244,2239,2234,2229,2223,2218,2213,2208,2203,2198,2193,2188,2184,2179,2174,2169,2165,2160,2155,2151,2146,2142,2138,2133,2129,2124,2120,2116,2112,2107,2103,2099,2095,2091,2087,2083,2079,2075,2071,2067,2063,2059,2055,2052,2048,2044,2040,2037,2033,2029,2026,2022,2018,2015,2011,2008,2004,2001,1997,1994,1990,1987,1983,1980,1977,1973,1970,1966,1963,1960,1957,1953,1950,1947,1944,1941,1937,1934,1931,1928,1925,1922,1919,1916,1912,1909,1906,1903,1900,1897,1894,1892,1889,1886,1883,1880,1877,1874,1871,1868,1865,1863,1860,1857,1854,1851,1849,1846,1843,1840,1838,1835,1832,1830,1827,1824,1822,1819,1816,1814,1811,1808,1806,1803,1801,1798,1795,1793,1790,1788,1785,1783,1780,1778,1775,1773,1770,1768,1765,1763,1760,1758,1756,1753,1751,1748,1746,1744,1741,1739,1736,1734,1732,1729,1727,1725,1722,1720,1718,1715,1713,1711,1709,1706,1704,1702,1700,1697,1695,1693,1691,1688,1686,1684,1682,1680,1677,1675,1673,1671,1669,1667,1664,1662,1660,1658,1656,1654,1652,1650,1647,1645,1643,1641,1639,1637,1635,1633,1631,1629,1627,1625,1623,1621,1619,1616,1614,1612,1610,1608,1606,1604,1602,1600,1598,1596,1594,1593,1591,1589,1587,1585,1583,1581,1579,1577,1575,1573,1571,1569,1567,1565,1563,1562,1560,1558,1556,1554,1552,1550,1548,1546,1545,1543,1541,1539,1537,1535,1533,1532,1530,1528,1526,1524,1522,1521,1519,1517,1515,1513,1511,1510,1508,1506,1504,1502,1501,1499,1497,1495,1493,1492,1490,1488,1486,1485,1483,1481,1479,1478,1476,1474,1472,1471,1469,1467,1465,1464,1462,1460,1458,1457,1455,1453,1452,1450,1448,1446,1445,1443,1441,1440,1438,1436,1434,1433,1431,1429,1428,1426,1424,1423,1421,1419,1418,1416,1414,1413,1411,1409,1407,1406,1404,1402,1401,1399,1398,1396,1394,1393,1391,1389,1388,1386,1384,1383,1381,1379,1378,1376,1374,1373,1371,1370,1368,1366,1365,1363,1361,1360,1358,1356,1355,1353,1352,1350,1348,1347,1345,1343,1342,1340,1339,1337,1335,1334,1332,1331,1329,1327,1326,1324,1322,1321,1319,1318,1316,1314,1313,1311,1310,1308,1306,1305,1303,1302,1300,1298,1297,1295,1294,1292,1290,1289,1287,1286,1284,1282,1281,1279,1278,1276,1274,1273,1271,1270,1268,1266,1265,1263,1262,1260,1258,1257,1255,1254,1252,1250,1249,1247,1245,1244,1242,1241,1239,1237,1236,1234,1233,1231,1229,1228,1226,1225,1223,1221,1220,1218,1216,1215,1213,1212,1210,1208,1207,1205,1203,1202,1200,1199,1197,1195,1194,1192,1190,1189,1187,1185,1184,1182,1181,1179,1177,1176,1174,1172,1171,1169,1167,1166,1164,1162,1161,1159,1157,1156,1154,1152,1151,1149,1147,1146,1144,1142,1141,1139,1137,1135,1134,1132,1130,1129,1127,1125,1124,1122,1120,1118,1117,1115,1113,1111,1110,1108,1106,1104,1103,1101,1099,1097,1096,1094,1092,1090,1089,1087,1085,1083,1082,1080,1078,1076,1074,1073,1071,1069,1067,1065,1063,1062,1060,1058,1056,1054,1052,1051,1049,1047,1045,1043,1041,1039,1037,1036,1034,1032,1030,1028,1026,1024,1022,1020,1018,1016,1014,1012,1010,1008,1006,1004,1002,1000,998,996,994,992,990,988,986,984,982,980,978,976,974,972,970,968,966,963,961,959,957,955,953,950,948,946,944,942,939,937,935,933,931,928,926,924,921,919,917,914,912,910,907,905,903,900,898,895,893,891,888,886,883,881,878,876,873,871,868,865,863,860,858,855,852,850,847,844,841,839,836,833,830,828,825,822,819,816,813,810,807,804,801,798,795,792,789,786,783,780,777,773,770,767,764,760,757,754,750,747,743,740,736,733,729,726,722,718,714,711,707,703,699,695,691,687,683,679,675,670,666,662,657,653,648,644,639,634,630,625,620,615,610,605,599,594,589,583,578,572,566,560,554,548,542,535,529,522,515,508,501,494,486,479,471,463,454,446,437,428,418,408,398,388,377,365,354,341,328,314,300,285,268,251,232,212,191,167,141,111,78,39,-7,-65,-142,-257,-504]}