{"borders":[63.46934383759338,47.61881384142812,26.381186158571886,10.530656162406606,3.41380518129227,1.1512357731466234,0.618382310063595],"perfs":[2464,2186,2044,1946,1868,1805,1750,1702,1659,1620,1583,1550,1518,1488,1460,1433,1407,1382,1358,1335,1313,1291,1269,1248,1228,1208,1188,1168,1149,1130,1111,1092,1074,1055,1037,1018,1000,982,963,945,926,908,889,870,851,832,812,792,772,752,731,709,687,665,642,618,593,567,540,512,482,450,417,380,341,298,250,195,132,54,-44,-186,-464]}