{"borders":[179.31235524671473,145.478958797742,86.12120724529612,39.87131907499631,15.620677387576134,5.199530703574012,1.6635311018248633],"perfs":[3012,2732,2590,2491,2414,2350,2296,2249,2206,2168,2133,2101,2071,2042,2016,1991,1967,1944,1922,1902,1882,1862,1844,1826,1809,1792,1776,1760,1745,1730,1715,1701,1687,1674,1660,1647,1635,1622,1610,1598,1587,1575,1564,1553,1542,1532,1521,1511,1501,1491,1481,1471,1462,1452,1443,1434,1425,1416,1407,1398,1390,1381,1373,1365,1357,1348,1340,1332,1325,1317,1309,1301,1294,1286,1279,1272,1264,1257,1250,1243,1236,1229,1222,1215,1208,1201,1194,1187,1180,1174,1167,1160,1154,1147,1141,1134,1127,1121,1114,1108,1102,1095,1089,1082,1076,1069,1063,1057,1050,1044,1037,1031,1025,1018,1012,1005,999,992,986,979,973,966,960,953,946,940,933,926,920,913,906,899,892,885,878,871,864,857,849,842,834,827,819,812,804,796,788,780,771,763,755,746,737,728,719,710,700,691,681,671,660,650,639,628,617,605,593,580,567,554,540,526,511,495,479,462,445,426,406,386,364,340,315,288,258,226,190,150,104,51,-15,-99,-223,-479]}