{"borders":[256.6516588525259,192.19228935458798,105.80771064541194,41.348341147474116,12.516342576217532,3.416286507751421,1.0855979794260944],"perfs":[2837,2572,2441,2351,2283,2227,2180,2139,2102,2070,2040,2013,1988,1965,1943,1922,1903,1884,1867,1850,1834,1819,1804,1790,1776,1763,1750,1738,1726,1714,1703,1692,1681,1670,1660,1650,1640,1631,1621,1612,1603,1594,1586,1577,1569,1560,1552,1544,1536,1529,1521,1514,1506,1499,1492,1484,1477,1470,1464,1457,1450,1443,1437,1430,1424,1418,1411,1405,1399,1393,1387,1381,1375,1369,1363,1357,1351,1346,1340,1334,1329,1323,1318,1312,1307,1301,1296,1291,1285,1280,1275,1270,1264,1259,1254,1249,1244,1239,1234,1229,1224,1219,1214,1209,1204,1199,1194,1189,1185,1180,1175,1170,1165,1161,1156,1151,1146,1142,1137,1132,1128,1123,1118,1114,1109,1104,1100,1095,1091,1086,1082,1077,1072,1068,1063,1059,1054,1050,1045,1041,1036,1032,1027,1023,1018,1014,1009,1005,1000,995,991,986,982,977,973,968,964,959,955,950,946,941,937,932,928,923,918,914,909,905,900,896,891,886,882,877,872,868,863,858,854,849,844,839,835,830,825,820,815,811,806,801,796,791,786,781,776,771,766,761,756,751,746,741,736,730,725,720,715,709,704,699,693,688,682,677,671,666,660,654,649,643,637,631,625,619,613,607,601,595,589,582,576,570,563,557,550,543,536,530,523,516,508,501,494,486,479,471,464,456,448,440,431,423,414,406,397,388,379,369,360,350,340,330,319,308,297,286,274,262,250,237,224,210,196,181,166,150,133,116,97,78,57,35,12,-13,-40,-70,-102,-139,-180,-227,-283,-351,-441,-572,-837]}