{"borders":[107.45299773271663,80.53556016137912,44.464439838620834,17.547002267283375,5.493205709249425,1.6641424868253236,0.7189988715979453],"perfs":[2607,2335,2198,2104,2031,1971,1920,1876,1836,1800,1767,1737,1709,1682,1658,1634,1612,1590,1570,1550,1532,1513,1496,1479,1462,1446,1430,1415,1400,1386,1371,1357,1344,1330,1317,1304,1291,1278,1266,1253,1241,1229,1217,1205,1194,1182,1171,1159,1148,1137,1126,1114,1103,1092,1081,1070,1060,1049,1038,1027,1016,1005,995,984,973,962,951,940,930,919,908,897,886,874,863,852,841,829,818,806,795,783,771,759,747,734,722,709,696,683,670,656,643,629,614,600,585,570,554,538,521,504,487,468,450,430,410,388,366,342,318,291,263,233,200,164,124,80,29,-31,-104,-198,-335,-607]}