{"borders":[133.8305197848012,127.88806699723115,111.31529984620794,81.22598307357705,45.17056275111962,18.3695621664204,5.704011032695468],"perfs":[3400,3134,3003,2912,2842,2784,2734,2691,2652,2617,2584,2554,2526,2500,2475,2452,2429,2408,2387,2367,2348,2330,2312,2295,2278,2261,2245,2230,2214,2199,2185,2170,2156,2142,2129,2115,2102,2089,2076,2063,2051,2038,2026,2014,2002,1990,1978,1967,1955,1943,1932,1921,1909,1898,1887,1876,1865,1854,1843,1832,1821,1810,1799,1788,1777,1767,1756,1745,1734,1723,1713,1702,1691,1680,1669,1658,1647,1636,1625,1614,1603,1591,1580,1569,1557,1546,1534,1522,1510,1498,1486,1474,1462,1449,1437,1424,1411,1398,1385,1371,1357,1344,1329,1315,1300,1285,1270,1254,1238,1222,1205,1188,1171,1152,1134,1114,1094,1074,1052,1030,1006,982,956,928,899,867,833,796,754,707,652,585,499,374,117]}