{"borders":[131.16421772722813,123.25102972173362,103.5302793980147,73.07255810497244,39.819567798282314,16.487818208631218,5.337882300329558],"perfs":[3385,3118,2985,2893,2821,2762,2711,2666,2625,2588,2554,2522,2492,2464,2437,2412,2388,2365,2342,2321,2300,2281,2261,2243,2225,2207,2190,2173,2157,2141,2126,2110,2095,2081,2066,2052,2038,2025,2011,1998,1984,1971,1958,1946,1933,1920,1908,1896,1883,1871,1859,1847,1835,1823,1811,1800,1788,1776,1764,1753,1741,1729,1718,1706,1694,1683,1671,1660,1648,1636,1624,1613,1601,1589,1577,1565,1553,1541,1529,1517,1505,1493,1480,1468,1455,1443,1430,1417,1404,1391,1378,1365,1351,1338,1324,1310,1296,1282,1268,1253,1238,1223,1208,1193,1177,1161,1145,1128,1111,1094,1076,1057,1039,1019,1000,979,958,936,913,888,863,836,808,777,743,707,666,620,567,501,417,293,38]}