{"borders":[460.11373024185707,391.5580061713613,258.36540436109425,138.18783305947932,62.2715308333968,22.313683011053744,6.634085482049119],"perfs":[3514,3226,3077,2974,2896,2834,2782,2738,2700,2665,2634,2606,2580,2556,2533,2512,2492,2473,2455,2437,2421,2405,2390,2375,2360,2346,2333,2320,2307,2295,2283,2271,2259,2248,2237,2226,2216,2205,2195,2185,2176,2166,2157,2147,2138,2129,2120,2112,2103,2095,2086,2078,2070,2062,2054,2047,2039,2031,2024,2016,2009,2002,1995,1988,1981,1974,1967,1960,1954,1947,1941,1934,1928,1921,1915,1909,1903,1896,1890,1884,1878,1873,1867,1861,1855,1849,1844,1838,1833,1827,1822,1816,1811,1805,1800,1795,1790,1784,1779,1774,1769,1764,1759,1754,1749,1744,1739,1734,1729,1725,1720,1715,1710,1706,1701,1696,1692,1687,1683,1678,1674,1669,1665,1660,1656,1652,1647,1643,1639,1634,1630,1626,1622,1617,1613,1609,1605,1601,1597,1593,1589,1585,1580,1576,1573,1569,1565,1561,1557,1553,1549,1545,1541,1537,1534,1530,1526,1522,1519,1515,1511,1507,1504,1500,1496,1493,1489,1486,1482,1478,1475,1471,1468,1464,1461,1457,1454,1450,1447,1443,1440,1436,1433,1429,1426,1423,1419,1416,1413,1409,1406,1403,1399,1396,1393,1389,1386,1383,1380,1376,1373,1370,1367,1363,1360,1357,1354,1351,1348,1344,1341,1338,1335,1332,1329,1326,1323,1319,1316,1313,1310,1307,1304,1301,1298,1295,1292,1289,1286,1283,1280,1277,1274,1271,1268,1265,1262,1259,1256,1253,1250,1247,1244,1242,1239,1236,1233,1230,1227,1224,1221,1218,1215,1213,1210,1207,1204,1201,1198,1195,1192,1190,1187,1184,1181,1178,1175,1173,1170,1167,1164,1161,1158,1156,1153,1150,1147,1144,1142,1139,1136,1133,1130,1128,1125,1122,1119,1116,1114,1111,1108,1105,1102,1100,1097,1094,1091,1088,1086,1083,1080,1077,1074,1071,1069,1066,1063,1060,1057,1055,1052,1049,1046,1043,1040,1038,1035,1032,1029,1026,1023,1021,1018,1015,1012,1009,1006,1003,1000,997,995,992,989,986,983,980,977,974,971,968,965,962,959,956,953,950,947,944,941,938,935,932,929,926,923,920,917,914,910,907,904,901,898,895,891,888,885,882,878,875,872,869,865,862,858,855,852,848,845,841,838,834,831,827,824,820,817,813,809,806,802,798,795,791,787,783,779,775,772,768,764,760,756,751,747,743,739,735,730,726,722,717,713,708,704,699,695,690,685,680,676,671,666,661,655,650,645,640,634,629,623,618,612,606,600,594,588,582,575,569,562,555,549,541,534,527,519,512,504,496,488,479,470,461,452,443,433,423,412,401,390,378,366,353,340,326,311,296,279,262,243,223,202,178,153,124,93,57,15,-34,-95,-176,-297,-550]}