{"borders":[123.83544240859443,92.79688365781806,51.203116342181914,20.164557591405494,6.267439578590196,1.8568222442471558,0.7578751723740036],"perfs":[2645,2374,2239,2145,2073,2014,1964,1920,1881,1846,1814,1784,1757,1731,1707,1684,1662,1642,1622,1603,1585,1567,1550,1534,1518,1503,1488,1473,1459,1445,1431,1418,1405,1392,1380,1367,1355,1343,1332,1320,1309,1298,1286,1276,1265,1254,1243,1233,1223,1212,1202,1192,1182,1172,1162,1152,1142,1133,1123,1113,1104,1094,1085,1075,1066,1056,1047,1038,1028,1019,1009,1000,991,981,972,962,953,944,934,925,915,906,896,887,877,867,858,848,838,828,818,808,798,788,777,767,757,746,735,724,714,702,691,680,668,657,645,633,620,608,595,582,569,555,541,527,512,497,482,466,450,433,415,397,378,358,338,316,293,269,243,216,186,154,119,80,36,-14,-73,-145,-239,-374,-645]}