{"borders":[455.8830782053899,341.28851245229964,187.71148754770013,73.11692179461005,21.87528389584781,5.7449298342096435,1.5963337905673363],"perfs":[2986,2723,2595,2508,2441,2387,2342,2302,2267,2236,2208,2182,2158,2136,2115,2095,2077,2060,2043,2028,2013,1998,1984,1971,1959,1946,1934,1923,1912,1901,1891,1881,1871,1861,1852,1843,1834,1825,1817,1808,1800,1792,1784,1777,1769,1762,1755,1748,1741,1734,1727,1720,1714,1707,1701,1695,1689,1683,1677,1671,1665,1659,1654,1648,1642,1637,1632,1626,1621,1616,1611,1606,1601,1596,1591,1586,1581,1576,1571,1567,1562,1558,1553,1548,1544,1540,1535,1531,1526,1522,1518,1514,1510,1505,1501,1497,1493,1489,1485,1481,1477,1473,1469,1465,1462,1458,1454,1450,1447,1443,1439,1435,1432,1428,1425,1421,1417,1414,1410,1407,1403,1400,1396,1393,1390,1386,1383,1379,1376,1373,1369,1366,1363,1359,1356,1353,1350,1347,1343,1340,1337,1334,1331,1327,1324,1321,1318,1315,1312,1309,1306,1303,1300,1297,1294,1291,1288,1285,1282,1279,1276,1273,1270,1267,1264,1261,1258,1255,1253,1250,1247,1244,1241,1238,1235,1233,1230,1227,1224,1221,1219,1216,1213,1210,1207,1205,1202,1199,1196,1194,1191,1188,1186,1183,1180,1177,1175,1172,1169,1167,1164,1161,1159,1156,1153,1151,1148,1145,1143,1140,1137,1135,1132,1130,1127,1124,1122,1119,1116,1114,1111,1109,1106,1103,1101,1098,1096,1093,1091,1088,1085,1083,1080,1078,1075,1073,1070,1067,1065,1062,1060,1057,1055,1052,1050,1047,1044,1042,1039,1037,1034,1032,1029,1027,1024,1022,1019,1016,1014,1011,1009,1006,1004,1001,999,996,994,991,989,986,984,981,978,976,973,971,968,966,963,961,958,956,953,950,948,945,943,940,938,935,933,930,927,925,922,920,917,915,912,909,907,904,902,899,897,894,891,889,886,884,881,878,876,873,870,868,865,863,860,857,855,852,849,847,844,841,839,836,833,831,828,825,823,820,817,814,812,809,806,804,801,798,795,793,790,787,784,781,779,776,773,770,767,765,762,759,756,753,750,747,745,742,739,736,733,730,727,724,721,718,715,712,709,706,703,700,697,694,691,688,685,682,679,676,673,669,666,663,660,657,653,650,647,644,641,637,634,631,627,624,621,617,614,610,607,604,600,597,593,590,586,583,579,575,572,568,565,561,557,553,550,546,542,538,535,531,527,523,519,515,511,507,503,499,495,490,486,482,478,474,469,465,460,456,452,447,442,438,433,429,424,419,414,409,404,399,394,389,384,379,374,368,363,358,352,346,341,335,329,323,317,311,305,299,293,286,280,273,266,259,252,245,238,231,223,216,208,200,192,183,175,166,157,148,139,129,119,109,99,88,77,66,54,41,29,16,2,-13,-28,-43,-60,-77,-95,-115,-136,-158,-182,-208,-236,-267,-302,-342,-387,-441,-508,-595,-723,-986]}