{"borders":[47.08439724207668,35.35497211926103,19.64502788073896,7.915602757923319,2.634902067037365,0.9634964056957472,0.5828945844205602],"perfs":[2382,2099,1954,1851,1771,1705,1647,1596,1550,1508,1468,1432,1397,1364,1333,1303,1273,1245,1217,1191,1164,1138,1113,1087,1062,1037,1012,988,963,938,913,887,862,836,809,783,755,727,697,667,636,603,568,532,492,450,404,353,295,229,149,46,-99,-382]}