{"borders":[35.014451636905136,26.31977211641007,14.680227883589927,5.985548363094877,2.057795863275185,0.8278579527688877,0.5578337692213339],"perfs":[2298,2011,1861,1754,1670,1599,1538,1483,1432,1386,1343,1302,1263,1225,1188,1153,1118,1084,1050,1017,983,950,916,882,847,812,775,737,698,657,614,568,517,462,401,330,246,139,-11,-298]}