{"borders":[68.64063038976688,51.48896223160466,28.511037768395344,11.359369610233138,3.6608178830532263,1.2116100994623782,0.6299740803699653],"perfs":[2486,2209,2068,1970,1893,1830,1776,1729,1686,1648,1612,1579,1548,1519,1491,1465,1440,1416,1392,1370,1348,1327,1306,1286,1266,1247,1228,1209,1191,1173,1155,1137,1120,1102,1085,1068,1051,1034,1017,1000,983,966,949,932,915,898,880,863,845,827,809,791,772,753,734,714,694,673,652,630,608,584,560,535,509,481,452,421,388,352,314,271,224,170,107,30,-68,-209,-486]}