{"borders":[102.64294280446192,78.67437980895683,36.529801539307826,10.882293472555064,2.8689492876065326,0.9482912716108325,0.5769172096453219],"perfs":[2375,2114,1986,1899,1833,1779,1733,1693,1657,1626,1597,1570,1546,1523,1501,1481,1462,1444,1426,1410,1394,1378,1364,1349,1336,1322,1309,1297,1284,1272,1261,1249,1238,1227,1216,1206,1195,1185,1175,1165,1155,1145,1135,1126,1116,1107,1098,1088,1079,1070,1061,1052,1043,1034,1025,1016,1007,998,989,980,971,962,953,944,934,925,916,907,897,888,878,868,858,849,838,828,818,807,796,786,774,763,751,739,727,714,701,688,674,660,645,630,613,597,579,560,541,520,498,474,448,420,389,354,315,270,218,153,68,-56,-313]}