{"borders":[190.56664200803687,182.82120965475244,157.56440925137008,109.55457872954356,56.79746493575075,21.063845546624353,5.6383063218723715],"perfs":[3351,3099,2978,2896,2834,2783,2739,2701,2667,2636,2607,2581,2556,2533,2512,2491,2472,2453,2435,2418,2401,2385,2370,2355,2340,2326,2312,2299,2286,2273,2260,2248,2236,2224,2213,2202,2190,2180,2169,2158,2148,2138,2128,2118,2108,2098,2088,2079,2070,2060,2051,2042,2033,2024,2016,2007,1998,1990,1981,1973,1964,1956,1948,1940,1932,1924,1916,1908,1900,1892,1884,1876,1869,1861,1853,1846,1838,1830,1823,1815,1808,1801,1793,1786,1778,1771,1764,1756,1749,1742,1734,1727,1720,1713,1705,1698,1691,1684,1676,1669,1662,1655,1648,1640,1633,1626,1619,1611,1604,1597,1589,1582,1575,1568,1560,1553,1545,1538,1531,1523,1516,1508,1500,1493,1485,1478,1470,1462,1454,1447,1439,1431,1423,1415,1407,1398,1390,1382,1374,1365,1357,1348,1339,1331,1322,1313,1304,1294,1285,1276,1266,1257,1247,1237,1227,1216,1206,1195,1185,1173,1162,1151,1139,1127,1115,1102,1089,1076,1062,1048,1033,1018,1003,986,969,952,933,913,893,871,847,822,795,765,732,695,653,603,541,461,341,90]}