{"borders":[83.76999365320663,75.86410010922863,56.97839173952469,31.26983977547633,12.397462063058367,4.023890637915801,1.3560330991201066],"perfs":[2936,2649,2503,2402,2324,2261,2207,2160,2118,2080,2045,2012,1982,1954,1927,1901,1877,1853,1831,1809,1788,1767,1748,1728,1710,1691,1673,1656,1638,1621,1604,1588,1572,1556,1540,1524,1508,1493,1477,1462,1447,1432,1416,1401,1386,1371,1356,1341,1325,1310,1295,1279,1264,1248,1232,1216,1200,1183,1166,1149,1132,1114,1096,1078,1059,1039,1019,999,977,955,932,907,882,855,826,796,763,727,688,644,594,537,467,377,247,-14]}