{"borders":[140.70871133903978,123.95826484639082,91.72239543767677,58.19439097962492,29.649057562992553,11.056240227112056,3.2029501363179484],"perfs":[3211,2950,2820,2731,2661,2604,2554,2510,2471,2435,2402,2371,2342,2315,2289,2265,2241,2218,2197,2176,2155,2136,2117,2098,2080,2062,2044,2027,2011,1994,1978,1962,1947,1931,1916,1901,1886,1872,1857,1843,1829,1814,1801,1787,1773,1759,1746,1732,1719,1706,1693,1680,1667,1654,1641,1628,1615,1602,1590,1577,1565,1552,1540,1527,1515,1503,1490,1478,1466,1454,1442,1430,1418,1406,1394,1382,1370,1359,1347,1335,1323,1312,1300,1289,1277,1265,1254,1243,1231,1220,1208,1197,1185,1174,1163,1151,1140,1128,1117,1106,1094,1083,1071,1059,1048,1036,1024,1012,1000,988,976,964,951,939,926,913,900,886,872,858,844,830,815,799,784,767,750,733,715,696,676,655,634,610,586,559,531,500,466,429,387,340,285,221,142,42,-100,-374]}