{"borders":[73.81661445888287,55.3626317034805,30.63736829651952,12.183385541117188,3.9045382222507263,1.2710027894167322,0.6414219107349258],"perfs":[2506,2229,2089,1992,1916,1854,1800,1753,1711,1673,1638,1606,1575,1547,1520,1494,1469,1446,1423,1401,1380,1359,1339,1320,1301,1282,1264,1246,1228,1211,1194,1177,1160,1144,1127,1111,1095,1079,1063,1047,1032,1016,1000,984,968,953,937,921,905,889,873,856,840,823,806,789,772,754,736,718,699,680,661,641,620,599,577,554,531,506,480,453,425,394,362,327,289,247,200,146,84,8,-89,-229,-506]}